﻿"Title","ProductTitles","ProductIds","CreationDate","LegacyName","Id.RevisionNumber","Id.UpdateId","KnowledgebaseArticles","SecurityBulletins","UpdateClassificationTitle","UpdateClassificationId","ProductFamilyTitles","UpdateType","Action"
"Windows Malicious Software Removal Tool - v5.120 (KB890830)","EU Browser Choice Update-For Europe Only
Windows 10 LTSB
Windows 10, version 1903 and later
Windows 10
Windows 11
Windows 8.1","4ea8aeaf-1d28-463e-8179-af9829f81212
d2085b71-5f1f-43a9-880d-ed159016d5c6
b3c75dc1-155f-4be4-b015-3f1a91758e52
a3c2375d-0c8a-42f9-bce0-28333e198407
72e7624a-5b00-45d2-b92f-e561c0a6a160
6407468e-edc7-4ecd-8c32-521f64cee65e","2024/01/09 18:00:00","890830_X86_WIN8TP_MRT_v5.120","200","875cc199-ea38-4e8d-ba95-fb6f57f2de91","890830","","Update Rollups","28bc880e-0592-4cbf-8f95-c79b17911d5f","Windows","Software",""
"Windows Malicious Software Removal Tool - v5.121 (KB890830)","EU Browser Choice Update-For Europe Only
Windows 10 LTSB
Windows 10, version 1903 and later
Windows 10
Windows 11
Windows 8.1","4ea8aeaf-1d28-463e-8179-af9829f81212
d2085b71-5f1f-43a9-880d-ed159016d5c6
b3c75dc1-155f-4be4-b015-3f1a91758e52
a3c2375d-0c8a-42f9-bce0-28333e198407
72e7624a-5b00-45d2-b92f-e561c0a6a160
6407468e-edc7-4ecd-8c32-521f64cee65e","2024/02/13 18:00:00","890830_X86_WIN8TP_MRT_v5.121","200","bdd7c16b-0af1-4e2d-9611-d319b18f3dbb","890830","","Update Rollups","28bc880e-0592-4cbf-8f95-c79b17911d5f","Windows","Software",""
"Windows Malicious Software Removal Tool - v5.122 (KB890830)","EU Browser Choice Update-For Europe Only
Windows 10 LTSB
Windows 10, version 1903 and later
Windows 10
Windows 11
Windows 8.1","4ea8aeaf-1d28-463e-8179-af9829f81212
d2085b71-5f1f-43a9-880d-ed159016d5c6
b3c75dc1-155f-4be4-b015-3f1a91758e52
a3c2375d-0c8a-42f9-bce0-28333e198407
72e7624a-5b00-45d2-b92f-e561c0a6a160
6407468e-edc7-4ecd-8c32-521f64cee65e","2024/03/12 17:00:00","890830_X86_WIN8TP_MRT_v5.122","200","3d67cd0d-bf2c-4e7e-949e-be8bb7610174","890830","","Update Rollups","28bc880e-0592-4cbf-8f95-c79b17911d5f","Windows","Software",""
"Windows Malicious Software Removal Tool - v5.123 (KB890830)","EU Browser Choice Update-For Europe Only
Windows 10 LTSB
Windows 10, version 1903 and later
Windows 10
Windows 11
Windows 8.1","4ea8aeaf-1d28-463e-8179-af9829f81212
d2085b71-5f1f-43a9-880d-ed159016d5c6
b3c75dc1-155f-4be4-b015-3f1a91758e52
a3c2375d-0c8a-42f9-bce0-28333e198407
72e7624a-5b00-45d2-b92f-e561c0a6a160
6407468e-edc7-4ecd-8c32-521f64cee65e","2024/04/09 17:00:00","890830_X86_WIN8TP_MRT_v5.123","200","9e5c2e03-f1c5-4c5f-8366-c248864bd363","890830","","Update Rollups","28bc880e-0592-4cbf-8f95-c79b17911d5f","Windows","Software",""
