﻿"Title","ProductTitles","ProductIds","CreationDate","LegacyName","Id.RevisionNumber","Id.UpdateId","KnowledgebaseArticles","SecurityBulletins","UpdateClassificationTitle","UpdateClassificationId","ProductFamilyTitles","UpdateType","Action"
"Microsoft Edge-WebView2 Runtime Version 95 Update for x64 based Editions (Build 95.0.1020.40)","Microsoft Edge","69010383-ff55-4227-bd6c-d91c26f2643b","2021/11/01 22:00:00","KB0-WV2-Client-x64-Retail","200","8ad2764e-2428-4efc-acfb-34dfb1126054","","","Updates","cd5ffd1e-e932-4e3a-bf74-18bf0b1bbd83","Windows","Software"," < 124.0.2478.67"
"Microsoft Edge-WebView2 Runtime Version 95 Update for x64 based Editions (Build 95.0.1020.44)","Microsoft Edge","69010383-ff55-4227-bd6c-d91c26f2643b","2021/11/04 22:00:00","KB0-WV2-Client-x64-Retail","200","1bf66e74-5109-4810-b512-382eb3751380","","","Updates","cd5ffd1e-e932-4e3a-bf74-18bf0b1bbd83","Windows","Software"," < 124.0.2478.67"
"Microsoft Edge-WebView2 Runtime Version 102 Update for x64 based Editions (Build 102.0.1245.44)","Microsoft Edge","69010383-ff55-4227-bd6c-d91c26f2643b","2022/06/16 21:48:44","KB0-MicrosoftEdge-WV2-Client-x64-Retail","200","059c3c70-74f7-4ec5-b144-2de5e6a4b093","","","Updates","cd5ffd1e-e932-4e3a-bf74-18bf0b1bbd83","Windows","Software"," < 124.0.2478.67"
"Microsoft Edge-WebView2 Runtime Version 109 Update for x64 based Editions (Build 109.0.1518.78)","Microsoft Edge","69010383-ff55-4227-bd6c-d91c26f2643b","2023/02/02 22:54:53","KB0-MicrosoftEdge-WV2-Client-x64-Retail","200","a744501b-6fe9-4cf6-a77b-cb1defafe775","","","Updates","cd5ffd1e-e932-4e3a-bf74-18bf0b1bbd83","Windows","Software"," < 124.0.2478.67"
"Microsoft Edge-WebView2 Runtime Version 110 Update for x64 based Editions (Build 110.0.1587.56)","Microsoft Edge","69010383-ff55-4227-bd6c-d91c26f2643b","2023/02/24 18:00:00","KB0-MicrosoftEdge-WV2-Client-x64-Retail","201","358e29d1-c666-458c-b5d8-bfecc8c362a9","","","Updates","cd5ffd1e-e932-4e3a-bf74-18bf0b1bbd83","Windows","Software"," < 124.0.2478.67"
"Microsoft Edge-WebView2 Runtime Version 110 Update for x64 based Editions (Build 110.0.1587.41)","Microsoft Edge","69010383-ff55-4227-bd6c-d91c26f2643b","2023/02/09 23:09:47","KB0-MicrosoftEdge-WV2-Client-x64-Retail","201","248b46aa-3021-4625-b0b9-251e1b866d7a","","","Updates","cd5ffd1e-e932-4e3a-bf74-18bf0b1bbd83","Windows","Software"," < 124.0.2478.67"
"Microsoft Edge-WebView2 Runtime Version 111 Update for x64 based Editions (Build 111.0.1661.41)","Microsoft Edge","69010383-ff55-4227-bd6c-d91c26f2643b","2023/03/13 21:58:46","KB0-MicrosoftEdge-WV2-Client-x64-Retail","201","5fc47f40-dd01-4414-8bf3-e8613b074797","","","Updates","cd5ffd1e-e932-4e3a-bf74-18bf0b1bbd83","Windows","Software"," < 124.0.2478.67"
"Microsoft Edge-WebView2 Runtime Version 110 Update for x64 based Editions (Build 110.0.1587.46)","Microsoft Edge","69010383-ff55-4227-bd6c-d91c26f2643b","2023/02/14 23:57:08","KB0-MicrosoftEdge-WV2-Client-x64-Retail","201","879126c7-f674-4668-a546-b03aaf1d55e9","","","Updates","cd5ffd1e-e932-4e3a-bf74-18bf0b1bbd83","Windows","Software"," < 124.0.2478.67"
"Microsoft Edge-WebView2 Runtime Version 110 Update for x64 based Editions (Build 110.0.1587.57)","Microsoft Edge","69010383-ff55-4227-bd6c-d91c26f2643b","2023/02/25 21:36:37","KB0-MicrosoftEdge-WV2-Client-x64-Retail","201","72db134b-dd5a-4e6d-adda-0c36c175a655","","","Updates","cd5ffd1e-e932-4e3a-bf74-18bf0b1bbd83","Windows","Software"," < 124.0.2478.67"
"Microsoft Edge-WebView2 Runtime Version 110 Update for x64 based Editions (Build 110.0.1587.49)","Microsoft Edge","69010383-ff55-4227-bd6c-d91c26f2643b","2023/02/16 22:37:59","KB0-MicrosoftEdge-WV2-Client-x64-Retail","201","3c159862-1290-4df9-b093-5c95dbcebde4","","","Updates","cd5ffd1e-e932-4e3a-bf74-18bf0b1bbd83","Windows","Software"," < 124.0.2478.67"
"Microsoft Edge-WebView2 Runtime Version 111 Update for x64 based Editions (Build 111.0.1661.44)","Microsoft Edge","69010383-ff55-4227-bd6c-d91c26f2643b","2023/03/16 21:19:15","KB0-MicrosoftEdge-WV2-Client-x64-Retail","201","f5f04707-04ac-4815-9d80-fcc3abc4394b","","","Updates","cd5ffd1e-e932-4e3a-bf74-18bf0b1bbd83","Windows","Software"," < 124.0.2478.67"
"Microsoft Edge-WebView2 Runtime Version 110 Update for x64 based Editions (Build 110.0.1587.63)","Microsoft Edge","69010383-ff55-4227-bd6c-d91c26f2643b","2023/03/02 23:33:30","KB0-MicrosoftEdge-WV2-Client-x64-Retail","201","d467ffcb-f51f-44bd-abf6-90ac7985633e","","","Updates","cd5ffd1e-e932-4e3a-bf74-18bf0b1bbd83","Windows","Software"," < 124.0.2478.67"
"Microsoft Edge-WebView2 Runtime Version 110 Update for x64 based Editions (Build 110.0.1587.69)","Microsoft Edge","69010383-ff55-4227-bd6c-d91c26f2643b","2023/03/10 0:10:06","KB0-MicrosoftEdge-WV2-Client-x64-Retail","201","bf752be4-d1ad-480b-8c77-986c05ef19e2","","","Updates","cd5ffd1e-e932-4e3a-bf74-18bf0b1bbd83","Windows","Software"," < 124.0.2478.67"
"Microsoft Edge-WebView2 Runtime Version 110 Update for x64 based Editions (Build 110.0.1587.50)","Microsoft Edge","69010383-ff55-4227-bd6c-d91c26f2643b","2023/02/17 21:39:27","KB0-MicrosoftEdge-WV2-Client-x64-Retail","201","b1e3486c-87bf-41bd-8717-b7e11c55e7b8","","","Updates","cd5ffd1e-e932-4e3a-bf74-18bf0b1bbd83","Windows","Software"," < 124.0.2478.67"
"Microsoft Edge-WebView2 Runtime Version 111 Update for x64 based Editions (Build 111.0.1661.43)","Microsoft Edge","69010383-ff55-4227-bd6c-d91c26f2643b","2023/03/15 20:23:42","KB0-MicrosoftEdge-WV2-Client-x64-Retail","201","14958a47-f683-4f89-aef0-ab4411717f6a","","","Updates","cd5ffd1e-e932-4e3a-bf74-18bf0b1bbd83","Windows","Software"," < 124.0.2478.67"
"Microsoft Edge-WebView2 Runtime Version 109 Update for x64 based Editions (Build 109.0.1518.95)","Microsoft Edge","69010383-ff55-4227-bd6c-d91c26f2643b","2023/03/23 19:42:09","KB0-MicrosoftEdge-WV2-Client-x64-Retail","200","54e1be87-f026-4a11-86fc-786227f44419","","","Updates","cd5ffd1e-e932-4e3a-bf74-18bf0b1bbd83","Windows","Software"," < 124.0.2478.67"
"Microsoft Edge-WebView2 Runtime Version 111 Update for x64 based Editions (Build 111.0.1661.51)","Microsoft Edge","69010383-ff55-4227-bd6c-d91c26f2643b","2023/03/22 17:00:00","KB0-MicrosoftEdge-WV2-Client-x64-Retail","200","89271d5d-f300-4be9-80ac-bfa1bba2f516","","","Updates","cd5ffd1e-e932-4e3a-bf74-18bf0b1bbd83","Windows","Software"," < 124.0.2478.67"
"Microsoft Edge-WebView2 Runtime Version 111 Update for x64 based Editions (Build 111.0.1661.54)","Microsoft Edge","69010383-ff55-4227-bd6c-d91c26f2643b","2023/03/24 22:52:40","KB0-MicrosoftEdge-WV2-Client-x64-Retail","200","974f6c8f-0da2-48cf-b27a-f184ea7d00a6","","","Updates","cd5ffd1e-e932-4e3a-bf74-18bf0b1bbd83","Windows","Software"," < 124.0.2478.67"
"Microsoft Edge-WebView2 Runtime Version 112 Update for x64 based Editions (Build 112.0.1722.68)","Microsoft Edge","69010383-ff55-4227-bd6c-d91c26f2643b","2023/05/02 17:00:00","KB0-MicrosoftEdge-WV2-Client-x64-Retail","200","dc8c1af5-1331-410e-8e58-6f16e5171d42","","","Updates","cd5ffd1e-e932-4e3a-bf74-18bf0b1bbd83","Windows","Software"," < 124.0.2478.67"
"Microsoft Edge-WebView2 Runtime Version 112 Update for x64 based Editions (Build 112.0.1722.64)","Microsoft Edge","69010383-ff55-4227-bd6c-d91c26f2643b","2023/04/27 21:50:53","KB0-MicrosoftEdge-WV2-Client-x64-Retail","200","8387b5f2-3a1e-4a68-adad-cfd02ced9b45","","","Updates","cd5ffd1e-e932-4e3a-bf74-18bf0b1bbd83","Windows","Software"," < 124.0.2478.67"
"Microsoft Edge-WebView2 Runtime Version 113 Update for x64 based Editions (Build 113.0.1774.35)","Microsoft Edge","69010383-ff55-4227-bd6c-d91c26f2643b","2023/05/08 17:00:00","KB0-MicrosoftEdge-WV2-Client-x64-Retail","200","650b947b-c8f0-45c9-8c8d-7a610ed7500e","","","Updates","cd5ffd1e-e932-4e3a-bf74-18bf0b1bbd83","Windows","Software"," < 124.0.2478.67"
"Microsoft Edge-WebView2 Runtime Version 113 Update for x64 based Editions (Build 113.0.1774.42)","Microsoft Edge","69010383-ff55-4227-bd6c-d91c26f2643b","2023/05/12 17:00:00","KB0-MicrosoftEdge-WV2-Client-x64-Retail","200","68eaa520-98b1-4969-94b4-6ff06a9ec523","","","Updates","cd5ffd1e-e932-4e3a-bf74-18bf0b1bbd83","Windows","Software"," < 124.0.2478.67"
"Microsoft Edge-WebView2 Runtime Version 113 Update for x64 based Editions (Build 113.0.1774.57)","Microsoft Edge","69010383-ff55-4227-bd6c-d91c26f2643b","2023/05/25 21:10:23","KB0-MicrosoftEdge-WV2-Client-x64-Retail","200","991777be-4b17-4a5c-8f4e-5c5ea4397a4e","","","Updates","cd5ffd1e-e932-4e3a-bf74-18bf0b1bbd83","Windows","Software"," < 124.0.2478.67"
"Microsoft Edge-WebView2 Runtime Version 113 Update for x64 based Editions (Build 113.0.1774.50)","Microsoft Edge","69010383-ff55-4227-bd6c-d91c26f2643b","2023/05/18 21:22:57","KB0-MicrosoftEdge-WV2-Client-x64-Retail","200","7c849ef4-cf89-4d85-98d1-dc2e959ed2ed","","","Updates","cd5ffd1e-e932-4e3a-bf74-18bf0b1bbd83","Windows","Software"," < 124.0.2478.67"
"Microsoft Edge-WebView2 Runtime Version 114 Update for x64 based Editions (Build 114.0.1823.41)","Microsoft Edge","69010383-ff55-4227-bd6c-d91c26f2643b","2023/06/06 23:04:26","KB0-MicrosoftEdge-WV2-Client-x64-Retail","200","1b24ee7d-02ad-46d9-a171-42d20ec30804","","","Updates","cd5ffd1e-e932-4e3a-bf74-18bf0b1bbd83","Windows","Software"," < 124.0.2478.67"
"Microsoft Edge-WebView2 Runtime Version 114 Update for x64 based Editions (Build 114.0.1823.43)","Microsoft Edge","69010383-ff55-4227-bd6c-d91c26f2643b","2023/06/08 20:52:14","KB0-MicrosoftEdge-WV2-Client-x64-Retail","200","d88c305a-b2c1-4a0a-8ec5-6cfc6ea02a63","","","Updates","cd5ffd1e-e932-4e3a-bf74-18bf0b1bbd83","Windows","Software"," < 124.0.2478.67"
"Microsoft Edge-WebView2 Runtime Version 114 Update for x64 based Editions (Build 114.0.1823.37)","Microsoft Edge","69010383-ff55-4227-bd6c-d91c26f2643b","2023/06/02 20:33:30","KB0-MicrosoftEdge-WV2-Client-x64-Retail","200","7dc2b1a2-702e-490f-82b0-d3b2c165a9ce","","","Updates","cd5ffd1e-e932-4e3a-bf74-18bf0b1bbd83","Windows","Software"," < 124.0.2478.67"
"Microsoft Edge-WebView2 Runtime Version 114 Update for x64 based Editions (Build 114.0.1823.55)","Microsoft Edge","69010383-ff55-4227-bd6c-d91c26f2643b","2023/06/19 20:18:39","KB0-MicrosoftEdge-WV2-Client-x64-Retail","200","b7c3e74e-7e08-4d7c-bd69-bb06a6a8ef8d","","","Updates","cd5ffd1e-e932-4e3a-bf74-18bf0b1bbd83","Windows","Software"," < 124.0.2478.67"
"Microsoft Edge-WebView2 Runtime Version 109 Update for x64 based Editions (Build 109.0.1518.115)","Microsoft Edge","69010383-ff55-4227-bd6c-d91c26f2643b","2023/06/13 22:57:21","KB0-MicrosoftEdge-WV2-Client-x64-Retail","202","7c85c4fe-77c6-403f-9ee9-4e3023d7bc77","","","Updates","cd5ffd1e-e932-4e3a-bf74-18bf0b1bbd83","Windows","Software"," < 124.0.2478.67"
"Microsoft Edge-WebView2 Runtime Version 114 Update for x64 based Editions (Build 114.0.1823.51)","Microsoft Edge","69010383-ff55-4227-bd6c-d91c26f2643b","2023/06/15 21:50:55","KB0-MicrosoftEdge-WV2-Client-x64-Retail","200","5aa678dd-0f4b-4c8e-87db-e64e0f93d668","","","Updates","cd5ffd1e-e932-4e3a-bf74-18bf0b1bbd83","Windows","Software"," < 124.0.2478.67"
"Microsoft Edge-WebView2 Runtime Version 114 Update for x64 based Editions (Build 114.0.1823.67)","Microsoft Edge","69010383-ff55-4227-bd6c-d91c26f2643b","2023/06/29 21:54:40","KB0-MicrosoftEdge-WV2-Client-x64-Retail","200","e894e00e-9bd1-4ab3-87fa-df00e9c9c23a","","","Updates","cd5ffd1e-e932-4e3a-bf74-18bf0b1bbd83","Windows","Software"," < 124.0.2478.67"
"Microsoft Edge-WebView2 Runtime Version 114 Update for x64 based Editions (Build 114.0.1823.58)","Microsoft Edge","69010383-ff55-4227-bd6c-d91c26f2643b","2023/06/22 20:29:04","KB0-MicrosoftEdge-WV2-Client-x64-Retail","200","fd04de6a-88b3-40ed-a0bd-007d010a927d","","","Updates","cd5ffd1e-e932-4e3a-bf74-18bf0b1bbd83","Windows","Software"," < 124.0.2478.67"
"Microsoft Edge-WebView2 Runtime Version 114 Update for x64 based Editions (Build 114.0.1823.79)","Microsoft Edge","69010383-ff55-4227-bd6c-d91c26f2643b","2023/07/10 19:49:21","KB0-MicrosoftEdge-WV2-Client-x64-Retail","200","8dce2a6c-dc9e-4c86-9d8d-197f7424ef8c","","","Updates","cd5ffd1e-e932-4e3a-bf74-18bf0b1bbd83","Windows","Software"," < 124.0.2478.67"
"Microsoft Edge-WebView2 Runtime Version 114 Update for x64 based Editions (Build 114.0.1823.86)","Microsoft Edge","69010383-ff55-4227-bd6c-d91c26f2643b","2023/07/17 20:48:15","KB0-MicrosoftEdge-WV2-Client-x64-Retail","200","881fd62d-f2b8-478c-a1b4-98035b6ae29e","","","Updates","cd5ffd1e-e932-4e3a-bf74-18bf0b1bbd83","Windows","Software"," < 124.0.2478.67"
"Microsoft Edge-WebView2 Runtime Version 114 Update for x64 based Editions (Build 114.0.1823.82)","Microsoft Edge","69010383-ff55-4227-bd6c-d91c26f2643b","2023/07/13 20:08:39","KB0-MicrosoftEdge-WV2-Client-x64-Retail","200","4d905d72-10f5-4675-ba51-a1e5a3e32909","","","Updates","cd5ffd1e-e932-4e3a-bf74-18bf0b1bbd83","Windows","Software"," < 124.0.2478.67"
"Microsoft Edge-WebView2 Runtime Version 115 Update for x64 based Editions (Build 115.0.1901.200)","Microsoft Edge","69010383-ff55-4227-bd6c-d91c26f2643b","2023/08/07 19:58:08","KB0-MicrosoftEdge-WV2-Client-x64-Retail","200","e379c52a-10a5-42e6-8cba-820af61c3b58","","","Updates","cd5ffd1e-e932-4e3a-bf74-18bf0b1bbd83","Windows","Software"," < 124.0.2478.67"
"Microsoft Edge-WebView2 Runtime Version 115 Update for x64 based Editions (Build 115.0.1901.183)","Microsoft Edge","69010383-ff55-4227-bd6c-d91c26f2643b","2023/07/21 20:23:27","KB0-MicrosoftEdge-WV2-Client-x64-Retail","200","fb2d50e8-75cf-4fc0-bc22-c47d79be5602","","","Updates","cd5ffd1e-e932-4e3a-bf74-18bf0b1bbd83","Windows","Software"," < 124.0.2478.67"
"Microsoft Edge-WebView2 Runtime Version 115 Update for x64 based Editions (Build 115.0.1901.188)","Microsoft Edge","69010383-ff55-4227-bd6c-d91c26f2643b","2023/07/27 20:45:24","KB0-MicrosoftEdge-WV2-Client-x64-Retail","200","a7dc3a30-65cd-4d9b-a520-f979df6cf047","","","Updates","cd5ffd1e-e932-4e3a-bf74-18bf0b1bbd83","Windows","Software"," < 124.0.2478.67"
"Microsoft Edge-WebView2 Runtime Version 115 Update for x64 based Editions (Build 115.0.1901.203)","Microsoft Edge","69010383-ff55-4227-bd6c-d91c26f2643b","2023/08/10 20:36:17","KB0-MicrosoftEdge-WV2-Client-x64-Retail","200","e555cd25-17fa-4025-87d4-3edcca99abd6","","","Updates","cd5ffd1e-e932-4e3a-bf74-18bf0b1bbd83","Windows","Software"," < 124.0.2478.67"
"Microsoft Edge-WebView2 Runtime Version 116 Update for x64 based Editions (Build 116.0.1938.62)","Microsoft Edge","69010383-ff55-4227-bd6c-d91c26f2643b","2023/08/25 19:43:56","KB0-MicrosoftEdge-WV2-Client-x64-Retail","200","1c18fb35-4048-4b19-b007-b11f520bb0d4","","","Updates","cd5ffd1e-e932-4e3a-bf74-18bf0b1bbd83","Windows","Software"," < 124.0.2478.67"
"Microsoft Edge-WebView2 Runtime Version 116 Update for x64 based Editions (Build 116.0.1938.69)","Microsoft Edge","69010383-ff55-4227-bd6c-d91c26f2643b","2023/08/31 20:05:20","KB0-MicrosoftEdge-WV2-Client-x64-Retail","200","5a04d7a6-e92f-4452-a7b1-b5eaad769245","","","Updates","cd5ffd1e-e932-4e3a-bf74-18bf0b1bbd83","Windows","Software"," < 124.0.2478.67"
"Microsoft Edge-WebView2 Runtime Version 116 Update for x64 based Editions (Build 116.0.1938.54)","Microsoft Edge","69010383-ff55-4227-bd6c-d91c26f2643b","2023/08/21 20:32:33","KB0-MicrosoftEdge-WV2-Client-x64-Retail","200","3c9a82a0-da52-4e1d-9742-9ca57bdfd53e","","","Updates","cd5ffd1e-e932-4e3a-bf74-18bf0b1bbd83","Windows","Software"," < 124.0.2478.67"
"Microsoft Edge-WebView2 Runtime Version 116 Update for x64 based Editions (Build 116.0.1938.76)","Microsoft Edge","69010383-ff55-4227-bd6c-d91c26f2643b","2023/09/07 20:36:04","KB0-MicrosoftEdge-WV2-Client-x64-Retail","200","c76550a5-62cc-4b04-9ff4-bdb6e5b25f28","","","Updates","cd5ffd1e-e932-4e3a-bf74-18bf0b1bbd83","Windows","Software"," < 124.0.2478.67"
"Microsoft Edge-WebView2 Runtime Version 116 Update for x64 based Editions (Build 116.0.1938.81)","Microsoft Edge","69010383-ff55-4227-bd6c-d91c26f2643b","2023/09/12 19:10:07","KB0-MicrosoftEdge-WV2-Client-x64-Retail","200","0f188973-aac0-4d3c-8264-76cc407dc8f8","","","Updates","cd5ffd1e-e932-4e3a-bf74-18bf0b1bbd83","Windows","Software"," < 124.0.2478.67"
"Microsoft Edge-WebView2 Runtime Version 117 Update for x64 based Editions (Build 117.0.2045.40)","Microsoft Edge","69010383-ff55-4227-bd6c-d91c26f2643b","2023/09/22 19:50:27","KB0-MicrosoftEdge-WV2-Client-x64-Retail","200","8bd3ba81-08c1-43c1-b08f-ed7f47742a5c","","","Updates","cd5ffd1e-e932-4e3a-bf74-18bf0b1bbd83","Windows","Software"," < 124.0.2478.67"
"Microsoft Edge-WebView2 Runtime Version 117 Update for x64 based Editions (Build 117.0.2045.36)","Microsoft Edge","69010383-ff55-4227-bd6c-d91c26f2643b","2023/09/20 0:55:34","KB0-MicrosoftEdge-WV2-Client-x64-Retail","200","aadc12b6-c783-44ac-b313-c6e21cdcc6ad","","","Updates","cd5ffd1e-e932-4e3a-bf74-18bf0b1bbd83","Windows","Software"," < 124.0.2478.67"
"Microsoft Edge-WebView2 Runtime Version 117 Update for x64 based Editions (Build 117.0.2045.41)","Microsoft Edge","69010383-ff55-4227-bd6c-d91c26f2643b","2023/09/23 19:21:18","KB0-MicrosoftEdge-WV2-Client-x64-Retail","200","4c3ee717-2b5a-4a83-ac46-f73cd03f593d","","","Updates","cd5ffd1e-e932-4e3a-bf74-18bf0b1bbd83","Windows","Software"," < 124.0.2478.67"
"Microsoft Edge-WebView2 Runtime Version 117 Update for x64 based Editions (Build 117.0.2045.31)","Microsoft Edge","69010383-ff55-4227-bd6c-d91c26f2643b","2023/09/15 19:45:05","KB0-MicrosoftEdge-WV2-Client-x64-Retail","200","379249bb-d46b-4784-b135-f53cf8886dd5","","","Updates","cd5ffd1e-e932-4e3a-bf74-18bf0b1bbd83","Windows","Software"," < 124.0.2478.67"
"Microsoft Edge-WebView2 Runtime Version 109 Update for x64 based Editions (Build 109.0.1518.140)","Microsoft Edge","69010383-ff55-4227-bd6c-d91c26f2643b","2023/09/15 22:32:11","KB0-MicrosoftEdge-WV2-Client-x64-Retail","201","322eb0af-cdbc-4a17-a8ca-f0ace4d4adc8","","","Updates","cd5ffd1e-e932-4e3a-bf74-18bf0b1bbd83","Windows","Software"," < 124.0.2478.67"
"Microsoft Edge-WebView2 Runtime Version 117 Update for x64 based Editions (Build 117.0.2045.35)","Microsoft Edge","69010383-ff55-4227-bd6c-d91c26f2643b","2023/09/19 16:39:32","KB0-MicrosoftEdge-WV2-Client-x64-Retail","200","cf95d4d7-307d-422b-8baf-8b4d04288a1a","","","Updates","cd5ffd1e-e932-4e3a-bf74-18bf0b1bbd83","Windows","Software"," < 124.0.2478.67"
"Microsoft Edge-WebView2 Runtime Version 117 Update for x64 based Editions (Build 117.0.2045.43)","Microsoft Edge","69010383-ff55-4227-bd6c-d91c26f2643b","2023/09/25 18:59:32","KB0-MicrosoftEdge-WV2-Client-x64-Retail","200","6e16370a-7685-4976-bee5-6f94390f99c2","","","Updates","cd5ffd1e-e932-4e3a-bf74-18bf0b1bbd83","Windows","Software"," < 124.0.2478.67"
"Microsoft Edge-WebView2 Runtime Version 117 Update for x64 based Editions (Build 117.0.2045.55)","Microsoft Edge","69010383-ff55-4227-bd6c-d91c26f2643b","2023/10/04 23:28:20","KB0-MicrosoftEdge-WV2-Client-x64-Retail","200","444ba57b-5bd6-49e8-84bf-0d531291feea","","","Updates","cd5ffd1e-e932-4e3a-bf74-18bf0b1bbd83","Windows","Software"," < 124.0.2478.67"
"Microsoft Edge-WebView2 Runtime Version 117 Update for x64 based Editions (Build 117.0.2045.60)","Microsoft Edge","69010383-ff55-4227-bd6c-d91c26f2643b","2023/10/06 22:03:24","KB0-MicrosoftEdge-WV2-Client-x64-Retail","200","217b833d-b928-46bd-9b71-86665adb4e8d","","","Updates","cd5ffd1e-e932-4e3a-bf74-18bf0b1bbd83","Windows","Software"," < 124.0.2478.67"
"Microsoft Edge-WebView2 Runtime Version 117 Update for x64 based Editions (Build 117.0.2045.47)","Microsoft Edge","69010383-ff55-4227-bd6c-d91c26f2643b","2023/09/29 22:19:58","KB0-MicrosoftEdge-WV2-Client-x64-Retail","200","76868d72-18a8-4de8-b1b6-be338e5a2d68","","","Updates","cd5ffd1e-e932-4e3a-bf74-18bf0b1bbd83","Windows","Software"," < 124.0.2478.67"
"Microsoft Edge-WebView2 Runtime Version 118 Update for x64 based Editions (Build 118.0.2088.46)","Microsoft Edge","69010383-ff55-4227-bd6c-d91c26f2643b","2023/10/13 19:11:34","KB0-MicrosoftEdge-WV2-Client-x64-Retail","200","c98d1f9b-a909-4a7a-9bee-6c8eaf2ed917","","","Updates","cd5ffd1e-e932-4e3a-bf74-18bf0b1bbd83","Windows","Software"," < 124.0.2478.67"
"Microsoft Edge-WebView2 Runtime Version 118 Update for x64 based Editions (Build 118.0.2088.76)","Microsoft Edge","69010383-ff55-4227-bd6c-d91c26f2643b","2023/10/30 17:00:00","KB0-MicrosoftEdge-WV2-Client-x64-Retail","200","6cddb293-3e07-4545-8bf7-1502faeabbf8","","","Updates","cd5ffd1e-e932-4e3a-bf74-18bf0b1bbd83","Windows","Software"," < 124.0.2478.67"
"Microsoft Edge-WebView2 Runtime Version 118 Update for x64 based Editions (Build 118.0.2088.57)","Microsoft Edge","69010383-ff55-4227-bd6c-d91c26f2643b","2023/10/18 21:12:41","KB0-MicrosoftEdge-WV2-Client-x64-Retail","200","bbfad37c-c592-412d-8f29-b38f84e73f37","","","Updates","cd5ffd1e-e932-4e3a-bf74-18bf0b1bbd83","Windows","Software"," < 124.0.2478.67"
"Microsoft Edge-WebView2 Runtime Version 118 Update for x64 based Editions (Build 118.0.2088.69)","Microsoft Edge","69010383-ff55-4227-bd6c-d91c26f2643b","2023/10/25 17:00:00","KB0-MicrosoftEdge-WV2-Client-x64-Retail","200","820e7edb-fb2f-41d8-9b94-680db2f0d0b8","","","Updates","cd5ffd1e-e932-4e3a-bf74-18bf0b1bbd83","Windows","Software"," < 124.0.2478.67"
"Microsoft Edge-WebView2 Runtime Version 118 Update for x64 based Editions (Build 118.0.2088.61)","Microsoft Edge","69010383-ff55-4227-bd6c-d91c26f2643b","2023/10/20 19:20:25","KB0-MicrosoftEdge-WV2-Client-x64-Retail","200","0b1b559d-aeab-4670-a542-e9eb8de1ebb9","","","Updates","cd5ffd1e-e932-4e3a-bf74-18bf0b1bbd83","Windows","Software"," < 124.0.2478.67"
"Microsoft Edge-WebView2 Runtime Version 119 Update for x64 based Editions (Build 119.0.2151.44)","Microsoft Edge","69010383-ff55-4227-bd6c-d91c26f2643b","2023/11/02 22:54:26","KB0-MicrosoftEdge-WV2-Client-x64-Retail","200","7412f353-8c72-4a0c-937d-86c0d9f8b355","","","Updates","cd5ffd1e-e932-4e3a-bf74-18bf0b1bbd83","Windows","Software"," < 124.0.2478.67"
"Microsoft Edge-WebView2 Runtime Version 119 Update for x64 based Editions (Build 119.0.2151.58)","Microsoft Edge","69010383-ff55-4227-bd6c-d91c26f2643b","2023/11/09 21:41:52","KB0-MicrosoftEdge-WV2-Client-x64-Retail","200","4d30f9b3-b564-4d51-89a9-53b8c3e127ed","","","Updates","cd5ffd1e-e932-4e3a-bf74-18bf0b1bbd83","Windows","Software"," < 124.0.2478.67"
"Microsoft Edge-WebView2 Runtime Version 119 Update for x64 based Editions (Build 119.0.2151.97)","Microsoft Edge","69010383-ff55-4227-bd6c-d91c26f2643b","2023/11/30 0:52:48","KB0-MicrosoftEdge-WV2-Client-x64-Retail","200","223be5a2-addc-4f4a-a1dd-77adcc5af837","","","Updates","cd5ffd1e-e932-4e3a-bf74-18bf0b1bbd83","Windows","Software"," < 124.0.2478.67"
"Microsoft Edge-WebView2 Runtime Version 119 Update for x64 based Editions (Build 119.0.2151.72)","Microsoft Edge","69010383-ff55-4227-bd6c-d91c26f2643b","2023/11/16 21:56:48","KB0-MicrosoftEdge-WV2-Client-x64-Retail","200","0788f0e0-a297-4ab8-9841-8f106b07f8b4","","","Updates","cd5ffd1e-e932-4e3a-bf74-18bf0b1bbd83","Windows","Software"," < 124.0.2478.67"
"Microsoft Edge-WebView2 Runtime Version 120 Update for x64 based Editions (Build 120.0.2210.61)","Microsoft Edge","69010383-ff55-4227-bd6c-d91c26f2643b","2023/12/07 23:06:39","KB0-MicrosoftEdge-WV2-Client-x64-Retail","200","5d7d4f30-776d-4f97-b68b-b02450757c0e","","","Updates","cd5ffd1e-e932-4e3a-bf74-18bf0b1bbd83","Windows","Software"," < 124.0.2478.67"
"Microsoft Edge-WebView2 Runtime Version 120 Update for x64 based Editions (Build 120.0.2210.91)","Microsoft Edge","69010383-ff55-4227-bd6c-d91c26f2643b","2023/12/21 20:44:59","KB0-MicrosoftEdge-WV2-Client-x64-Retail","200","465dae89-7b77-4229-8c17-ef999b22978e","","","Updates","cd5ffd1e-e932-4e3a-bf74-18bf0b1bbd83","Windows","Software"," < 124.0.2478.67"
"Microsoft Edge-WebView2 Runtime Version 120 Update for x64 based Editions (Build 120.0.2210.89)","Microsoft Edge","69010383-ff55-4227-bd6c-d91c26f2643b","2023/12/20 21:16:52","KB0-MicrosoftEdge-WV2-Client-x64-Retail","200","2b955949-21f1-46c0-86b6-0ccba4e56798","","","Updates","cd5ffd1e-e932-4e3a-bf74-18bf0b1bbd83","Windows","Software"," < 124.0.2478.67"
"Microsoft Edge-WebView2 Runtime Version 120 Update for x64 based Editions (Build 120.0.2210.121)","Microsoft Edge","69010383-ff55-4227-bd6c-d91c26f2643b","2024/01/05 21:21:46","KB0-MicrosoftEdge-WV2-Client-x64-Retail","200","ffeecc01-cf80-4556-ba52-def6c907e2aa","","","Updates","cd5ffd1e-e932-4e3a-bf74-18bf0b1bbd83","Windows","Software"," < 124.0.2478.67"
"Microsoft Edge-WebView2 Runtime Version 120 Update for x64 based Editions (Build 120.0.2210.77)","Microsoft Edge","69010383-ff55-4227-bd6c-d91c26f2643b","2023/12/15 18:00:00","KB0-MicrosoftEdge-WV2-Client-x64-Retail","200","c14ab779-a856-4e9e-900c-7fbab78f4582","","","Updates","cd5ffd1e-e932-4e3a-bf74-18bf0b1bbd83","Windows","Software"," < 124.0.2478.67"
"Microsoft Edge-WebView2 Runtime Version 120 Update for x64 based Editions (Build 120.0.2210.144)","Microsoft Edge","69010383-ff55-4227-bd6c-d91c26f2643b","2024/01/17 20:47:08","KB0-MicrosoftEdge-WV2-Client-x64-Retail","200","6ac4ddd3-baf5-4b37-8331-e57a967ebb08","","","Updates","cd5ffd1e-e932-4e3a-bf74-18bf0b1bbd83","Windows","Software"," < 124.0.2478.67"
"Microsoft Edge-WebView2 Runtime Version 120 Update for x64 based Editions (Build 120.0.2210.133)","Microsoft Edge","69010383-ff55-4227-bd6c-d91c26f2643b","2024/01/11 21:47:50","KB0-MicrosoftEdge-WV2-Client-x64-Retail","200","89798902-3e6a-44d5-98e2-9ecababcaf64","","","Updates","cd5ffd1e-e932-4e3a-bf74-18bf0b1bbd83","Windows","Software"," < 124.0.2478.67"
"Microsoft Edge-WebView2 Runtime Version 121 Update for x64 based Editions (Build 121.0.2277.83)","Microsoft Edge","69010383-ff55-4227-bd6c-d91c26f2643b","2024/01/25 22:13:38","KB0-MicrosoftEdge-WV2-Client-x64-Retail","200","ade18c32-7c08-48f5-806b-0ffe201f8f07","","","Updates","cd5ffd1e-e932-4e3a-bf74-18bf0b1bbd83","Windows","Software"," < 124.0.2478.67"
"Microsoft Edge-WebView2 Runtime Version 121 Update for x64 based Editions (Build 121.0.2277.98)","Microsoft Edge","69010383-ff55-4227-bd6c-d91c26f2643b","2024/02/01 22:42:36","KB0-MicrosoftEdge-WV2-Client-x64-Retail","201","7831482c-4d5d-47e3-8c09-b0f52625e8c2","","","Updates","cd5ffd1e-e932-4e3a-bf74-18bf0b1bbd83","Windows","Software"," < 124.0.2478.67"
"Microsoft Edge-WebView2 Runtime Version 121 Update for x64 based Editions (Build 121.0.2277.112)","Microsoft Edge","69010383-ff55-4227-bd6c-d91c26f2643b","2024/02/08 21:46:25","KB0-MicrosoftEdge-WV2-Client-x64-Retail","200","2f9686eb-c38d-4999-a090-c42aa8a92703","","","Updates","cd5ffd1e-e932-4e3a-bf74-18bf0b1bbd83","Windows","Software"," < 124.0.2478.67"
"Microsoft Edge-WebView2 Runtime Version 121 Update for x64 based Editions (Build 121.0.2277.106)","Microsoft Edge","69010383-ff55-4227-bd6c-d91c26f2643b","2024/02/05 21:28:30","KB0-MicrosoftEdge-WV2-Client-x64-Retail","201","b9292a91-f1ed-4011-a837-d763aa943d8a","","","Updates","cd5ffd1e-e932-4e3a-bf74-18bf0b1bbd83","Windows","Software"," < 124.0.2478.67"
"Microsoft Edge-WebView2 Runtime Version 121 Update for x64 based Editions (Build 121.0.2277.128)","Microsoft Edge","69010383-ff55-4227-bd6c-d91c26f2643b","2024/02/15 21:50:40","KB0-MicrosoftEdge-WV2-Client-x64-Retail","200","33ec1252-b593-42b8-ad38-16f9e68a3ecb","","","Updates","cd5ffd1e-e932-4e3a-bf74-18bf0b1bbd83","Windows","Software"," < 124.0.2478.67"
"Microsoft Edge-WebView2 Runtime Version 122 Update for x64 based Editions (Build 122.0.2365.52)","Microsoft Edge","69010383-ff55-4227-bd6c-d91c26f2643b","2024/02/23 23:06:57","KB0-MicrosoftEdge-WV2-Client-x64-Retail","200","43a7d09e-1e5e-4ee8-9c88-6c7b02712085","","","Updates","cd5ffd1e-e932-4e3a-bf74-18bf0b1bbd83","Windows","Software"," < 124.0.2478.67"
"Microsoft Edge-WebView2 Runtime Version 122 Update for x64 based Editions (Build 122.0.2365.59)","Microsoft Edge","69010383-ff55-4227-bd6c-d91c26f2643b","2024/02/27 19:36:01","KB0-MicrosoftEdge-WV2-Client-x64-Retail","200","e4dc8df7-07ad-4b79-b2fc-2bf70bc9e4bb","","","Updates","cd5ffd1e-e932-4e3a-bf74-18bf0b1bbd83","Windows","Software"," < 124.0.2478.67"
"Microsoft Edge-WebView2 Runtime Version 122 Update for x64 based Editions (Build 122.0.2365.66)","Microsoft Edge","69010383-ff55-4227-bd6c-d91c26f2643b","2024/03/01 22:53:45","KB0-MicrosoftEdge-WV2-Client-x64-Retail","200","337c4bce-4daf-4dba-8d91-a930bf3c36cf","","","Updates","cd5ffd1e-e932-4e3a-bf74-18bf0b1bbd83","Windows","Software"," < 124.0.2478.67"
"Microsoft Edge-WebView2 Runtime Version 122 Update for x64 based Editions (Build 122.0.2365.80)","Microsoft Edge","69010383-ff55-4227-bd6c-d91c26f2643b","2024/03/07 21:14:29","KB0-MicrosoftEdge-WV2-Client-x64-Retail","200","130d357d-d3f1-44d1-9e79-31acd1eb92fd","","","Updates","cd5ffd1e-e932-4e3a-bf74-18bf0b1bbd83","Windows","Software"," < 124.0.2478.67"
"Microsoft Edge-WebView2 Runtime Version 122 Update for x64 based Editions (Build 122.0.2365.63)","Microsoft Edge","69010383-ff55-4227-bd6c-d91c26f2643b","2024/02/29 22:20:34","KB0-MicrosoftEdge-WV2-Client-x64-Retail","200","e3cb36a4-389a-43c5-b65a-009df70fff23","","","Updates","cd5ffd1e-e932-4e3a-bf74-18bf0b1bbd83","Windows","Software"," < 124.0.2478.67"
"Microsoft Edge-WebView2 Runtime Version 122 Update for x64 based Editions (Build 122.0.2365.92)","Microsoft Edge","69010383-ff55-4227-bd6c-d91c26f2643b","2024/03/14 23:19:11","KB0-MicrosoftEdge-WV2-Client-x64-Retail","200","64f97b57-2d79-401c-8f76-c1048c2b262d","","","Updates","cd5ffd1e-e932-4e3a-bf74-18bf0b1bbd83","Windows","Software"," < 124.0.2478.67"
"Microsoft Edge-WebView2 Runtime Version 123 Update for x64 based Editions (Build 123.0.2420.53)","Microsoft Edge","69010383-ff55-4227-bd6c-d91c26f2643b","2024/03/22 22:45:53","KB0-MicrosoftEdge-WV2-Client-x64-Retail","200","b1f2df6c-6866-417b-8e0e-c6789269f47b","","","Updates","cd5ffd1e-e932-4e3a-bf74-18bf0b1bbd83","Windows","Software"," < 124.0.2478.67"
"Microsoft Edge-WebView2 Runtime Version 123 Update for x64 based Editions (Build 123.0.2420.65)","Microsoft Edge","69010383-ff55-4227-bd6c-d91c26f2643b","2024/03/27 19:25:22","KB0-MicrosoftEdge-WV2-Client-x64-Retail","200","9c202858-0902-41d0-bc8d-604167437544","","","Updates","cd5ffd1e-e932-4e3a-bf74-18bf0b1bbd83","Windows","Software"," < 124.0.2478.67"
"Microsoft Edge-WebView2 Runtime Version 123 Update for x64 based Editions (Build 123.0.2420.81)","Microsoft Edge","69010383-ff55-4227-bd6c-d91c26f2643b","2024/04/04 21:27:46","KB0-MicrosoftEdge-WV2-Client-x64-Retail","200","9cbd5359-573d-4f61-9bdd-f0e62ef8fe9b","","","Updates","cd5ffd1e-e932-4e3a-bf74-18bf0b1bbd83","Windows","Software"," < 124.0.2478.67"
"Microsoft Edge-WebView2 Runtime Version 123 Update for x64 based Editions (Build 123.0.2420.97)","Microsoft Edge","69010383-ff55-4227-bd6c-d91c26f2643b","2024/04/12 20:26:39","KB0-MicrosoftEdge-WV2-Client-x64-Retail","200","9ee8350b-62ec-4e73-b023-fa41239afa0f","","","Updates","cd5ffd1e-e932-4e3a-bf74-18bf0b1bbd83","Windows","Software"," < 124.0.2478.67"
"Microsoft Edge-WebView2 Runtime Version 124 Update for x64 based Editions (Build 124.0.2478.51)","Microsoft Edge","69010383-ff55-4227-bd6c-d91c26f2643b","2024/04/18 20:06:05","KB0-MicrosoftEdge-WV2-Client-x64-Retail","200","74460880-a7e2-4726-bde4-540eb8bea928","","","Updates","cd5ffd1e-e932-4e3a-bf74-18bf0b1bbd83","Windows","Software"," < 124.0.2478.67"
