﻿"Title","ProductTitles","ProductIds","CreationDate","LegacyName","Id.RevisionNumber","Id.UpdateId","KnowledgebaseArticles","SecurityBulletins","UpdateClassificationTitle","UpdateClassificationId","ProductFamilyTitles","UpdateType","Action"
"Microsoft Edge-WebView2 Runtime Version 95 Update for x86 based Editions (Build 95.0.1020.40)","Microsoft Edge","69010383-ff55-4227-bd6c-d91c26f2643b","2021/11/01 22:00:00","KB0-WV2-Client-x86-Retail","200","e8c51cf4-62d5-4557-98ef-83e692f10423","","","Updates","cd5ffd1e-e932-4e3a-bf74-18bf0b1bbd83","Windows","Software",""
"Microsoft Edge-WebView2 Runtime Version 95 Update for x86 based Editions (Build 95.0.1020.44)","Microsoft Edge","69010383-ff55-4227-bd6c-d91c26f2643b","2021/11/04 22:00:00","KB0-WV2-Client-x86-Retail","200","5b86d71b-1402-445d-be24-bf629e36228d","","","Updates","cd5ffd1e-e932-4e3a-bf74-18bf0b1bbd83","Windows","Software",""
"Microsoft Edge-WebView2 Runtime Version 102 Update for x86 based Editions (Build 102.0.1245.44)","Microsoft Edge","69010383-ff55-4227-bd6c-d91c26f2643b","2022/06/16 21:48:44","KB0-MicrosoftEdge-WV2-Client-x86-Retail","200","9aee0b66-df2c-440e-881d-8fba456e17af","","","Updates","cd5ffd1e-e932-4e3a-bf74-18bf0b1bbd83","Windows","Software",""
"Microsoft Edge-WebView2 Runtime Version 109 Update for x86 based Editions (Build 109.0.1518.78)","Microsoft Edge","69010383-ff55-4227-bd6c-d91c26f2643b","2023/02/02 22:54:53","KB0-MicrosoftEdge-WV2-Client-x86-Retail","200","04a75cc8-9e60-4de0-a156-e91937ea7159","","","Updates","cd5ffd1e-e932-4e3a-bf74-18bf0b1bbd83","Windows","Software",""
"Microsoft Edge-WebView2 Runtime Version 111 Update for x86 based Editions (Build 111.0.1661.41)","Microsoft Edge","69010383-ff55-4227-bd6c-d91c26f2643b","2023/03/13 21:58:46","KB0-MicrosoftEdge-WV2-Client-x86-Retail","201","943fb711-86ce-46c6-868a-a26ffb248cd3","","","Updates","cd5ffd1e-e932-4e3a-bf74-18bf0b1bbd83","Windows","Software",""
"Microsoft Edge-WebView2 Runtime Version 110 Update for x86 based Editions (Build 110.0.1587.46)","Microsoft Edge","69010383-ff55-4227-bd6c-d91c26f2643b","2023/02/14 23:57:08","KB0-MicrosoftEdge-WV2-Client-x86-Retail","201","28b45223-9cb8-4713-878b-d07d31757e5d","","","Updates","cd5ffd1e-e932-4e3a-bf74-18bf0b1bbd83","Windows","Software",""
"Microsoft Edge-WebView2 Runtime Version 110 Update for x86 based Editions (Build 110.0.1587.57)","Microsoft Edge","69010383-ff55-4227-bd6c-d91c26f2643b","2023/02/25 21:36:37","KB0-MicrosoftEdge-WV2-Client-x86-Retail","201","bb8fb705-c225-4d68-8489-ad2528d9825f","","","Updates","cd5ffd1e-e932-4e3a-bf74-18bf0b1bbd83","Windows","Software",""
"Microsoft Edge-WebView2 Runtime Version 110 Update for x86 based Editions (Build 110.0.1587.69)","Microsoft Edge","69010383-ff55-4227-bd6c-d91c26f2643b","2023/03/10 0:10:06","KB0-MicrosoftEdge-WV2-Client-x86-Retail","201","259cb07c-c52e-470a-88fb-16e69874cfe2","","","Updates","cd5ffd1e-e932-4e3a-bf74-18bf0b1bbd83","Windows","Software",""
"Microsoft Edge-WebView2 Runtime Version 110 Update for x86 based Editions (Build 110.0.1587.50)","Microsoft Edge","69010383-ff55-4227-bd6c-d91c26f2643b","2023/02/17 21:39:27","KB0-MicrosoftEdge-WV2-Client-x86-Retail","201","496f3361-04d5-419a-ae25-57b4fdc8cb0e","","","Updates","cd5ffd1e-e932-4e3a-bf74-18bf0b1bbd83","Windows","Software",""
"Microsoft Edge-WebView2 Runtime Version 110 Update for x86 based Editions (Build 110.0.1587.56)","Microsoft Edge","69010383-ff55-4227-bd6c-d91c26f2643b","2023/02/24 18:00:00","KB0-MicrosoftEdge-WV2-Client-x86-Retail","201","5c5c8a13-a63f-4f26-9b70-29709c2c2b6f","","","Updates","cd5ffd1e-e932-4e3a-bf74-18bf0b1bbd83","Windows","Software",""
"Microsoft Edge-WebView2 Runtime Version 110 Update for x86 based Editions (Build 110.0.1587.49)","Microsoft Edge","69010383-ff55-4227-bd6c-d91c26f2643b","2023/02/16 22:37:59","KB0-MicrosoftEdge-WV2-Client-x86-Retail","201","f4b3fee3-a875-44d1-a48f-78a6d371d2ba","","","Updates","cd5ffd1e-e932-4e3a-bf74-18bf0b1bbd83","Windows","Software",""
"Microsoft Edge-WebView2 Runtime Version 110 Update for x86 based Editions (Build 110.0.1587.41)","Microsoft Edge","69010383-ff55-4227-bd6c-d91c26f2643b","2023/02/09 23:09:47","KB0-MicrosoftEdge-WV2-Client-x86-Retail","201","dd5dd8f8-c453-4ead-a929-2118d2d888f3","","","Updates","cd5ffd1e-e932-4e3a-bf74-18bf0b1bbd83","Windows","Software",""
"Microsoft Edge-WebView2 Runtime Version 110 Update for x86 based Editions (Build 110.0.1587.63)","Microsoft Edge","69010383-ff55-4227-bd6c-d91c26f2643b","2023/03/02 23:33:30","KB0-MicrosoftEdge-WV2-Client-x86-Retail","201","bbed322b-9646-4e56-9359-21f4bc32b6dd","","","Updates","cd5ffd1e-e932-4e3a-bf74-18bf0b1bbd83","Windows","Software",""
"Microsoft Edge-WebView2 Runtime Version 111 Update for x86 based Editions (Build 111.0.1661.54)","Microsoft Edge","69010383-ff55-4227-bd6c-d91c26f2643b","2023/03/24 22:52:40","KB0-MicrosoftEdge-WV2-Client-x86-Retail","200","cdb18899-ff9c-4b8d-a9ec-4812e3c5bc46","","","Updates","cd5ffd1e-e932-4e3a-bf74-18bf0b1bbd83","Windows","Software",""
"Microsoft Edge-WebView2 Runtime Version 111 Update for x86 based Editions (Build 111.0.1661.51)","Microsoft Edge","69010383-ff55-4227-bd6c-d91c26f2643b","2023/03/22 17:00:00","KB0-MicrosoftEdge-WV2-Client-x86-Retail","201","b0400e08-a54d-4ec5-ac2b-1df8b782ea47","","","Updates","cd5ffd1e-e932-4e3a-bf74-18bf0b1bbd83","Windows","Software",""
"Microsoft Edge-WebView2 Runtime Version 109 Update for x86 based Editions (Build 109.0.1518.95)","Microsoft Edge","69010383-ff55-4227-bd6c-d91c26f2643b","2023/03/23 19:42:09","KB0-MicrosoftEdge-WV2-Client-x86-Retail","200","2b1457aa-a486-4da7-aacd-97b3a1a6fa2d","","","Updates","cd5ffd1e-e932-4e3a-bf74-18bf0b1bbd83","Windows","Software",""
"Microsoft Edge-WebView2 Runtime Version 111 Update for x86 based Editions (Build 111.0.1661.44)","Microsoft Edge","69010383-ff55-4227-bd6c-d91c26f2643b","2023/03/16 21:19:15","KB0-MicrosoftEdge-WV2-Client-x86-Retail","201","3c1ed444-9b6a-408a-8771-393587a51636","","","Updates","cd5ffd1e-e932-4e3a-bf74-18bf0b1bbd83","Windows","Software",""
"Microsoft Edge-WebView2 Runtime Version 111 Update for x86 based Editions (Build 111.0.1661.43)","Microsoft Edge","69010383-ff55-4227-bd6c-d91c26f2643b","2023/03/15 20:23:42","KB0-MicrosoftEdge-WV2-Client-x86-Retail","201","2e6e82d6-730e-400a-b2a1-6666c8ca29dd","","","Updates","cd5ffd1e-e932-4e3a-bf74-18bf0b1bbd83","Windows","Software",""
"Microsoft Edge-WebView2 Runtime Version 112 Update for x86 based Editions (Build 112.0.1722.68)","Microsoft Edge","69010383-ff55-4227-bd6c-d91c26f2643b","2023/05/02 17:00:00","KB0-MicrosoftEdge-WV2-Client-x86-Retail","200","50ed0a82-4af0-471b-b3d7-5448bd03bdeb","","","Updates","cd5ffd1e-e932-4e3a-bf74-18bf0b1bbd83","Windows","Software",""
"Microsoft Edge-WebView2 Runtime Version 112 Update for x86 based Editions (Build 112.0.1722.64)","Microsoft Edge","69010383-ff55-4227-bd6c-d91c26f2643b","2023/04/27 21:50:53","KB0-MicrosoftEdge-WV2-Client-x86-Retail","200","49cb116d-e5cc-4105-bd0f-7be3d16f1c25","","","Updates","cd5ffd1e-e932-4e3a-bf74-18bf0b1bbd83","Windows","Software",""
"Microsoft Edge-WebView2 Runtime Version 113 Update for x86 based Editions (Build 113.0.1774.35)","Microsoft Edge","69010383-ff55-4227-bd6c-d91c26f2643b","2023/05/08 17:00:00","KB0-MicrosoftEdge-WV2-Client-x86-Retail","200","c4e93ce6-edb0-4d66-bbc5-31c6bc60700e","","","Updates","cd5ffd1e-e932-4e3a-bf74-18bf0b1bbd83","Windows","Software",""
"Microsoft Edge-WebView2 Runtime Version 113 Update for x86 based Editions (Build 113.0.1774.42)","Microsoft Edge","69010383-ff55-4227-bd6c-d91c26f2643b","2023/05/12 17:00:00","KB0-MicrosoftEdge-WV2-Client-x86-Retail","200","655cd4b4-ff89-4a55-aa50-979cf4ad5492","","","Updates","cd5ffd1e-e932-4e3a-bf74-18bf0b1bbd83","Windows","Software",""
"Microsoft Edge-WebView2 Runtime Version 113 Update for x86 based Editions (Build 113.0.1774.57)","Microsoft Edge","69010383-ff55-4227-bd6c-d91c26f2643b","2023/05/25 21:10:23","KB0-MicrosoftEdge-WV2-Client-x86-Retail","200","94ef3fe9-3a3a-43e4-9e96-cf3ce2ec9d2d","","","Updates","cd5ffd1e-e932-4e3a-bf74-18bf0b1bbd83","Windows","Software",""
"Microsoft Edge-WebView2 Runtime Version 113 Update for x86 based Editions (Build 113.0.1774.50)","Microsoft Edge","69010383-ff55-4227-bd6c-d91c26f2643b","2023/05/18 21:22:57","KB0-MicrosoftEdge-WV2-Client-x86-Retail","200","64049e85-dcc4-419c-9f6e-585842d18146","","","Updates","cd5ffd1e-e932-4e3a-bf74-18bf0b1bbd83","Windows","Software",""
"Microsoft Edge-WebView2 Runtime Version 114 Update for x86 based Editions (Build 114.0.1823.37)","Microsoft Edge","69010383-ff55-4227-bd6c-d91c26f2643b","2023/06/02 20:33:30","KB0-MicrosoftEdge-WV2-Client-x86-Retail","200","dfb62c45-2da9-4156-9812-1dcb1ddcdb94","","","Updates","cd5ffd1e-e932-4e3a-bf74-18bf0b1bbd83","Windows","Software",""
"Microsoft Edge-WebView2 Runtime Version 114 Update for x86 based Editions (Build 114.0.1823.43)","Microsoft Edge","69010383-ff55-4227-bd6c-d91c26f2643b","2023/06/08 20:52:14","KB0-MicrosoftEdge-WV2-Client-x86-Retail","200","34a5d2c0-64b1-430d-b45d-d625aebbd7f1","","","Updates","cd5ffd1e-e932-4e3a-bf74-18bf0b1bbd83","Windows","Software",""
"Microsoft Edge-WebView2 Runtime Version 114 Update for x86 based Editions (Build 114.0.1823.41)","Microsoft Edge","69010383-ff55-4227-bd6c-d91c26f2643b","2023/06/06 23:04:26","KB0-MicrosoftEdge-WV2-Client-x86-Retail","200","d07f2db3-7977-4eb9-883d-15bd41bbcd35","","","Updates","cd5ffd1e-e932-4e3a-bf74-18bf0b1bbd83","Windows","Software",""
"Microsoft Edge-WebView2 Runtime Version 114 Update for x86 based Editions (Build 114.0.1823.55)","Microsoft Edge","69010383-ff55-4227-bd6c-d91c26f2643b","2023/06/19 20:18:39","KB0-MicrosoftEdge-WV2-Client-x86-Retail","200","4270816b-3610-4c5a-a1fc-ab13ad42f1ed","","","Updates","cd5ffd1e-e932-4e3a-bf74-18bf0b1bbd83","Windows","Software",""
"Microsoft Edge-WebView2 Runtime Version 109 Update for x86 based Editions (Build 109.0.1518.115)","Microsoft Edge","69010383-ff55-4227-bd6c-d91c26f2643b","2023/06/13 22:57:21","KB0-MicrosoftEdge-WV2-Client-x86-Retail","202","0fd3774f-7afe-4c68-b50d-e2d0760ee45a","","","Updates","cd5ffd1e-e932-4e3a-bf74-18bf0b1bbd83","Windows","Software",""
"Microsoft Edge-WebView2 Runtime Version 114 Update for x86 based Editions (Build 114.0.1823.51)","Microsoft Edge","69010383-ff55-4227-bd6c-d91c26f2643b","2023/06/15 21:50:55","KB0-MicrosoftEdge-WV2-Client-x86-Retail","200","6bcf5e8c-cec8-4518-9909-8763c0b86ce2","","","Updates","cd5ffd1e-e932-4e3a-bf74-18bf0b1bbd83","Windows","Software",""
"Microsoft Edge-WebView2 Runtime Version 114 Update for x86 based Editions (Build 114.0.1823.58)","Microsoft Edge","69010383-ff55-4227-bd6c-d91c26f2643b","2023/06/22 20:29:04","KB0-MicrosoftEdge-WV2-Client-x86-Retail","200","73b4a5ee-884f-42eb-b672-02e49b0e4dd8","","","Updates","cd5ffd1e-e932-4e3a-bf74-18bf0b1bbd83","Windows","Software",""
"Microsoft Edge-WebView2 Runtime Version 114 Update for x86 based Editions (Build 114.0.1823.67)","Microsoft Edge","69010383-ff55-4227-bd6c-d91c26f2643b","2023/06/29 21:54:40","KB0-MicrosoftEdge-WV2-Client-x86-Retail","200","69444150-caf9-4c99-84bd-852ae22e5833","","","Updates","cd5ffd1e-e932-4e3a-bf74-18bf0b1bbd83","Windows","Software",""
"Microsoft Edge-WebView2 Runtime Version 114 Update for x86 based Editions (Build 114.0.1823.79)","Microsoft Edge","69010383-ff55-4227-bd6c-d91c26f2643b","2023/07/10 19:49:21","KB0-MicrosoftEdge-WV2-Client-x86-Retail","200","9752a50a-03c7-4567-b182-bfb9a950cbbf","","","Updates","cd5ffd1e-e932-4e3a-bf74-18bf0b1bbd83","Windows","Software",""
"Microsoft Edge-WebView2 Runtime Version 114 Update for x86 based Editions (Build 114.0.1823.86)","Microsoft Edge","69010383-ff55-4227-bd6c-d91c26f2643b","2023/07/17 20:48:15","KB0-MicrosoftEdge-WV2-Client-x86-Retail","200","96026349-70b3-48a9-b833-cdfd8cebe077","","","Updates","cd5ffd1e-e932-4e3a-bf74-18bf0b1bbd83","Windows","Software",""
"Microsoft Edge-WebView2 Runtime Version 114 Update for x86 based Editions (Build 114.0.1823.82)","Microsoft Edge","69010383-ff55-4227-bd6c-d91c26f2643b","2023/07/13 20:08:39","KB0-MicrosoftEdge-WV2-Client-x86-Retail","200","058b754b-c132-402d-90cc-6b591e1df1da","","","Updates","cd5ffd1e-e932-4e3a-bf74-18bf0b1bbd83","Windows","Software",""
"Microsoft Edge-WebView2 Runtime Version 115 Update for x86 based Editions (Build 115.0.1901.200)","Microsoft Edge","69010383-ff55-4227-bd6c-d91c26f2643b","2023/08/07 19:58:08","KB0-MicrosoftEdge-WV2-Client-x86-Retail","200","87c2ba69-7e3e-470d-b18e-58a895a9484c","","","Updates","cd5ffd1e-e932-4e3a-bf74-18bf0b1bbd83","Windows","Software",""
"Microsoft Edge-WebView2 Runtime Version 115 Update for x86 based Editions (Build 115.0.1901.188)","Microsoft Edge","69010383-ff55-4227-bd6c-d91c26f2643b","2023/07/27 20:45:24","KB0-MicrosoftEdge-WV2-Client-x86-Retail","200","4f207920-2e2e-46ce-a949-cb3414d7b1f1","","","Updates","cd5ffd1e-e932-4e3a-bf74-18bf0b1bbd83","Windows","Software",""
"Microsoft Edge-WebView2 Runtime Version 115 Update for x86 based Editions (Build 115.0.1901.183)","Microsoft Edge","69010383-ff55-4227-bd6c-d91c26f2643b","2023/07/21 20:23:27","KB0-MicrosoftEdge-WV2-Client-x86-Retail","200","66a0c960-f0f0-4ebe-8150-250561a2a1d3","","","Updates","cd5ffd1e-e932-4e3a-bf74-18bf0b1bbd83","Windows","Software",""
"Microsoft Edge-WebView2 Runtime Version 116 Update for x86 based Editions (Build 116.0.1938.69)","Microsoft Edge","69010383-ff55-4227-bd6c-d91c26f2643b","2023/08/31 20:05:20","KB0-MicrosoftEdge-WV2-Client-x86-Retail","200","cf77d782-340c-4379-b123-263145611de9","","","Updates","cd5ffd1e-e932-4e3a-bf74-18bf0b1bbd83","Windows","Software",""
"Microsoft Edge-WebView2 Runtime Version 116 Update for x86 based Editions (Build 116.0.1938.54)","Microsoft Edge","69010383-ff55-4227-bd6c-d91c26f2643b","2023/08/21 20:32:33","KB0-MicrosoftEdge-WV2-Client-x86-Retail","200","24df84d8-1656-4b48-8539-bc11b9e464af","","","Updates","cd5ffd1e-e932-4e3a-bf74-18bf0b1bbd83","Windows","Software",""
"Microsoft Edge-WebView2 Runtime Version 115 Update for x86 based Editions (Build 115.0.1901.203)","Microsoft Edge","69010383-ff55-4227-bd6c-d91c26f2643b","2023/08/10 20:36:17","KB0-MicrosoftEdge-WV2-Client-x86-Retail","200","77f2d8a0-9bb5-41b3-9327-c82f1aa26808","","","Updates","cd5ffd1e-e932-4e3a-bf74-18bf0b1bbd83","Windows","Software",""
"Microsoft Edge-WebView2 Runtime Version 116 Update for x86 based Editions (Build 116.0.1938.62)","Microsoft Edge","69010383-ff55-4227-bd6c-d91c26f2643b","2023/08/25 19:43:56","KB0-MicrosoftEdge-WV2-Client-x86-Retail","200","1e9dd547-321a-4872-a5a7-ae35690ca526","","","Updates","cd5ffd1e-e932-4e3a-bf74-18bf0b1bbd83","Windows","Software",""
"Microsoft Edge-WebView2 Runtime Version 116 Update for x86 based Editions (Build 116.0.1938.76)","Microsoft Edge","69010383-ff55-4227-bd6c-d91c26f2643b","2023/09/07 20:36:04","KB0-MicrosoftEdge-WV2-Client-x86-Retail","200","ba5676cf-1649-410a-98a9-e43376041668","","","Updates","cd5ffd1e-e932-4e3a-bf74-18bf0b1bbd83","Windows","Software",""
"Microsoft Edge-WebView2 Runtime Version 116 Update for x86 based Editions (Build 116.0.1938.81)","Microsoft Edge","69010383-ff55-4227-bd6c-d91c26f2643b","2023/09/12 19:10:07","KB0-MicrosoftEdge-WV2-Client-x86-Retail","200","29b3f86a-890f-4a14-91dc-d29f6651531d","","","Updates","cd5ffd1e-e932-4e3a-bf74-18bf0b1bbd83","Windows","Software",""
"Microsoft Edge-WebView2 Runtime Version 117 Update for x86 based Editions (Build 117.0.2045.40)","Microsoft Edge","69010383-ff55-4227-bd6c-d91c26f2643b","2023/09/22 19:50:27","KB0-MicrosoftEdge-WV2-Client-x86-Retail","200","a029b144-f378-4e57-bd32-3c29c29a26d8","","","Updates","cd5ffd1e-e932-4e3a-bf74-18bf0b1bbd83","Windows","Software",""
"Microsoft Edge-WebView2 Runtime Version 109 Update for x86 based Editions (Build 109.0.1518.140)","Microsoft Edge","69010383-ff55-4227-bd6c-d91c26f2643b","2023/09/15 22:32:11","KB0-MicrosoftEdge-WV2-Client-x86-Retail","201","cd7a382c-62c6-46c0-8098-0d50a7953b61","","","Updates","cd5ffd1e-e932-4e3a-bf74-18bf0b1bbd83","Windows","Software",""
"Microsoft Edge-WebView2 Runtime Version 117 Update for x86 based Editions (Build 117.0.2045.35)","Microsoft Edge","69010383-ff55-4227-bd6c-d91c26f2643b","2023/09/19 16:39:32","KB0-MicrosoftEdge-WV2-Client-x86-Retail","200","e148060b-1780-45b6-9390-d4e56b9af401","","","Updates","cd5ffd1e-e932-4e3a-bf74-18bf0b1bbd83","Windows","Software",""
"Microsoft Edge-WebView2 Runtime Version 117 Update for x86 based Editions (Build 117.0.2045.36)","Microsoft Edge","69010383-ff55-4227-bd6c-d91c26f2643b","2023/09/20 0:55:34","KB0-MicrosoftEdge-WV2-Client-x86-Retail","200","bbe07f25-9635-4b9e-90c2-1136acd714af","","","Updates","cd5ffd1e-e932-4e3a-bf74-18bf0b1bbd83","Windows","Software",""
"Microsoft Edge-WebView2 Runtime Version 117 Update for x86 based Editions (Build 117.0.2045.31)","Microsoft Edge","69010383-ff55-4227-bd6c-d91c26f2643b","2023/09/15 19:45:05","KB0-MicrosoftEdge-WV2-Client-x86-Retail","200","15267ded-23ea-4409-a2fd-4ca4c584e085","","","Updates","cd5ffd1e-e932-4e3a-bf74-18bf0b1bbd83","Windows","Software",""
"Microsoft Edge-WebView2 Runtime Version 117 Update for x86 based Editions (Build 117.0.2045.41)","Microsoft Edge","69010383-ff55-4227-bd6c-d91c26f2643b","2023/09/23 19:21:18","KB0-MicrosoftEdge-WV2-Client-x86-Retail","200","3a56660e-1878-4b5e-83bc-1226924450ac","","","Updates","cd5ffd1e-e932-4e3a-bf74-18bf0b1bbd83","Windows","Software",""
"Microsoft Edge-WebView2 Runtime Version 117 Update for x86 based Editions (Build 117.0.2045.47)","Microsoft Edge","69010383-ff55-4227-bd6c-d91c26f2643b","2023/09/29 22:19:58","KB0-MicrosoftEdge-WV2-Client-x86-Retail","200","a8f7444e-3434-407e-b330-42fcbc51b943","","","Updates","cd5ffd1e-e932-4e3a-bf74-18bf0b1bbd83","Windows","Software",""
"Microsoft Edge-WebView2 Runtime Version 117 Update for x86 based Editions (Build 117.0.2045.43)","Microsoft Edge","69010383-ff55-4227-bd6c-d91c26f2643b","2023/09/25 18:59:32","KB0-MicrosoftEdge-WV2-Client-x86-Retail","200","704abfb6-711b-4bc0-a1cc-f4f589d7cd20","","","Updates","cd5ffd1e-e932-4e3a-bf74-18bf0b1bbd83","Windows","Software",""
"Microsoft Edge-WebView2 Runtime Version 117 Update for x86 based Editions (Build 117.0.2045.60)","Microsoft Edge","69010383-ff55-4227-bd6c-d91c26f2643b","2023/10/06 22:03:24","KB0-MicrosoftEdge-WV2-Client-x86-Retail","200","25fd4dae-2d8d-424c-993c-d5d8b23ac23e","","","Updates","cd5ffd1e-e932-4e3a-bf74-18bf0b1bbd83","Windows","Software",""
"Microsoft Edge-WebView2 Runtime Version 117 Update for x86 based Editions (Build 117.0.2045.55)","Microsoft Edge","69010383-ff55-4227-bd6c-d91c26f2643b","2023/10/04 23:28:20","KB0-MicrosoftEdge-WV2-Client-x86-Retail","200","4e5c7dcc-1a4a-4530-a18b-977fe19c2e28","","","Updates","cd5ffd1e-e932-4e3a-bf74-18bf0b1bbd83","Windows","Software",""
"Microsoft Edge-WebView2 Runtime Version 118 Update for x86 based Editions (Build 118.0.2088.57)","Microsoft Edge","69010383-ff55-4227-bd6c-d91c26f2643b","2023/10/18 21:12:41","KB0-MicrosoftEdge-WV2-Client-x86-Retail","200","221c3d56-c66e-4881-a9f2-c85412fdd6d6","","","Updates","cd5ffd1e-e932-4e3a-bf74-18bf0b1bbd83","Windows","Software",""
"Microsoft Edge-WebView2 Runtime Version 118 Update for x86 based Editions (Build 118.0.2088.69)","Microsoft Edge","69010383-ff55-4227-bd6c-d91c26f2643b","2023/10/25 17:00:00","KB0-MicrosoftEdge-WV2-Client-x86-Retail","200","7ede7544-09a8-4639-b0e6-6d9385b066ca","","","Updates","cd5ffd1e-e932-4e3a-bf74-18bf0b1bbd83","Windows","Software",""
"Microsoft Edge-WebView2 Runtime Version 118 Update for x86 based Editions (Build 118.0.2088.61)","Microsoft Edge","69010383-ff55-4227-bd6c-d91c26f2643b","2023/10/20 19:20:25","KB0-MicrosoftEdge-WV2-Client-x86-Retail","200","068f40f5-d023-4369-8b9f-8f2a2b020d8a","","","Updates","cd5ffd1e-e932-4e3a-bf74-18bf0b1bbd83","Windows","Software",""
"Microsoft Edge-WebView2 Runtime Version 118 Update for x86 based Editions (Build 118.0.2088.46)","Microsoft Edge","69010383-ff55-4227-bd6c-d91c26f2643b","2023/10/13 19:11:34","KB0-MicrosoftEdge-WV2-Client-x86-Retail","200","cf411a17-13d0-42f2-9e95-4504aea32d5f","","","Updates","cd5ffd1e-e932-4e3a-bf74-18bf0b1bbd83","Windows","Software",""
"Microsoft Edge-WebView2 Runtime Version 118 Update for x86 based Editions (Build 118.0.2088.76)","Microsoft Edge","69010383-ff55-4227-bd6c-d91c26f2643b","2023/10/30 17:00:00","KB0-MicrosoftEdge-WV2-Client-x86-Retail","200","41b4781d-48d6-412d-9665-be937e471c87","","","Updates","cd5ffd1e-e932-4e3a-bf74-18bf0b1bbd83","Windows","Software",""
"Microsoft Edge-WebView2 Runtime Version 119 Update for x86 based Editions (Build 119.0.2151.44)","Microsoft Edge","69010383-ff55-4227-bd6c-d91c26f2643b","2023/11/02 22:54:26","KB0-MicrosoftEdge-WV2-Client-x86-Retail","200","8453eca1-cb88-4c0f-a362-36ae6c3baf14","","","Updates","cd5ffd1e-e932-4e3a-bf74-18bf0b1bbd83","Windows","Software",""
"Microsoft Edge-WebView2 Runtime Version 119 Update for x86 based Editions (Build 119.0.2151.58)","Microsoft Edge","69010383-ff55-4227-bd6c-d91c26f2643b","2023/11/09 21:41:52","KB0-MicrosoftEdge-WV2-Client-x86-Retail","200","e53ca03c-94e2-44e3-8920-d5fcfa845b73","","","Updates","cd5ffd1e-e932-4e3a-bf74-18bf0b1bbd83","Windows","Software",""
"Microsoft Edge-WebView2 Runtime Version 119 Update for x86 based Editions (Build 119.0.2151.97)","Microsoft Edge","69010383-ff55-4227-bd6c-d91c26f2643b","2023/11/30 0:52:48","KB0-MicrosoftEdge-WV2-Client-x86-Retail","200","8ac2e50e-8ad0-46f0-9b41-0efd5159ec44","","","Updates","cd5ffd1e-e932-4e3a-bf74-18bf0b1bbd83","Windows","Software",""
"Microsoft Edge-WebView2 Runtime Version 119 Update for x86 based Editions (Build 119.0.2151.72)","Microsoft Edge","69010383-ff55-4227-bd6c-d91c26f2643b","2023/11/16 21:56:48","KB0-MicrosoftEdge-WV2-Client-x86-Retail","200","dac687ad-c9e6-4f72-a415-4e24d66d69cf","","","Updates","cd5ffd1e-e932-4e3a-bf74-18bf0b1bbd83","Windows","Software",""
"Microsoft Edge-WebView2 Runtime Version 120 Update for x86 based Editions (Build 120.0.2210.61)","Microsoft Edge","69010383-ff55-4227-bd6c-d91c26f2643b","2023/12/07 23:06:39","KB0-MicrosoftEdge-WV2-Client-x86-Retail","200","dfe37c3b-1f21-468b-ab56-bb5d42717abc","","","Updates","cd5ffd1e-e932-4e3a-bf74-18bf0b1bbd83","Windows","Software",""
"Microsoft Edge-WebView2 Runtime Version 120 Update for x86 based Editions (Build 120.0.2210.77)","Microsoft Edge","69010383-ff55-4227-bd6c-d91c26f2643b","2023/12/15 18:00:00","KB0-MicrosoftEdge-WV2-Client-x86-Retail","200","66453f29-2bc6-477f-b334-7a28de60b431","","","Updates","cd5ffd1e-e932-4e3a-bf74-18bf0b1bbd83","Windows","Software",""
"Microsoft Edge-WebView2 Runtime Version 120 Update for x86 based Editions (Build 120.0.2210.121)","Microsoft Edge","69010383-ff55-4227-bd6c-d91c26f2643b","2024/01/05 21:21:46","KB0-MicrosoftEdge-WV2-Client-x86-Retail","200","7bf45244-e5ae-4957-8205-61be10fedc80","","","Updates","cd5ffd1e-e932-4e3a-bf74-18bf0b1bbd83","Windows","Software",""
"Microsoft Edge-WebView2 Runtime Version 120 Update for x86 based Editions (Build 120.0.2210.89)","Microsoft Edge","69010383-ff55-4227-bd6c-d91c26f2643b","2023/12/20 21:16:52","KB0-MicrosoftEdge-WV2-Client-x86-Retail","200","83a94bca-ddf4-483b-9652-4cd75c62873c","","","Updates","cd5ffd1e-e932-4e3a-bf74-18bf0b1bbd83","Windows","Software",""
"Microsoft Edge-WebView2 Runtime Version 120 Update for x86 based Editions (Build 120.0.2210.91)","Microsoft Edge","69010383-ff55-4227-bd6c-d91c26f2643b","2023/12/21 20:44:59","KB0-MicrosoftEdge-WV2-Client-x86-Retail","200","b2873707-c55c-40ee-b5b5-fd67be117127","","","Updates","cd5ffd1e-e932-4e3a-bf74-18bf0b1bbd83","Windows","Software",""
"Microsoft Edge-WebView2 Runtime Version 120 Update for x86 based Editions (Build 120.0.2210.133)","Microsoft Edge","69010383-ff55-4227-bd6c-d91c26f2643b","2024/01/11 21:47:50","KB0-MicrosoftEdge-WV2-Client-x86-Retail","200","29554d20-4e13-4a1e-a876-aa6247426b81","","","Updates","cd5ffd1e-e932-4e3a-bf74-18bf0b1bbd83","Windows","Software",""
"Microsoft Edge-WebView2 Runtime Version 120 Update for x86 based Editions (Build 120.0.2210.144)","Microsoft Edge","69010383-ff55-4227-bd6c-d91c26f2643b","2024/01/17 20:47:08","KB0-MicrosoftEdge-WV2-Client-x86-Retail","200","4d7165b2-ea50-4b24-8478-2c533a1e5e0e","","","Updates","cd5ffd1e-e932-4e3a-bf74-18bf0b1bbd83","Windows","Software",""
"Microsoft Edge-WebView2 Runtime Version 121 Update for x86 based Editions (Build 121.0.2277.83)","Microsoft Edge","69010383-ff55-4227-bd6c-d91c26f2643b","2024/01/25 22:13:38","KB0-MicrosoftEdge-WV2-Client-x86-Retail","200","9b8091bf-25f8-44db-b37d-9c0be268d18f","","","Updates","cd5ffd1e-e932-4e3a-bf74-18bf0b1bbd83","Windows","Software",""
"Microsoft Edge-WebView2 Runtime Version 121 Update for x86 based Editions (Build 121.0.2277.98)","Microsoft Edge","69010383-ff55-4227-bd6c-d91c26f2643b","2024/02/01 22:42:36","KB0-MicrosoftEdge-WV2-Client-x86-Retail","201","809d15c5-8627-4a71-b50c-508aa2ff768e","","","Updates","cd5ffd1e-e932-4e3a-bf74-18bf0b1bbd83","Windows","Software",""
"Microsoft Edge-WebView2 Runtime Version 121 Update for x86 based Editions (Build 121.0.2277.106)","Microsoft Edge","69010383-ff55-4227-bd6c-d91c26f2643b","2024/02/05 21:28:30","KB0-MicrosoftEdge-WV2-Client-x86-Retail","201","9adf3ddb-272e-497b-ab15-59a0b98ae706","","","Updates","cd5ffd1e-e932-4e3a-bf74-18bf0b1bbd83","Windows","Software",""
"Microsoft Edge-WebView2 Runtime Version 121 Update for x86 based Editions (Build 121.0.2277.112)","Microsoft Edge","69010383-ff55-4227-bd6c-d91c26f2643b","2024/02/08 21:46:25","KB0-MicrosoftEdge-WV2-Client-x86-Retail","200","f55432c0-4aa9-47e4-a8da-e7c6ae59eaef","","","Updates","cd5ffd1e-e932-4e3a-bf74-18bf0b1bbd83","Windows","Software",""
"Microsoft Edge-WebView2 Runtime Version 122 Update for x86 based Editions (Build 122.0.2365.59)","Microsoft Edge","69010383-ff55-4227-bd6c-d91c26f2643b","2024/02/27 19:36:01","KB0-MicrosoftEdge-WV2-Client-x86-Retail","200","5a3871ed-5096-4019-88d2-1261f7d7dd0b","","","Updates","cd5ffd1e-e932-4e3a-bf74-18bf0b1bbd83","Windows","Software",""
"Microsoft Edge-WebView2 Runtime Version 122 Update for x86 based Editions (Build 122.0.2365.52)","Microsoft Edge","69010383-ff55-4227-bd6c-d91c26f2643b","2024/02/23 23:06:57","KB0-MicrosoftEdge-WV2-Client-x86-Retail","200","9c0c3767-d1e9-4d24-9eb6-374110bc1ad3","","","Updates","cd5ffd1e-e932-4e3a-bf74-18bf0b1bbd83","Windows","Software",""
"Microsoft Edge-WebView2 Runtime Version 121 Update for x86 based Editions (Build 121.0.2277.128)","Microsoft Edge","69010383-ff55-4227-bd6c-d91c26f2643b","2024/02/15 21:50:40","KB0-MicrosoftEdge-WV2-Client-x86-Retail","200","46115464-52c6-40dc-ac49-d02699d4201e","","","Updates","cd5ffd1e-e932-4e3a-bf74-18bf0b1bbd83","Windows","Software",""
"Microsoft Edge-WebView2 Runtime Version 122 Update for x86 based Editions (Build 122.0.2365.63)","Microsoft Edge","69010383-ff55-4227-bd6c-d91c26f2643b","2024/02/29 22:20:34","KB0-MicrosoftEdge-WV2-Client-x86-Retail","200","6665db33-4ec1-4e44-adc4-87e5e5b5b3e5","","","Updates","cd5ffd1e-e932-4e3a-bf74-18bf0b1bbd83","Windows","Software",""
"Microsoft Edge-WebView2 Runtime Version 122 Update for x86 based Editions (Build 122.0.2365.66)","Microsoft Edge","69010383-ff55-4227-bd6c-d91c26f2643b","2024/03/01 22:53:45","KB0-MicrosoftEdge-WV2-Client-x86-Retail","200","0bf05a8f-74f3-46a8-a68c-498377d270b9","","","Updates","cd5ffd1e-e932-4e3a-bf74-18bf0b1bbd83","Windows","Software",""
"Microsoft Edge-WebView2 Runtime Version 122 Update for x86 based Editions (Build 122.0.2365.80)","Microsoft Edge","69010383-ff55-4227-bd6c-d91c26f2643b","2024/03/07 21:14:29","KB0-MicrosoftEdge-WV2-Client-x86-Retail","200","a9481df7-b47a-4d11-bed1-469727d011c4","","","Updates","cd5ffd1e-e932-4e3a-bf74-18bf0b1bbd83","Windows","Software",""
"Microsoft Edge-WebView2 Runtime Version 122 Update for x86 based Editions (Build 122.0.2365.92)","Microsoft Edge","69010383-ff55-4227-bd6c-d91c26f2643b","2024/03/14 23:19:11","KB0-MicrosoftEdge-WV2-Client-x86-Retail","200","e6a73ded-b7d1-4f08-9a50-fe0bbe5941fc","","","Updates","cd5ffd1e-e932-4e3a-bf74-18bf0b1bbd83","Windows","Software",""
"Microsoft Edge-WebView2 Runtime Version 123 Update for x86 based Editions (Build 123.0.2420.53)","Microsoft Edge","69010383-ff55-4227-bd6c-d91c26f2643b","2024/03/22 22:45:53","KB0-MicrosoftEdge-WV2-Client-x86-Retail","200","66afff0a-8bf3-4332-a454-759a9f9becb1","","","Updates","cd5ffd1e-e932-4e3a-bf74-18bf0b1bbd83","Windows","Software",""
"Microsoft Edge-WebView2 Runtime Version 123 Update for x86 based Editions (Build 123.0.2420.65)","Microsoft Edge","69010383-ff55-4227-bd6c-d91c26f2643b","2024/03/27 19:25:22","KB0-MicrosoftEdge-WV2-Client-x86-Retail","200","c6a723a5-446c-45ad-949c-e815479265cd","","","Updates","cd5ffd1e-e932-4e3a-bf74-18bf0b1bbd83","Windows","Software",""
"Microsoft Edge-WebView2 Runtime Version 123 Update for x86 based Editions (Build 123.0.2420.81)","Microsoft Edge","69010383-ff55-4227-bd6c-d91c26f2643b","2024/04/04 21:27:46","KB0-MicrosoftEdge-WV2-Client-x86-Retail","200","8bd23999-57ac-4272-836a-60b2704b063c","","","Updates","cd5ffd1e-e932-4e3a-bf74-18bf0b1bbd83","Windows","Software",""
"Microsoft Edge-WebView2 Runtime Version 123 Update for x86 based Editions (Build 123.0.2420.97)","Microsoft Edge","69010383-ff55-4227-bd6c-d91c26f2643b","2024/04/12 20:26:39","KB0-MicrosoftEdge-WV2-Client-x86-Retail","200","152638b9-4d3a-4116-a79e-754d256a54c8","","","Updates","cd5ffd1e-e932-4e3a-bf74-18bf0b1bbd83","Windows","Software",""
"Microsoft Edge-WebView2 Runtime Version 124 Update for x86 based Editions (Build 124.0.2478.51)","Microsoft Edge","69010383-ff55-4227-bd6c-d91c26f2643b","2024/04/18 20:06:05","KB0-MicrosoftEdge-WV2-Client-x86-Retail","200","a15c2600-ed98-4870-a935-aec2bba34ec3","","","Updates","cd5ffd1e-e932-4e3a-bf74-18bf0b1bbd83","Windows","Software",""
"Microsoft Edge-WebView2 Runtime Version 124 Update for x86 based Editions (Build 124.0.2478.67)","Microsoft Edge","69010383-ff55-4227-bd6c-d91c26f2643b","2024/04/26 19:33:00","KB0-MicrosoftEdge-WV2-Client-x86-Retail","200","c6d8dbb9-e6c8-414d-80f6-4163ffc8806c","","","Updates","cd5ffd1e-e932-4e3a-bf74-18bf0b1bbd83","Windows","Software",""
