﻿"Title","ProductTitles","ProductIds","CreationDate","LegacyName","Id.RevisionNumber","Id.UpdateId","KnowledgebaseArticles","SecurityBulletins","UpdateClassificationTitle","UpdateClassificationId","ProductFamilyTitles","UpdateType","Action"
"Microsoft Edge-Extended Stable Channel Version 94 Update for x86 based Editions (Build 94.0.992.31)","Microsoft Edge","69010383-ff55-4227-bd6c-d91c26f2643b","2021/09/27 17:00:06","KB0-ExtendedStable-RTM-MicrosoftEdge-X86-TSL-World","200","d2893196-c52f-4870-8128-4215732dafcb","","","Updates","cd5ffd1e-e932-4e3a-bf74-18bf0b1bbd83","Windows","Software",""
"Microsoft Edge-Extended Stable Channel Version 112 Update for x86 based Editions (Build 112.0.1722.68)","Microsoft Edge","69010383-ff55-4227-bd6c-d91c26f2643b","2023/05/02 17:00:06","KB0-ExtendedStable-RTM-MicrosoftEdge-X86-TSL-World","200","6ec0c11a-db5e-434e-be48-3ef81d45d3f6","","","Updates","cd5ffd1e-e932-4e3a-bf74-18bf0b1bbd83","Windows","Software",""
"Microsoft Edge-Extended Stable Channel Version 112 Update for x86 based Editions (Build 112.0.1722.64)","Microsoft Edge","69010383-ff55-4227-bd6c-d91c26f2643b","2023/04/27 21:52:06","KB0-ExtendedStable-RTM-MicrosoftEdge-X86-TSL-World","200","50c52100-06a4-476e-a85b-15b6d893a0af","","","Updates","cd5ffd1e-e932-4e3a-bf74-18bf0b1bbd83","Windows","Software",""
"Microsoft Edge-Extended Stable Channel Version 112 Update for x86 based Editions (Build 112.0.1722.71)","Microsoft Edge","69010383-ff55-4227-bd6c-d91c26f2643b","2023/05/04 22:13:06","KB0-ExtendedStable-RTM-MicrosoftEdge-X86-TSL-World","200","c6dad450-919a-4c58-a234-9100ed75d51d","","","Updates","cd5ffd1e-e932-4e3a-bf74-18bf0b1bbd83","Windows","Software",""
"Microsoft Edge-Extended Stable Channel Version 112 Update for x86 based Editions (Build 112.0.1722.77)","Microsoft Edge","69010383-ff55-4227-bd6c-d91c26f2643b","2023/05/09 22:46:06","KB0-ExtendedStable-RTM-MicrosoftEdge-X86-TSL-World","200","23d9ac5b-3085-44a4-ac3d-18fb93943544","","","Updates","cd5ffd1e-e932-4e3a-bf74-18bf0b1bbd83","Windows","Software",""
"Microsoft Edge-Extended Stable Channel Version 112 Update for x86 based Editions (Build 112.0.1722.84)","Microsoft Edge","69010383-ff55-4227-bd6c-d91c26f2643b","2023/05/18 21:07:06","KB0-ExtendedStable-RTM-MicrosoftEdge-X86-TSL-World","200","6e492b55-a1c7-4cff-9cf3-c5786b5c3a48","","","Updates","cd5ffd1e-e932-4e3a-bf74-18bf0b1bbd83","Windows","Software",""
"Microsoft Edge-Extended Stable Channel Version 114 Update for x86 based Editions (Build 114.0.1823.37)","Microsoft Edge","69010383-ff55-4227-bd6c-d91c26f2643b","2023/06/02 20:23:06","KB0-ExtendedStable-RTM-MicrosoftEdge-X86-TSL-World","200","0c5a01be-a69a-455b-9e84-008e5b0dddfc","","","Updates","cd5ffd1e-e932-4e3a-bf74-18bf0b1bbd83","Windows","Software",""
"Microsoft Edge-Extended Stable Channel Version 114 Update for x86 based Editions (Build 114.0.1823.41)","Microsoft Edge","69010383-ff55-4227-bd6c-d91c26f2643b","2023/06/06 23:10:06","KB0-ExtendedStable-RTM-MicrosoftEdge-X86-TSL-World","200","4bd29c24-4792-4194-a285-39e3a9b0bf1c","","","Updates","cd5ffd1e-e932-4e3a-bf74-18bf0b1bbd83","Windows","Software",""
"Microsoft Edge-Extended Stable Channel Version 114 Update for x86 based Editions (Build 114.0.1823.43)","Microsoft Edge","69010383-ff55-4227-bd6c-d91c26f2643b","2023/06/08 21:37:06","KB0-ExtendedStable-RTM-MicrosoftEdge-X86-TSL-World","200","bd2fccb9-3ce8-4bda-8f0e-0e96acc9e39b","","","Updates","cd5ffd1e-e932-4e3a-bf74-18bf0b1bbd83","Windows","Software",""
"Microsoft Edge-Extended Stable Channel Version 114 Update for x86 based Editions (Build 114.0.1823.51)","Microsoft Edge","69010383-ff55-4227-bd6c-d91c26f2643b","2023/06/15 22:36:06","KB0-ExtendedStable-RTM-MicrosoftEdge-X86-TSL-World","200","31584c39-d9d2-471a-a1a9-dd441b22dc32","","","Updates","cd5ffd1e-e932-4e3a-bf74-18bf0b1bbd83","Windows","Software",""
"Microsoft Edge-Extended Stable Channel Version 114 Update for x86 based Editions (Build 114.0.1823.79)","Microsoft Edge","69010383-ff55-4227-bd6c-d91c26f2643b","2023/07/10 20:14:06","KB0-ExtendedStable-RTM-MicrosoftEdge-X86-TSL-World","200","93082e9e-a556-4a5d-82c8-db59b231f5ab","","","Updates","cd5ffd1e-e932-4e3a-bf74-18bf0b1bbd83","Windows","Software",""
"Microsoft Edge-Extended Stable Channel Version 114 Update for x86 based Editions (Build 114.0.1823.58)","Microsoft Edge","69010383-ff55-4227-bd6c-d91c26f2643b","2023/06/22 20:58:06","KB0-ExtendedStable-RTM-MicrosoftEdge-X86-TSL-World","201","67d1cefb-ac40-4f67-b52f-3f23d16ab6ef","","","Updates","cd5ffd1e-e932-4e3a-bf74-18bf0b1bbd83","Windows","Software",""
"Microsoft Edge-Extended Stable Channel Version 114 Update for x86 based Editions (Build 114.0.1823.67)","Microsoft Edge","69010383-ff55-4227-bd6c-d91c26f2643b","2023/06/29 21:56:06","KB0-ExtendedStable-RTM-MicrosoftEdge-X86-TSL-World","200","36f130d9-2d27-4aa3-8002-a2422c865662","","","Updates","cd5ffd1e-e932-4e3a-bf74-18bf0b1bbd83","Windows","Software",""
"Microsoft Edge-Extended Stable Channel Version 114 Update for x86 based Editions (Build 114.0.1823.90)","Microsoft Edge","69010383-ff55-4227-bd6c-d91c26f2643b","2023/07/21 20:00:06","KB0-ExtendedStable-RTM-MicrosoftEdge-X86-TSL-World","200","4a5b5033-4688-4ff5-a2c6-e9f1fc894663","","","Updates","cd5ffd1e-e932-4e3a-bf74-18bf0b1bbd83","Windows","Software",""
"Microsoft Edge-Extended Stable Channel Version 114 Update for x86 based Editions (Build 114.0.1823.82)","Microsoft Edge","69010383-ff55-4227-bd6c-d91c26f2643b","2023/07/13 19:54:06","KB0-ExtendedStable-RTM-MicrosoftEdge-X86-TSL-World","200","d7f64aa7-8f0d-43f2-864e-84271fca2921","","","Updates","cd5ffd1e-e932-4e3a-bf74-18bf0b1bbd83","Windows","Software",""
"Microsoft Edge-Extended Stable Channel Version 114 Update for x86 based Editions (Build 114.0.1823.86)","Microsoft Edge","69010383-ff55-4227-bd6c-d91c26f2643b","2023/07/17 20:35:06","KB0-ExtendedStable-RTM-MicrosoftEdge-X86-TSL-World","200","cac541cd-18c5-4ec8-81cc-158d2953f8bf","","","Updates","cd5ffd1e-e932-4e3a-bf74-18bf0b1bbd83","Windows","Software",""
"Microsoft Edge-Extended Stable Channel Version 114 Update for x86 based Editions (Build 114.0.1823.106)","Microsoft Edge","69010383-ff55-4227-bd6c-d91c26f2643b","2023/08/07 19:57:06","KB0-ExtendedStable-RTM-MicrosoftEdge-X86-TSL-World","200","e9ec50df-ccfb-4297-b85c-ddb028995aec","","","Updates","cd5ffd1e-e932-4e3a-bf74-18bf0b1bbd83","Windows","Software",""
"Microsoft Edge-Extended Stable Channel Version 116 Update for x86 based Editions (Build 116.0.1938.69)","Microsoft Edge","69010383-ff55-4227-bd6c-d91c26f2643b","2023/08/31 20:01:06","KB0-ExtendedStable-RTM-MicrosoftEdge-X86-TSL-World","200","2048e0e4-afc3-486e-9cd0-aba96304f1b1","","","Updates","cd5ffd1e-e932-4e3a-bf74-18bf0b1bbd83","Windows","Software",""
"Microsoft Edge-Extended Stable Channel Version 116 Update for x86 based Editions (Build 116.0.1938.54)","Microsoft Edge","69010383-ff55-4227-bd6c-d91c26f2643b","2023/08/21 20:10:06","KB0-ExtendedStable-RTM-MicrosoftEdge-X86-TSL-World","200","4efbd77a-045c-4864-812c-c90b071ecc0a","","","Updates","cd5ffd1e-e932-4e3a-bf74-18bf0b1bbd83","Windows","Software",""
"Microsoft Edge-Extended Stable Channel Version 116 Update for x86 based Editions (Build 116.0.1938.62)","Microsoft Edge","69010383-ff55-4227-bd6c-d91c26f2643b","2023/08/25 20:10:06","KB0-ExtendedStable-RTM-MicrosoftEdge-X86-TSL-World","200","bbdcf28a-4642-42f2-99b5-737e9a740a50","","","Updates","cd5ffd1e-e932-4e3a-bf74-18bf0b1bbd83","Windows","Software",""
"Microsoft Edge-Extended Stable Channel Version 116 Update for x86 based Editions (Build 116.0.1938.76)","Microsoft Edge","69010383-ff55-4227-bd6c-d91c26f2643b","2023/09/07 20:23:06","KB0-ExtendedStable-RTM-MicrosoftEdge-X86-TSL-World","200","d3287a73-0ed3-46a0-a3d8-90e3b02c1007","","","Updates","cd5ffd1e-e932-4e3a-bf74-18bf0b1bbd83","Windows","Software",""
"Microsoft Edge-Extended Stable Channel Version 116 Update for x86 based Editions (Build 116.0.1938.81)","Microsoft Edge","69010383-ff55-4227-bd6c-d91c26f2643b","2023/09/12 19:50:06","KB0-ExtendedStable-RTM-MicrosoftEdge-X86-TSL-World","200","48c13d97-b470-474e-bc26-7474e075dff8","","","Updates","cd5ffd1e-e932-4e3a-bf74-18bf0b1bbd83","Windows","Software",""
"Microsoft Edge-Extended Stable Channel Version 116 Update for x86 based Editions (Build 116.0.1938.98)","Microsoft Edge","69010383-ff55-4227-bd6c-d91c26f2643b","2023/09/29 23:26:06","KB0-ExtendedStable-RTM-MicrosoftEdge-X86-TSL-World","200","d3a56ce4-c1cb-44cf-aaf1-a00c9e1fe5e0","","","Updates","cd5ffd1e-e932-4e3a-bf74-18bf0b1bbd83","Windows","Software",""
"Microsoft Edge-Extended Stable Channel Version 118 Update for x86 based Editions (Build 118.0.2088.57)","Microsoft Edge","69010383-ff55-4227-bd6c-d91c26f2643b","2023/10/18 22:00:06","KB0-ExtendedStable-RTM-MicrosoftEdge-X86-TSL-World","200","fa181972-154f-4dff-a295-12ccddf02935","","","Updates","cd5ffd1e-e932-4e3a-bf74-18bf0b1bbd83","Windows","Software",""
"Microsoft Edge-Extended Stable Channel Version 118 Update for x86 based Editions (Build 118.0.2088.69)","Microsoft Edge","69010383-ff55-4227-bd6c-d91c26f2643b","2023/10/25 17:00:06","KB0-ExtendedStable-RTM-MicrosoftEdge-X86-TSL-World","200","d7709d88-4e08-45bd-817e-3f38a336bbf7","","","Updates","cd5ffd1e-e932-4e3a-bf74-18bf0b1bbd83","Windows","Software",""
"Microsoft Edge-Extended Stable Channel Version 118 Update for x86 based Editions (Build 118.0.2088.46)","Microsoft Edge","69010383-ff55-4227-bd6c-d91c26f2643b","2023/10/13 19:47:06","KB0-ExtendedStable-RTM-MicrosoftEdge-X86-TSL-World","200","5611d37b-327d-4d49-954b-daff9f8e1c98","","","Updates","cd5ffd1e-e932-4e3a-bf74-18bf0b1bbd83","Windows","Software",""
"Microsoft Edge-Extended Stable Channel Version 118 Update for x86 based Editions (Build 118.0.2088.61)","Microsoft Edge","69010383-ff55-4227-bd6c-d91c26f2643b","2023/10/20 19:36:06","KB0-ExtendedStable-RTM-MicrosoftEdge-X86-TSL-World","200","f7717412-b589-4862-8761-a84588e7949b","","","Updates","cd5ffd1e-e932-4e3a-bf74-18bf0b1bbd83","Windows","Software",""
"Microsoft Edge-Extended Stable Channel Version 118 Update for x86 based Editions (Build 118.0.2088.76)","Microsoft Edge","69010383-ff55-4227-bd6c-d91c26f2643b","2023/10/30 17:00:06","KB0-ExtendedStable-RTM-MicrosoftEdge-X86-TSL-World","200","7b29d058-bada-4bcf-b5ac-b90d01079b0e","","","Updates","cd5ffd1e-e932-4e3a-bf74-18bf0b1bbd83","Windows","Software",""
"Microsoft Edge-Extended Stable Channel Version 118 Update for x86 based Editions (Build 118.0.2088.102)","Microsoft Edge","69010383-ff55-4227-bd6c-d91c26f2643b","2023/11/09 18:12:06","KB0-ExtendedStable-RTM-MicrosoftEdge-X86-TSL-World","200","e597dcc4-8e26-438c-b18a-61bbd00203ef","","","Updates","cd5ffd1e-e932-4e3a-bf74-18bf0b1bbd83","Windows","Software",""
"Microsoft Edge-Extended Stable Channel Version 118 Update for x86 based Editions (Build 118.0.2088.88)","Microsoft Edge","69010383-ff55-4227-bd6c-d91c26f2643b","2023/11/02 19:34:06","KB0-ExtendedStable-RTM-MicrosoftEdge-X86-TSL-World","200","f7a81e16-b074-4f64-aaf5-4ca1f1093e1a","","","Updates","cd5ffd1e-e932-4e3a-bf74-18bf0b1bbd83","Windows","Software",""
"Microsoft Edge-Extended Stable Channel Version 118 Update for x86 based Editions (Build 118.0.2088.109)","Microsoft Edge","69010383-ff55-4227-bd6c-d91c26f2643b","2023/11/16 20:55:06","KB0-ExtendedStable-RTM-MicrosoftEdge-X86-TSL-World","200","941d00bd-6876-46ca-90de-fbc7cc13b6c1","","","Updates","cd5ffd1e-e932-4e3a-bf74-18bf0b1bbd83","Windows","Software",""
"Microsoft Edge-Extended Stable Channel Version 120 Update for x86 based Editions (Build 120.0.2210.61)","Microsoft Edge","69010383-ff55-4227-bd6c-d91c26f2643b","2023/12/07 22:41:06","KB0-ExtendedStable-RTM-MicrosoftEdge-X86-TSL-World","200","bb1e4415-06c9-4c2f-9e2f-d5667d11cd8e","","","Updates","cd5ffd1e-e932-4e3a-bf74-18bf0b1bbd83","Windows","Software",""
"Microsoft Edge-Extended Stable Channel Version 118 Update for x86 based Editions (Build 118.0.2088.122)","Microsoft Edge","69010383-ff55-4227-bd6c-d91c26f2643b","2023/11/30 0:30:06","KB0-ExtendedStable-RTM-MicrosoftEdge-X86-TSL-World","200","79eaf6ad-b242-44c3-9271-c6056f33b459","","","Updates","cd5ffd1e-e932-4e3a-bf74-18bf0b1bbd83","Windows","Software",""
"Microsoft Edge-Extended Stable Channel Version 120 Update for x86 based Editions (Build 120.0.2210.77)","Microsoft Edge","69010383-ff55-4227-bd6c-d91c26f2643b","2023/12/15 18:00:06","KB0-ExtendedStable-RTM-MicrosoftEdge-X86-TSL-World","200","b0afabe9-076d-4aa6-9524-c00afda4a70a","","","Updates","cd5ffd1e-e932-4e3a-bf74-18bf0b1bbd83","Windows","Software",""
"Microsoft Edge-Extended Stable Channel Version 120 Update for x86 based Editions (Build 120.0.2210.91)","Microsoft Edge","69010383-ff55-4227-bd6c-d91c26f2643b","2023/12/21 21:00:06","KB0-ExtendedStable-RTM-MicrosoftEdge-X86-TSL-World","200","4de19b11-9bd8-4a50-9ebf-740142a8a758","","","Updates","cd5ffd1e-e932-4e3a-bf74-18bf0b1bbd83","Windows","Software",""
"Microsoft Edge-Extended Stable Channel Version 120 Update for x86 based Editions (Build 120.0.2210.89)","Microsoft Edge","69010383-ff55-4227-bd6c-d91c26f2643b","2023/12/20 22:12:06","KB0-ExtendedStable-RTM-MicrosoftEdge-X86-TSL-World","200","a81b37a2-a1c2-4765-b149-693335e89be2","","","Updates","cd5ffd1e-e932-4e3a-bf74-18bf0b1bbd83","Windows","Software",""
"Microsoft Edge-Extended Stable Channel Version 120 Update for x86 based Editions (Build 120.0.2210.121)","Microsoft Edge","69010383-ff55-4227-bd6c-d91c26f2643b","2024/01/05 22:04:06","KB0-ExtendedStable-RTM-MicrosoftEdge-X86-TSL-World","200","d1733572-bd17-45c2-9455-bf9becdb70a8","","","Updates","cd5ffd1e-e932-4e3a-bf74-18bf0b1bbd83","Windows","Software",""
"Microsoft Edge-Extended Stable Channel Version 120 Update for x86 based Editions (Build 120.0.2210.133)","Microsoft Edge","69010383-ff55-4227-bd6c-d91c26f2643b","2024/01/11 22:26:06","KB0-ExtendedStable-RTM-MicrosoftEdge-X86-TSL-World","200","45eb28eb-809a-45b5-a75b-c2e484b6bd06","","","Updates","cd5ffd1e-e932-4e3a-bf74-18bf0b1bbd83","Windows","Software",""
"Microsoft Edge-Extended Stable Channel Version 120 Update for x86 based Editions (Build 120.0.2210.144)","Microsoft Edge","69010383-ff55-4227-bd6c-d91c26f2643b","2024/01/17 21:08:06","KB0-ExtendedStable-RTM-MicrosoftEdge-X86-TSL-World","200","ece8c156-b667-43ed-8f1f-d75a29854d1b","","","Updates","cd5ffd1e-e932-4e3a-bf74-18bf0b1bbd83","Windows","Software",""
"Microsoft Edge-Extended Stable Channel Version 120 Update for x86 based Editions (Build 120.0.2210.160)","Microsoft Edge","69010383-ff55-4227-bd6c-d91c26f2643b","2024/01/25 22:08:06","KB0-ExtendedStable-RTM-MicrosoftEdge-X86-TSL-World","200","0c6019fa-30a1-4a27-9c9e-56506c1d212e","","","Updates","cd5ffd1e-e932-4e3a-bf74-18bf0b1bbd83","Windows","Software",""
"Microsoft Edge-Extended Stable Channel Version 120 Update for x86 based Editions (Build 120.0.2210.167)","Microsoft Edge","69010383-ff55-4227-bd6c-d91c26f2643b","2024/01/31 20:29:06","KB0-ExtendedStable-RTM-MicrosoftEdge-X86-TSL-World","200","80c23de1-9a88-431e-903a-fdc51ddc0ecf","","","Updates","cd5ffd1e-e932-4e3a-bf74-18bf0b1bbd83","Windows","Software",""
"Microsoft Edge-Extended Stable Channel Version 120 Update for x86 based Editions (Build 120.0.2210.175)","Microsoft Edge","69010383-ff55-4227-bd6c-d91c26f2643b","2024/02/08 20:40:06","KB0-ExtendedStable-RTM-MicrosoftEdge-X86-TSL-World","200","717b932e-a1a6-494c-8704-f242b0f9fe96","","","Updates","cd5ffd1e-e932-4e3a-bf74-18bf0b1bbd83","Windows","Software",""
"Microsoft Edge-Extended Stable Channel Version 120 Update for x86 based Editions (Build 120.0.2210.181)","Microsoft Edge","69010383-ff55-4227-bd6c-d91c26f2643b","2024/02/21 18:00:06","KB0-ExtendedStable-RTM-MicrosoftEdge-X86-TSL-World","200","d2da44bd-ab2c-47bc-9860-0dab2dc7ae57","","","Updates","cd5ffd1e-e932-4e3a-bf74-18bf0b1bbd83","Windows","Software",""
"Microsoft Edge-Extended Stable Channel Version 122 Update for x86 based Editions (Build 122.0.2365.52)","Microsoft Edge","69010383-ff55-4227-bd6c-d91c26f2643b","2024/02/23 23:54:06","KB0-ExtendedStable-RTM-MicrosoftEdge-X86-TSL-World","200","d89d3b90-d968-43fb-8410-c74e35dc2d89","","","Updates","cd5ffd1e-e932-4e3a-bf74-18bf0b1bbd83","Windows","Software",""
"Microsoft Edge-Extended Stable Channel Version 122 Update for x86 based Editions (Build 122.0.2365.66)","Microsoft Edge","69010383-ff55-4227-bd6c-d91c26f2643b","2024/03/01 22:56:06","KB0-ExtendedStable-RTM-MicrosoftEdge-X86-TSL-World","200","50b7a6a2-b71b-4af0-9d22-45bda94a4b4f","","","Updates","cd5ffd1e-e932-4e3a-bf74-18bf0b1bbd83","Windows","Software",""
"Microsoft Edge-Extended Stable Channel Version 122 Update for x86 based Editions (Build 122.0.2365.59)","Microsoft Edge","69010383-ff55-4227-bd6c-d91c26f2643b","2024/02/27 20:42:06","KB0-ExtendedStable-RTM-MicrosoftEdge-X86-TSL-World","200","552560ff-2495-4c25-9661-d8d8f701488b","","","Updates","cd5ffd1e-e932-4e3a-bf74-18bf0b1bbd83","Windows","Software",""
"Microsoft Edge-Extended Stable Channel Version 122 Update for x86 based Editions (Build 122.0.2365.80)","Microsoft Edge","69010383-ff55-4227-bd6c-d91c26f2643b","2024/03/07 21:33:06","KB0-ExtendedStable-RTM-MicrosoftEdge-X86-TSL-World","200","73234b34-5ed7-4050-8f34-700c3e2d1201","","","Updates","cd5ffd1e-e932-4e3a-bf74-18bf0b1bbd83","Windows","Software",""
"Microsoft Edge-Extended Stable Channel Version 122 Update for x86 based Editions (Build 122.0.2365.92)","Microsoft Edge","69010383-ff55-4227-bd6c-d91c26f2643b","2024/03/14 23:36:06","KB0-ExtendedStable-RTM-MicrosoftEdge-X86-TSL-World","200","63ab8902-784a-43d8-aa68-c6cf8a7bff07","","","Updates","cd5ffd1e-e932-4e3a-bf74-18bf0b1bbd83","Windows","Software",""
"Microsoft Edge-Extended Stable Channel Version 122 Update for x86 based Editions (Build 122.0.2365.106)","Microsoft Edge","69010383-ff55-4227-bd6c-d91c26f2643b","2024/03/21 19:29:06","KB0-ExtendedStable-RTM-MicrosoftEdge-X86-TSL-World","200","c1ebee12-3589-4d91-b8c1-2deddbc2817d","","","Updates","cd5ffd1e-e932-4e3a-bf74-18bf0b1bbd83","Windows","Software",""
"Microsoft Edge-Extended Stable Channel Version 122 Update for x86 based Editions (Build 122.0.2365.113)","Microsoft Edge","69010383-ff55-4227-bd6c-d91c26f2643b","2024/03/27 21:50:06","KB0-ExtendedStable-RTM-MicrosoftEdge-X86-TSL-World","200","70283f00-228e-4af5-b803-c25fa4a91439","","","Updates","cd5ffd1e-e932-4e3a-bf74-18bf0b1bbd83","Windows","Software",""
"Microsoft Edge-Extended Stable Channel Version 122 Update for x86 based Editions (Build 122.0.2365.120)","Microsoft Edge","69010383-ff55-4227-bd6c-d91c26f2643b","2024/04/05 17:00:06","KB0-ExtendedStable-RTM-MicrosoftEdge-X86-TSL-World","200","71f540e9-5523-4bf7-9d30-910c28a712d0","","","Updates","cd5ffd1e-e932-4e3a-bf74-18bf0b1bbd83","Windows","Software",""
"Microsoft Edge-Extended Stable Channel Version 124 Update for x86 based Editions (Build 124.0.2478.51)","Microsoft Edge","69010383-ff55-4227-bd6c-d91c26f2643b","2024/04/18 20:26:06","KB0-ExtendedStable-RTM-MicrosoftEdge-X86-TSL-World","200","57d918d1-17de-4082-8e98-ea63052787db","","","Updates","cd5ffd1e-e932-4e3a-bf74-18bf0b1bbd83","Windows","Software",""
"Microsoft Edge-Extended Stable Channel Version 124 Update for x86 based Editions (Build 124.0.2478.67)","Microsoft Edge","69010383-ff55-4227-bd6c-d91c26f2643b","2024/04/26 20:31:06","KB0-ExtendedStable-RTM-MicrosoftEdge-X86-TSL-World","200","be2977a9-c0f4-4274-ab28-68cb39276679","","","Updates","cd5ffd1e-e932-4e3a-bf74-18bf0b1bbd83","Windows","Software",""
