﻿"Title","ProductTitles","ProductIds","CreationDate","LegacyName","Id.RevisionNumber","Id.UpdateId","KnowledgebaseArticles","SecurityBulletins","UpdateClassificationTitle","UpdateClassificationId","ProductFamilyTitles","UpdateType","Action"
"Microsoft Edge-WebView2 Runtime Version 95 Update for ARM64 based Editions (Build 95.0.1020.40)","Microsoft Edge","69010383-ff55-4227-bd6c-d91c26f2643b","2021/11/01 22:00:00","KB0-WV2-Client-arm64-Retail","200","2b860b1b-00bc-4d3f-9788-c4ce27ce6bc1","","","Updates","cd5ffd1e-e932-4e3a-bf74-18bf0b1bbd83","Windows","Software",""
"Microsoft Edge-WebView2 Runtime Version 95 Update for ARM64 based Editions (Build 95.0.1020.44)","Microsoft Edge","69010383-ff55-4227-bd6c-d91c26f2643b","2021/11/04 22:00:00","KB0-WV2-Client-arm64-Retail","200","9c908204-8a31-498f-904d-5eb5965f0df4","","","Updates","cd5ffd1e-e932-4e3a-bf74-18bf0b1bbd83","Windows","Software",""
"Microsoft Edge-WebView2 Runtime Version 102 Update for ARM64 based Editions (Build 102.0.1245.44)","Microsoft Edge","69010383-ff55-4227-bd6c-d91c26f2643b","2022/06/16 21:48:44","KB0-MicrosoftEdge-WV2-Client-arm64-Retail","200","84ba9b76-dc6e-4972-9024-e72ddaf12c49","","","Updates","cd5ffd1e-e932-4e3a-bf74-18bf0b1bbd83","Windows","Software",""
"Microsoft Edge-WebView2 Runtime Version 109 Update for ARM64 based Editions (Build 109.0.1518.78)","Microsoft Edge","69010383-ff55-4227-bd6c-d91c26f2643b","2023/02/02 22:54:53","KB0-MicrosoftEdge-WV2-Client-arm64-Retail","200","daf0870b-3b62-4007-9208-b8502bfc9eec","","","Updates","cd5ffd1e-e932-4e3a-bf74-18bf0b1bbd83","Windows","Software",""
"Microsoft Edge-WebView2 Runtime Version 111 Update for ARM64 based Editions (Build 111.0.1661.41)","Microsoft Edge","69010383-ff55-4227-bd6c-d91c26f2643b","2023/03/13 21:58:46","KB0-MicrosoftEdge-WV2-Client-arm64-Retail","201","5a5b412f-f8a9-4011-a2ea-7fe03548f36a","","","Updates","cd5ffd1e-e932-4e3a-bf74-18bf0b1bbd83","Windows","Software",""
"Microsoft Edge-WebView2 Runtime Version 110 Update for ARM64 based Editions (Build 110.0.1587.63)","Microsoft Edge","69010383-ff55-4227-bd6c-d91c26f2643b","2023/03/02 23:33:30","KB0-MicrosoftEdge-WV2-Client-arm64-Retail","201","59103aff-c6e5-4219-a5c0-59b01bc73c73","","","Updates","cd5ffd1e-e932-4e3a-bf74-18bf0b1bbd83","Windows","Software",""
"Microsoft Edge-WebView2 Runtime Version 110 Update for ARM64 based Editions (Build 110.0.1587.69)","Microsoft Edge","69010383-ff55-4227-bd6c-d91c26f2643b","2023/03/10 0:10:06","KB0-MicrosoftEdge-WV2-Client-arm64-Retail","201","8c5ec03d-8382-46b9-8218-02f578051dfe","","","Updates","cd5ffd1e-e932-4e3a-bf74-18bf0b1bbd83","Windows","Software",""
"Microsoft Edge-WebView2 Runtime Version 110 Update for ARM64 based Editions (Build 110.0.1587.46)","Microsoft Edge","69010383-ff55-4227-bd6c-d91c26f2643b","2023/02/14 23:57:08","KB0-MicrosoftEdge-WV2-Client-arm64-Retail","201","a32bc6f1-fea3-4bc3-bcb7-180a95075fe6","","","Updates","cd5ffd1e-e932-4e3a-bf74-18bf0b1bbd83","Windows","Software",""
"Microsoft Edge-WebView2 Runtime Version 110 Update for ARM64 based Editions (Build 110.0.1587.56)","Microsoft Edge","69010383-ff55-4227-bd6c-d91c26f2643b","2023/02/24 18:00:00","KB0-MicrosoftEdge-WV2-Client-arm64-Retail","201","68652f23-6714-4603-be15-5327151655c4","","","Updates","cd5ffd1e-e932-4e3a-bf74-18bf0b1bbd83","Windows","Software",""
"Microsoft Edge-WebView2 Runtime Version 110 Update for ARM64 based Editions (Build 110.0.1587.57)","Microsoft Edge","69010383-ff55-4227-bd6c-d91c26f2643b","2023/02/25 21:36:37","KB0-MicrosoftEdge-WV2-Client-arm64-Retail","201","ca84fe46-7230-4547-8ef1-d5d9ab7c8ed8","","","Updates","cd5ffd1e-e932-4e3a-bf74-18bf0b1bbd83","Windows","Software",""
"Microsoft Edge-WebView2 Runtime Version 110 Update for ARM64 based Editions (Build 110.0.1587.49)","Microsoft Edge","69010383-ff55-4227-bd6c-d91c26f2643b","2023/02/16 22:37:59","KB0-MicrosoftEdge-WV2-Client-arm64-Retail","201","cb56754e-1783-4d3f-bdd3-b283f8af1d0a","","","Updates","cd5ffd1e-e932-4e3a-bf74-18bf0b1bbd83","Windows","Software",""
"Microsoft Edge-WebView2 Runtime Version 110 Update for ARM64 based Editions (Build 110.0.1587.41)","Microsoft Edge","69010383-ff55-4227-bd6c-d91c26f2643b","2023/02/09 23:09:47","KB0-MicrosoftEdge-WV2-Client-arm64-Retail","201","be6f245c-b1a0-4e56-aa77-58d687c5a59f","","","Updates","cd5ffd1e-e932-4e3a-bf74-18bf0b1bbd83","Windows","Software",""
"Microsoft Edge-WebView2 Runtime Version 110 Update for ARM64 based Editions (Build 110.0.1587.50)","Microsoft Edge","69010383-ff55-4227-bd6c-d91c26f2643b","2023/02/17 21:39:27","KB0-MicrosoftEdge-WV2-Client-arm64-Retail","201","d412441f-1417-42cd-a6cc-f29e1a56928b","","","Updates","cd5ffd1e-e932-4e3a-bf74-18bf0b1bbd83","Windows","Software",""
"Microsoft Edge-WebView2 Runtime Version 111 Update for ARM64 based Editions (Build 111.0.1661.51)","Microsoft Edge","69010383-ff55-4227-bd6c-d91c26f2643b","2023/03/22 17:00:00","KB0-MicrosoftEdge-WV2-Client-arm64-Retail","201","392e8028-13af-4a89-8cfc-d5aef7f3c06c","","","Updates","cd5ffd1e-e932-4e3a-bf74-18bf0b1bbd83","Windows","Software",""
"Microsoft Edge-WebView2 Runtime Version 111 Update for ARM64 based Editions (Build 111.0.1661.54)","Microsoft Edge","69010383-ff55-4227-bd6c-d91c26f2643b","2023/03/24 22:52:40","KB0-MicrosoftEdge-WV2-Client-arm64-Retail","200","ed35ae84-e1f7-4573-a213-ed330be5eae0","","","Updates","cd5ffd1e-e932-4e3a-bf74-18bf0b1bbd83","Windows","Software",""
"Microsoft Edge-WebView2 Runtime Version 111 Update for ARM64 based Editions (Build 111.0.1661.44)","Microsoft Edge","69010383-ff55-4227-bd6c-d91c26f2643b","2023/03/16 21:19:15","KB0-MicrosoftEdge-WV2-Client-arm64-Retail","201","e8bb919e-9086-463c-986b-17c327b9de7e","","","Updates","cd5ffd1e-e932-4e3a-bf74-18bf0b1bbd83","Windows","Software",""
"Microsoft Edge-WebView2 Runtime Version 111 Update for ARM64 based Editions (Build 111.0.1661.43)","Microsoft Edge","69010383-ff55-4227-bd6c-d91c26f2643b","2023/03/15 20:23:42","KB0-MicrosoftEdge-WV2-Client-arm64-Retail","201","7940cdea-cc0e-49f5-b01e-e0bb4b26279a","","","Updates","cd5ffd1e-e932-4e3a-bf74-18bf0b1bbd83","Windows","Software",""
"Microsoft Edge-WebView2 Runtime Version 109 Update for ARM64 based Editions (Build 109.0.1518.95)","Microsoft Edge","69010383-ff55-4227-bd6c-d91c26f2643b","2023/03/23 19:42:09","KB0-MicrosoftEdge-WV2-Client-arm64-Retail","200","c86c40c1-d3ef-47db-a46a-8f637b356e48","","","Updates","cd5ffd1e-e932-4e3a-bf74-18bf0b1bbd83","Windows","Software",""
"Microsoft Edge-WebView2 Runtime Version 113 Update for ARM64 based Editions (Build 113.0.1774.35)","Microsoft Edge","69010383-ff55-4227-bd6c-d91c26f2643b","2023/05/08 17:00:00","KB0-MicrosoftEdge-WV2-Client-arm64-Retail","200","fbb47e39-ec3b-451d-9c8b-be82937a8ecd","","","Updates","cd5ffd1e-e932-4e3a-bf74-18bf0b1bbd83","Windows","Software",""
"Microsoft Edge-WebView2 Runtime Version 112 Update for ARM64 based Editions (Build 112.0.1722.68)","Microsoft Edge","69010383-ff55-4227-bd6c-d91c26f2643b","2023/05/02 17:00:00","KB0-MicrosoftEdge-WV2-Client-arm64-Retail","200","75a406e8-5821-421e-9ff3-48ea69740373","","","Updates","cd5ffd1e-e932-4e3a-bf74-18bf0b1bbd83","Windows","Software",""
"Microsoft Edge-WebView2 Runtime Version 112 Update for ARM64 based Editions (Build 112.0.1722.64)","Microsoft Edge","69010383-ff55-4227-bd6c-d91c26f2643b","2023/04/27 21:50:53","KB0-MicrosoftEdge-WV2-Client-arm64-Retail","200","7846e36f-039e-4c27-af02-cc7bf407d78b","","","Updates","cd5ffd1e-e932-4e3a-bf74-18bf0b1bbd83","Windows","Software",""
"Microsoft Edge-WebView2 Runtime Version 113 Update for ARM64 based Editions (Build 113.0.1774.57)","Microsoft Edge","69010383-ff55-4227-bd6c-d91c26f2643b","2023/05/25 21:10:23","KB0-MicrosoftEdge-WV2-Client-arm64-Retail","200","f37365cc-baf1-43ef-87bb-addea18dc393","","","Updates","cd5ffd1e-e932-4e3a-bf74-18bf0b1bbd83","Windows","Software",""
"Microsoft Edge-WebView2 Runtime Version 113 Update for ARM64 based Editions (Build 113.0.1774.50)","Microsoft Edge","69010383-ff55-4227-bd6c-d91c26f2643b","2023/05/18 21:22:57","KB0-MicrosoftEdge-WV2-Client-arm64-Retail","200","bb04a21d-43b4-44da-aad9-0bdf0603081d","","","Updates","cd5ffd1e-e932-4e3a-bf74-18bf0b1bbd83","Windows","Software",""
"Microsoft Edge-WebView2 Runtime Version 113 Update for ARM64 based Editions (Build 113.0.1774.42)","Microsoft Edge","69010383-ff55-4227-bd6c-d91c26f2643b","2023/05/12 17:00:00","KB0-MicrosoftEdge-WV2-Client-arm64-Retail","200","5365e9c3-c9b6-4a9d-a052-d8cc50763f16","","","Updates","cd5ffd1e-e932-4e3a-bf74-18bf0b1bbd83","Windows","Software",""
"Microsoft Edge-WebView2 Runtime Version 114 Update for ARM64 based Editions (Build 114.0.1823.41)","Microsoft Edge","69010383-ff55-4227-bd6c-d91c26f2643b","2023/06/06 23:04:26","KB0-MicrosoftEdge-WV2-Client-arm64-Retail","200","361cd277-9ced-4ae6-b85f-1b202e43746d","","","Updates","cd5ffd1e-e932-4e3a-bf74-18bf0b1bbd83","Windows","Software",""
"Microsoft Edge-WebView2 Runtime Version 114 Update for ARM64 based Editions (Build 114.0.1823.43)","Microsoft Edge","69010383-ff55-4227-bd6c-d91c26f2643b","2023/06/08 20:52:14","KB0-MicrosoftEdge-WV2-Client-arm64-Retail","200","5b1ea4cc-b7af-4ede-93f5-e981642a5231","","","Updates","cd5ffd1e-e932-4e3a-bf74-18bf0b1bbd83","Windows","Software",""
"Microsoft Edge-WebView2 Runtime Version 114 Update for ARM64 based Editions (Build 114.0.1823.37)","Microsoft Edge","69010383-ff55-4227-bd6c-d91c26f2643b","2023/06/02 20:33:30","KB0-MicrosoftEdge-WV2-Client-arm64-Retail","200","da0ff520-9710-4687-827e-60d8c8122849","","","Updates","cd5ffd1e-e932-4e3a-bf74-18bf0b1bbd83","Windows","Software",""
"Microsoft Edge-WebView2 Runtime Version 109 Update for ARM64 based Editions (Build 109.0.1518.115)","Microsoft Edge","69010383-ff55-4227-bd6c-d91c26f2643b","2023/06/13 22:57:21","KB0-MicrosoftEdge-WV2-Client-arm64-Retail","202","dc69c38f-174c-4cf4-9df9-e201b4dbefc8","","","Updates","cd5ffd1e-e932-4e3a-bf74-18bf0b1bbd83","Windows","Software",""
"Microsoft Edge-WebView2 Runtime Version 114 Update for ARM64 based Editions (Build 114.0.1823.51)","Microsoft Edge","69010383-ff55-4227-bd6c-d91c26f2643b","2023/06/15 21:50:55","KB0-MicrosoftEdge-WV2-Client-arm64-Retail","200","4e44f5c2-ed26-4552-8942-13b138ba8961","","","Updates","cd5ffd1e-e932-4e3a-bf74-18bf0b1bbd83","Windows","Software",""
"Microsoft Edge-WebView2 Runtime Version 114 Update for ARM64 based Editions (Build 114.0.1823.55)","Microsoft Edge","69010383-ff55-4227-bd6c-d91c26f2643b","2023/06/19 20:18:39","KB0-MicrosoftEdge-WV2-Client-arm64-Retail","200","6ea8c1de-883c-4cee-970b-a3a8b779a5aa","","","Updates","cd5ffd1e-e932-4e3a-bf74-18bf0b1bbd83","Windows","Software",""
"Microsoft Edge-WebView2 Runtime Version 114 Update for ARM64 based Editions (Build 114.0.1823.67)","Microsoft Edge","69010383-ff55-4227-bd6c-d91c26f2643b","2023/06/29 21:54:40","KB0-MicrosoftEdge-WV2-Client-arm64-Retail","200","0a24f3d2-0f82-4d53-93e4-58d930a20024","","","Updates","cd5ffd1e-e932-4e3a-bf74-18bf0b1bbd83","Windows","Software",""
"Microsoft Edge-WebView2 Runtime Version 114 Update for ARM64 based Editions (Build 114.0.1823.58)","Microsoft Edge","69010383-ff55-4227-bd6c-d91c26f2643b","2023/06/22 20:29:04","KB0-MicrosoftEdge-WV2-Client-arm64-Retail","200","b7d341c7-b90d-4163-ada0-e526eec2bb83","","","Updates","cd5ffd1e-e932-4e3a-bf74-18bf0b1bbd83","Windows","Software",""
"Microsoft Edge-WebView2 Runtime Version 114 Update for ARM64 based Editions (Build 114.0.1823.79)","Microsoft Edge","69010383-ff55-4227-bd6c-d91c26f2643b","2023/07/10 19:49:21","KB0-MicrosoftEdge-WV2-Client-arm64-Retail","200","1c5f7f37-9dcc-4b64-a814-32d3f97650fd","","","Updates","cd5ffd1e-e932-4e3a-bf74-18bf0b1bbd83","Windows","Software",""
"Microsoft Edge-WebView2 Runtime Version 114 Update for ARM64 based Editions (Build 114.0.1823.86)","Microsoft Edge","69010383-ff55-4227-bd6c-d91c26f2643b","2023/07/17 20:48:15","KB0-MicrosoftEdge-WV2-Client-arm64-Retail","200","81942de0-93aa-40cc-8a39-717b1b5a6b60","","","Updates","cd5ffd1e-e932-4e3a-bf74-18bf0b1bbd83","Windows","Software",""
"Microsoft Edge-WebView2 Runtime Version 114 Update for ARM64 based Editions (Build 114.0.1823.82)","Microsoft Edge","69010383-ff55-4227-bd6c-d91c26f2643b","2023/07/13 20:08:39","KB0-MicrosoftEdge-WV2-Client-arm64-Retail","200","f59d7837-5d90-44d5-a717-6974f9ded904","","","Updates","cd5ffd1e-e932-4e3a-bf74-18bf0b1bbd83","Windows","Software",""
"Microsoft Edge-WebView2 Runtime Version 115 Update for ARM64 based Editions (Build 115.0.1901.183)","Microsoft Edge","69010383-ff55-4227-bd6c-d91c26f2643b","2023/07/21 20:23:27","KB0-MicrosoftEdge-WV2-Client-arm64-Retail","200","0816706a-cab5-4768-8e04-131db3226853","","","Updates","cd5ffd1e-e932-4e3a-bf74-18bf0b1bbd83","Windows","Software",""
"Microsoft Edge-WebView2 Runtime Version 115 Update for ARM64 based Editions (Build 115.0.1901.200)","Microsoft Edge","69010383-ff55-4227-bd6c-d91c26f2643b","2023/08/07 19:58:08","KB0-MicrosoftEdge-WV2-Client-arm64-Retail","200","6f8000cc-b085-4396-950a-a0a762c123f5","","","Updates","cd5ffd1e-e932-4e3a-bf74-18bf0b1bbd83","Windows","Software",""
"Microsoft Edge-WebView2 Runtime Version 115 Update for ARM64 based Editions (Build 115.0.1901.188)","Microsoft Edge","69010383-ff55-4227-bd6c-d91c26f2643b","2023/07/27 20:45:24","KB0-MicrosoftEdge-WV2-Client-arm64-Retail","200","a4db1b7d-2663-4e31-894a-84d47cc4d622","","","Updates","cd5ffd1e-e932-4e3a-bf74-18bf0b1bbd83","Windows","Software",""
"Microsoft Edge-WebView2 Runtime Version 115 Update for ARM64 based Editions (Build 115.0.1901.203)","Microsoft Edge","69010383-ff55-4227-bd6c-d91c26f2643b","2023/08/10 20:36:17","KB0-MicrosoftEdge-WV2-Client-arm64-Retail","200","1f59fadf-5778-40cd-8735-a7b54f2e087e","","","Updates","cd5ffd1e-e932-4e3a-bf74-18bf0b1bbd83","Windows","Software",""
"Microsoft Edge-WebView2 Runtime Version 116 Update for ARM64 based Editions (Build 116.0.1938.62)","Microsoft Edge","69010383-ff55-4227-bd6c-d91c26f2643b","2023/08/25 19:43:56","KB0-MicrosoftEdge-WV2-Client-arm64-Retail","200","90e1a2ef-252d-4d55-be0d-35e33f09ec91","","","Updates","cd5ffd1e-e932-4e3a-bf74-18bf0b1bbd83","Windows","Software",""
"Microsoft Edge-WebView2 Runtime Version 116 Update for ARM64 based Editions (Build 116.0.1938.54)","Microsoft Edge","69010383-ff55-4227-bd6c-d91c26f2643b","2023/08/21 20:32:33","KB0-MicrosoftEdge-WV2-Client-arm64-Retail","200","16306e78-58e6-4f02-8869-4c0ec98690f1","","","Updates","cd5ffd1e-e932-4e3a-bf74-18bf0b1bbd83","Windows","Software",""
"Microsoft Edge-WebView2 Runtime Version 116 Update for ARM64 based Editions (Build 116.0.1938.69)","Microsoft Edge","69010383-ff55-4227-bd6c-d91c26f2643b","2023/08/31 20:05:20","KB0-MicrosoftEdge-WV2-Client-arm64-Retail","200","c3b97d81-5605-4a4d-a529-9403fbae3c4f","","","Updates","cd5ffd1e-e932-4e3a-bf74-18bf0b1bbd83","Windows","Software",""
"Microsoft Edge-WebView2 Runtime Version 116 Update for ARM64 based Editions (Build 116.0.1938.76)","Microsoft Edge","69010383-ff55-4227-bd6c-d91c26f2643b","2023/09/07 20:36:04","KB0-MicrosoftEdge-WV2-Client-arm64-Retail","200","bd2488a1-28eb-40ae-b4ea-ef776461c245","","","Updates","cd5ffd1e-e932-4e3a-bf74-18bf0b1bbd83","Windows","Software",""
"Microsoft Edge-WebView2 Runtime Version 116 Update for ARM64 based Editions (Build 116.0.1938.81)","Microsoft Edge","69010383-ff55-4227-bd6c-d91c26f2643b","2023/09/12 19:10:07","KB0-MicrosoftEdge-WV2-Client-arm64-Retail","200","e1bcd395-e5f8-40f5-bfae-f45eda5f376d","","","Updates","cd5ffd1e-e932-4e3a-bf74-18bf0b1bbd83","Windows","Software",""
"Microsoft Edge-WebView2 Runtime Version 117 Update for ARM64 based Editions (Build 117.0.2045.31)","Microsoft Edge","69010383-ff55-4227-bd6c-d91c26f2643b","2023/09/15 19:45:05","KB0-MicrosoftEdge-WV2-Client-arm64-Retail","200","0556726a-7981-43c1-b0da-7c9daf575b91","","","Updates","cd5ffd1e-e932-4e3a-bf74-18bf0b1bbd83","Windows","Software",""
"Microsoft Edge-WebView2 Runtime Version 109 Update for ARM64 based Editions (Build 109.0.1518.140)","Microsoft Edge","69010383-ff55-4227-bd6c-d91c26f2643b","2023/09/15 22:32:11","KB0-MicrosoftEdge-WV2-Client-arm64-Retail","201","b66cfe87-928e-4647-afe2-36254a55f53e","","","Updates","cd5ffd1e-e932-4e3a-bf74-18bf0b1bbd83","Windows","Software",""
"Microsoft Edge-WebView2 Runtime Version 117 Update for ARM64 based Editions (Build 117.0.2045.40)","Microsoft Edge","69010383-ff55-4227-bd6c-d91c26f2643b","2023/09/22 19:50:27","KB0-MicrosoftEdge-WV2-Client-arm64-Retail","200","816fb82e-6507-4884-b507-66b7dc9811a9","","","Updates","cd5ffd1e-e932-4e3a-bf74-18bf0b1bbd83","Windows","Software",""
"Microsoft Edge-WebView2 Runtime Version 117 Update for ARM64 based Editions (Build 117.0.2045.35)","Microsoft Edge","69010383-ff55-4227-bd6c-d91c26f2643b","2023/09/19 16:39:32","KB0-MicrosoftEdge-WV2-Client-arm64-Retail","200","1a7203ff-073c-4da7-95ce-764018d5ebd5","","","Updates","cd5ffd1e-e932-4e3a-bf74-18bf0b1bbd83","Windows","Software",""
"Microsoft Edge-WebView2 Runtime Version 117 Update for ARM64 based Editions (Build 117.0.2045.36)","Microsoft Edge","69010383-ff55-4227-bd6c-d91c26f2643b","2023/09/20 0:55:34","KB0-MicrosoftEdge-WV2-Client-arm64-Retail","200","8701af33-1538-4e61-8e91-294b70d866a0","","","Updates","cd5ffd1e-e932-4e3a-bf74-18bf0b1bbd83","Windows","Software",""
"Microsoft Edge-WebView2 Runtime Version 117 Update for ARM64 based Editions (Build 117.0.2045.60)","Microsoft Edge","69010383-ff55-4227-bd6c-d91c26f2643b","2023/10/06 22:03:24","KB0-MicrosoftEdge-WV2-Client-arm64-Retail","200","7b64f4e0-1cf7-4a7c-b3d3-3fa12ae66bf1","","","Updates","cd5ffd1e-e932-4e3a-bf74-18bf0b1bbd83","Windows","Software",""
"Microsoft Edge-WebView2 Runtime Version 117 Update for ARM64 based Editions (Build 117.0.2045.47)","Microsoft Edge","69010383-ff55-4227-bd6c-d91c26f2643b","2023/09/29 22:19:58","KB0-MicrosoftEdge-WV2-Client-arm64-Retail","200","2212b7b2-2f6e-4b3c-963d-de3f46fbc209","","","Updates","cd5ffd1e-e932-4e3a-bf74-18bf0b1bbd83","Windows","Software",""
"Microsoft Edge-WebView2 Runtime Version 117 Update for ARM64 based Editions (Build 117.0.2045.41)","Microsoft Edge","69010383-ff55-4227-bd6c-d91c26f2643b","2023/09/23 19:21:18","KB0-MicrosoftEdge-WV2-Client-arm64-Retail","200","9dfe65b9-f687-4371-8b6f-070fdcb2b5b6","","","Updates","cd5ffd1e-e932-4e3a-bf74-18bf0b1bbd83","Windows","Software",""
"Microsoft Edge-WebView2 Runtime Version 117 Update for ARM64 based Editions (Build 117.0.2045.43)","Microsoft Edge","69010383-ff55-4227-bd6c-d91c26f2643b","2023/09/25 18:59:32","KB0-MicrosoftEdge-WV2-Client-arm64-Retail","200","2e67e0f6-6294-498e-8408-d1171745cf2d","","","Updates","cd5ffd1e-e932-4e3a-bf74-18bf0b1bbd83","Windows","Software",""
"Microsoft Edge-WebView2 Runtime Version 117 Update for ARM64 based Editions (Build 117.0.2045.55)","Microsoft Edge","69010383-ff55-4227-bd6c-d91c26f2643b","2023/10/04 23:28:20","KB0-MicrosoftEdge-WV2-Client-arm64-Retail","200","79aae9f1-3893-4723-af85-980d69bba28c","","","Updates","cd5ffd1e-e932-4e3a-bf74-18bf0b1bbd83","Windows","Software",""
"Microsoft Edge-WebView2 Runtime Version 118 Update for ARM64 based Editions (Build 118.0.2088.57)","Microsoft Edge","69010383-ff55-4227-bd6c-d91c26f2643b","2023/10/18 21:12:41","KB0-MicrosoftEdge-WV2-Client-arm64-Retail","200","76fe7c60-e055-41e9-80e7-9c1268ac4c44","","","Updates","cd5ffd1e-e932-4e3a-bf74-18bf0b1bbd83","Windows","Software",""
"Microsoft Edge-WebView2 Runtime Version 118 Update for ARM64 based Editions (Build 118.0.2088.69)","Microsoft Edge","69010383-ff55-4227-bd6c-d91c26f2643b","2023/10/25 17:00:00","KB0-MicrosoftEdge-WV2-Client-arm64-Retail","200","1c19a578-0b37-4c26-8431-6bebae849260","","","Updates","cd5ffd1e-e932-4e3a-bf74-18bf0b1bbd83","Windows","Software",""
"Microsoft Edge-WebView2 Runtime Version 118 Update for ARM64 based Editions (Build 118.0.2088.46)","Microsoft Edge","69010383-ff55-4227-bd6c-d91c26f2643b","2023/10/13 19:11:34","KB0-MicrosoftEdge-WV2-Client-arm64-Retail","200","f3e3cc8f-6c7f-41c3-ac9a-f9e074ce6b58","","","Updates","cd5ffd1e-e932-4e3a-bf74-18bf0b1bbd83","Windows","Software",""
"Microsoft Edge-WebView2 Runtime Version 118 Update for ARM64 based Editions (Build 118.0.2088.61)","Microsoft Edge","69010383-ff55-4227-bd6c-d91c26f2643b","2023/10/20 19:20:25","KB0-MicrosoftEdge-WV2-Client-arm64-Retail","200","906fe3c1-4c88-40cb-9681-5491b941ba11","","","Updates","cd5ffd1e-e932-4e3a-bf74-18bf0b1bbd83","Windows","Software",""
"Microsoft Edge-WebView2 Runtime Version 118 Update for ARM64 based Editions (Build 118.0.2088.76)","Microsoft Edge","69010383-ff55-4227-bd6c-d91c26f2643b","2023/10/30 17:00:00","KB0-MicrosoftEdge-WV2-Client-arm64-Retail","200","9531a230-24ca-4b5e-b9b4-674f509b9f46","","","Updates","cd5ffd1e-e932-4e3a-bf74-18bf0b1bbd83","Windows","Software",""
"Microsoft Edge-WebView2 Runtime Version 119 Update for ARM64 based Editions (Build 119.0.2151.58)","Microsoft Edge","69010383-ff55-4227-bd6c-d91c26f2643b","2023/11/09 21:41:52","KB0-MicrosoftEdge-WV2-Client-arm64-Retail","200","f39a45f6-f3e1-44b2-9f5f-8b1e8c97f978","","","Updates","cd5ffd1e-e932-4e3a-bf74-18bf0b1bbd83","Windows","Software",""
"Microsoft Edge-WebView2 Runtime Version 119 Update for ARM64 based Editions (Build 119.0.2151.44)","Microsoft Edge","69010383-ff55-4227-bd6c-d91c26f2643b","2023/11/02 22:54:26","KB0-MicrosoftEdge-WV2-Client-arm64-Retail","200","9e67c5c7-e70e-4486-aa50-10a5a3b74879","","","Updates","cd5ffd1e-e932-4e3a-bf74-18bf0b1bbd83","Windows","Software",""
"Microsoft Edge-WebView2 Runtime Version 119 Update for ARM64 based Editions (Build 119.0.2151.72)","Microsoft Edge","69010383-ff55-4227-bd6c-d91c26f2643b","2023/11/16 21:56:48","KB0-MicrosoftEdge-WV2-Client-arm64-Retail","200","7f649a0e-84a4-47e8-a6a4-59eb9e110e0c","","","Updates","cd5ffd1e-e932-4e3a-bf74-18bf0b1bbd83","Windows","Software",""
"Microsoft Edge-WebView2 Runtime Version 119 Update for ARM64 based Editions (Build 119.0.2151.97)","Microsoft Edge","69010383-ff55-4227-bd6c-d91c26f2643b","2023/11/30 0:52:48","KB0-MicrosoftEdge-WV2-Client-arm64-Retail","200","b90ac551-667f-4cad-84f2-8449e4d330f8","","","Updates","cd5ffd1e-e932-4e3a-bf74-18bf0b1bbd83","Windows","Software",""
"Microsoft Edge-WebView2 Runtime Version 120 Update for ARM64 based Editions (Build 120.0.2210.61)","Microsoft Edge","69010383-ff55-4227-bd6c-d91c26f2643b","2023/12/07 23:06:39","KB0-MicrosoftEdge-WV2-Client-arm64-Retail","200","bab2e25f-e0b3-4e9d-acfb-9c81669ec1f1","","","Updates","cd5ffd1e-e932-4e3a-bf74-18bf0b1bbd83","Windows","Software",""
"Microsoft Edge-WebView2 Runtime Version 120 Update for ARM64 based Editions (Build 120.0.2210.77)","Microsoft Edge","69010383-ff55-4227-bd6c-d91c26f2643b","2023/12/15 18:00:00","KB0-MicrosoftEdge-WV2-Client-arm64-Retail","200","0f36e10d-1a65-4c1b-b365-500514154947","","","Updates","cd5ffd1e-e932-4e3a-bf74-18bf0b1bbd83","Windows","Software",""
"Microsoft Edge-WebView2 Runtime Version 120 Update for ARM64 based Editions (Build 120.0.2210.91)","Microsoft Edge","69010383-ff55-4227-bd6c-d91c26f2643b","2023/12/21 20:44:59","KB0-MicrosoftEdge-WV2-Client-arm64-Retail","200","d5812bec-92d8-4fbb-9a58-b50eb6ecbd49","","","Updates","cd5ffd1e-e932-4e3a-bf74-18bf0b1bbd83","Windows","Software",""
"Microsoft Edge-WebView2 Runtime Version 120 Update for ARM64 based Editions (Build 120.0.2210.89)","Microsoft Edge","69010383-ff55-4227-bd6c-d91c26f2643b","2023/12/20 21:16:52","KB0-MicrosoftEdge-WV2-Client-arm64-Retail","200","89e3d6ed-1ac3-46f8-9fb9-32caf88836a2","","","Updates","cd5ffd1e-e932-4e3a-bf74-18bf0b1bbd83","Windows","Software",""
"Microsoft Edge-WebView2 Runtime Version 120 Update for ARM64 based Editions (Build 120.0.2210.121)","Microsoft Edge","69010383-ff55-4227-bd6c-d91c26f2643b","2024/01/05 21:21:46","KB0-MicrosoftEdge-WV2-Client-arm64-Retail","200","8146e9ac-ad67-49d0-bf2d-1db7109fb8f4","","","Updates","cd5ffd1e-e932-4e3a-bf74-18bf0b1bbd83","Windows","Software",""
"Microsoft Edge-WebView2 Runtime Version 120 Update for ARM64 based Editions (Build 120.0.2210.144)","Microsoft Edge","69010383-ff55-4227-bd6c-d91c26f2643b","2024/01/17 20:47:08","KB0-MicrosoftEdge-WV2-Client-arm64-Retail","200","1362e587-4aab-4a2a-a40b-252d48f25f37","","","Updates","cd5ffd1e-e932-4e3a-bf74-18bf0b1bbd83","Windows","Software",""
"Microsoft Edge-WebView2 Runtime Version 120 Update for ARM64 based Editions (Build 120.0.2210.133)","Microsoft Edge","69010383-ff55-4227-bd6c-d91c26f2643b","2024/01/11 21:47:50","KB0-MicrosoftEdge-WV2-Client-arm64-Retail","200","3e8f01ab-7fc7-46d7-b6b0-9257f1287dc0","","","Updates","cd5ffd1e-e932-4e3a-bf74-18bf0b1bbd83","Windows","Software",""
"Microsoft Edge-WebView2 Runtime Version 121 Update for ARM64 based Editions (Build 121.0.2277.83)","Microsoft Edge","69010383-ff55-4227-bd6c-d91c26f2643b","2024/01/25 22:13:38","KB0-MicrosoftEdge-WV2-Client-arm64-Retail","200","a6a2793a-afed-475b-8fad-f633e2af204a","","","Updates","cd5ffd1e-e932-4e3a-bf74-18bf0b1bbd83","Windows","Software",""
"Microsoft Edge-WebView2 Runtime Version 121 Update for ARM64 based Editions (Build 121.0.2277.112)","Microsoft Edge","69010383-ff55-4227-bd6c-d91c26f2643b","2024/02/08 21:46:25","KB0-MicrosoftEdge-WV2-Client-arm64-Retail","200","a4e03a84-4912-45f8-b52a-aaf62062e18c","","","Updates","cd5ffd1e-e932-4e3a-bf74-18bf0b1bbd83","Windows","Software",""
"Microsoft Edge-WebView2 Runtime Version 121 Update for ARM64 based Editions (Build 121.0.2277.106)","Microsoft Edge","69010383-ff55-4227-bd6c-d91c26f2643b","2024/02/05 21:28:30","KB0-MicrosoftEdge-WV2-Client-arm64-Retail","201","1e22f5be-e6fa-4de8-87a5-4db2f87da238","","","Updates","cd5ffd1e-e932-4e3a-bf74-18bf0b1bbd83","Windows","Software",""
"Microsoft Edge-WebView2 Runtime Version 121 Update for ARM64 based Editions (Build 121.0.2277.98)","Microsoft Edge","69010383-ff55-4227-bd6c-d91c26f2643b","2024/02/01 22:42:36","KB0-MicrosoftEdge-WV2-Client-arm64-Retail","201","a2f98f45-2f2b-4b5b-bc53-9ec452acac37","","","Updates","cd5ffd1e-e932-4e3a-bf74-18bf0b1bbd83","Windows","Software",""
"Microsoft Edge-WebView2 Runtime Version 122 Update for ARM64 based Editions (Build 122.0.2365.59)","Microsoft Edge","69010383-ff55-4227-bd6c-d91c26f2643b","2024/02/27 19:36:01","KB0-MicrosoftEdge-WV2-Client-arm64-Retail","200","a8a1053d-6159-4a42-8fe7-1ac533de7df5","","","Updates","cd5ffd1e-e932-4e3a-bf74-18bf0b1bbd83","Windows","Software",""
"Microsoft Edge-WebView2 Runtime Version 122 Update for ARM64 based Editions (Build 122.0.2365.52)","Microsoft Edge","69010383-ff55-4227-bd6c-d91c26f2643b","2024/02/23 23:06:57","KB0-MicrosoftEdge-WV2-Client-arm64-Retail","200","046d2f02-f088-40e6-aea5-159c599d9cc9","","","Updates","cd5ffd1e-e932-4e3a-bf74-18bf0b1bbd83","Windows","Software",""
"Microsoft Edge-WebView2 Runtime Version 121 Update for ARM64 based Editions (Build 121.0.2277.128)","Microsoft Edge","69010383-ff55-4227-bd6c-d91c26f2643b","2024/02/15 21:50:40","KB0-MicrosoftEdge-WV2-Client-arm64-Retail","200","c969bddc-1cc8-4121-8aa0-66dc7869dd7c","","","Updates","cd5ffd1e-e932-4e3a-bf74-18bf0b1bbd83","Windows","Software",""
"Microsoft Edge-WebView2 Runtime Version 122 Update for ARM64 based Editions (Build 122.0.2365.63)","Microsoft Edge","69010383-ff55-4227-bd6c-d91c26f2643b","2024/02/29 22:20:34","KB0-MicrosoftEdge-WV2-Client-arm64-Retail","200","26d4c48c-7d1f-46b0-8a4b-128bf5d1e4ae","","","Updates","cd5ffd1e-e932-4e3a-bf74-18bf0b1bbd83","Windows","Software",""
"Microsoft Edge-WebView2 Runtime Version 122 Update for ARM64 based Editions (Build 122.0.2365.80)","Microsoft Edge","69010383-ff55-4227-bd6c-d91c26f2643b","2024/03/07 21:14:29","KB0-MicrosoftEdge-WV2-Client-arm64-Retail","200","c3db797d-73f4-4b43-9359-55be87d72212","","","Updates","cd5ffd1e-e932-4e3a-bf74-18bf0b1bbd83","Windows","Software",""
"Microsoft Edge-WebView2 Runtime Version 122 Update for ARM64 based Editions (Build 122.0.2365.66)","Microsoft Edge","69010383-ff55-4227-bd6c-d91c26f2643b","2024/03/01 22:53:45","KB0-MicrosoftEdge-WV2-Client-arm64-Retail","200","23341dfd-1827-4feb-8cc7-3c2a076726bf","","","Updates","cd5ffd1e-e932-4e3a-bf74-18bf0b1bbd83","Windows","Software",""
"Microsoft Edge-WebView2 Runtime Version 122 Update for ARM64 based Editions (Build 122.0.2365.92)","Microsoft Edge","69010383-ff55-4227-bd6c-d91c26f2643b","2024/03/14 23:19:11","KB0-MicrosoftEdge-WV2-Client-arm64-Retail","200","6c5d7d39-cb94-489c-8391-2a134ce91483","","","Updates","cd5ffd1e-e932-4e3a-bf74-18bf0b1bbd83","Windows","Software",""
"Microsoft Edge-WebView2 Runtime Version 123 Update for ARM64 based Editions (Build 123.0.2420.53)","Microsoft Edge","69010383-ff55-4227-bd6c-d91c26f2643b","2024/03/22 22:45:53","KB0-MicrosoftEdge-WV2-Client-arm64-Retail","200","dbccbb0b-b060-42e8-9c90-dc717443beea","","","Updates","cd5ffd1e-e932-4e3a-bf74-18bf0b1bbd83","Windows","Software",""
"Microsoft Edge-WebView2 Runtime Version 123 Update for ARM64 based Editions (Build 123.0.2420.65)","Microsoft Edge","69010383-ff55-4227-bd6c-d91c26f2643b","2024/03/27 19:25:22","KB0-MicrosoftEdge-WV2-Client-arm64-Retail","200","d4766a48-7f7d-4c07-b44b-0fb50aca2aaf","","","Updates","cd5ffd1e-e932-4e3a-bf74-18bf0b1bbd83","Windows","Software",""
"Microsoft Edge-WebView2 Runtime Version 123 Update for ARM64 based Editions (Build 123.0.2420.81)","Microsoft Edge","69010383-ff55-4227-bd6c-d91c26f2643b","2024/04/04 21:27:46","KB0-MicrosoftEdge-WV2-Client-arm64-Retail","200","b4a75fa7-4bb3-4078-8671-85b47ef22add","","","Updates","cd5ffd1e-e932-4e3a-bf74-18bf0b1bbd83","Windows","Software",""
"Microsoft Edge-WebView2 Runtime Version 123 Update for ARM64 based Editions (Build 123.0.2420.97)","Microsoft Edge","69010383-ff55-4227-bd6c-d91c26f2643b","2024/04/12 20:26:39","KB0-MicrosoftEdge-WV2-Client-arm64-Retail","200","e1b22fd5-03b8-4af8-aad1-81f68ecad8ee","","","Updates","cd5ffd1e-e932-4e3a-bf74-18bf0b1bbd83","Windows","Software",""
"Microsoft Edge-WebView2 Runtime Version 124 Update for ARM64 based Editions (Build 124.0.2478.51)","Microsoft Edge","69010383-ff55-4227-bd6c-d91c26f2643b","2024/04/18 20:06:05","KB0-MicrosoftEdge-WV2-Client-arm64-Retail","200","4cbc52c5-3ed4-4482-8157-73f67551d6c7","","","Updates","cd5ffd1e-e932-4e3a-bf74-18bf0b1bbd83","Windows","Software",""
"Microsoft Edge-WebView2 Runtime Version 124 Update for ARM64 based Editions (Build 124.0.2478.67)","Microsoft Edge","69010383-ff55-4227-bd6c-d91c26f2643b","2024/04/26 19:33:00","KB0-MicrosoftEdge-WV2-Client-arm64-Retail","200","0ed6bbcc-7a02-4bab-855f-e6d85e18bb8f","","","Updates","cd5ffd1e-e932-4e3a-bf74-18bf0b1bbd83","Windows","Software",""
