﻿"Title","ProductTitles","ProductIds","CreationDate","LegacyName","Id.RevisionNumber","Id.UpdateId","KnowledgebaseArticles","SecurityBulletins","UpdateClassificationTitle","UpdateClassificationId","ProductFamilyTitles","UpdateType","Action"
"Microsoft Edge-Extended Stable Channel Version 94 Update for ARM64 based Editions (Build 94.0.992.31)","Microsoft Edge","69010383-ff55-4227-bd6c-d91c26f2643b","2021/09/27 17:00:06","KB0-ExtendedStable-RTM-MicrosoftEdge-ARM64-TSL-World","200","5157e2d5-7a1f-417c-b6f5-e61254018809","","","Updates","cd5ffd1e-e932-4e3a-bf74-18bf0b1bbd83","Windows","Software",""
"Microsoft Edge-Extended Stable Channel Version 112 Update for ARM64 based Editions (Build 112.0.1722.68)","Microsoft Edge","69010383-ff55-4227-bd6c-d91c26f2643b","2023/05/02 17:00:06","KB0-ExtendedStable-RTM-MicrosoftEdge-ARM64-TSL-World","200","91a0b545-b535-4c98-8e6d-3d55cb529f00","","","Updates","cd5ffd1e-e932-4e3a-bf74-18bf0b1bbd83","Windows","Software",""
"Microsoft Edge-Extended Stable Channel Version 112 Update for ARM64 based Editions (Build 112.0.1722.71)","Microsoft Edge","69010383-ff55-4227-bd6c-d91c26f2643b","2023/05/04 22:13:06","KB0-ExtendedStable-RTM-MicrosoftEdge-ARM64-TSL-World","200","3e4af9f9-55e1-4a03-8d39-69fe253d4f9c","","","Updates","cd5ffd1e-e932-4e3a-bf74-18bf0b1bbd83","Windows","Software",""
"Microsoft Edge-Extended Stable Channel Version 112 Update for ARM64 based Editions (Build 112.0.1722.64)","Microsoft Edge","69010383-ff55-4227-bd6c-d91c26f2643b","2023/04/27 21:52:06","KB0-ExtendedStable-RTM-MicrosoftEdge-ARM64-TSL-World","200","a91d8a72-a689-4cd2-b48e-643115d1fdfc","","","Updates","cd5ffd1e-e932-4e3a-bf74-18bf0b1bbd83","Windows","Software",""
"Microsoft Edge-Extended Stable Channel Version 112 Update for ARM64 based Editions (Build 112.0.1722.77)","Microsoft Edge","69010383-ff55-4227-bd6c-d91c26f2643b","2023/05/09 22:46:06","KB0-ExtendedStable-RTM-MicrosoftEdge-ARM64-TSL-World","200","1e6657e0-5d52-40b4-aea2-ea477c1e44d4","","","Updates","cd5ffd1e-e932-4e3a-bf74-18bf0b1bbd83","Windows","Software",""
"Microsoft Edge-Extended Stable Channel Version 112 Update for ARM64 based Editions (Build 112.0.1722.84)","Microsoft Edge","69010383-ff55-4227-bd6c-d91c26f2643b","2023/05/18 21:07:06","KB0-ExtendedStable-RTM-MicrosoftEdge-ARM64-TSL-World","200","f55c1afb-a773-498f-9806-9567eeee2cec","","","Updates","cd5ffd1e-e932-4e3a-bf74-18bf0b1bbd83","Windows","Software",""
"Microsoft Edge-Extended Stable Channel Version 114 Update for ARM64 based Editions (Build 114.0.1823.41)","Microsoft Edge","69010383-ff55-4227-bd6c-d91c26f2643b","2023/06/06 23:10:06","KB0-ExtendedStable-RTM-MicrosoftEdge-ARM64-TSL-World","200","725787b3-159e-4f16-81ad-1dcdfdcd605e","","","Updates","cd5ffd1e-e932-4e3a-bf74-18bf0b1bbd83","Windows","Software",""
"Microsoft Edge-Extended Stable Channel Version 114 Update for ARM64 based Editions (Build 114.0.1823.37)","Microsoft Edge","69010383-ff55-4227-bd6c-d91c26f2643b","2023/06/02 20:23:06","KB0-ExtendedStable-RTM-MicrosoftEdge-ARM64-TSL-World","200","b4c6201c-a924-46b8-b06c-912d947afd2e","","","Updates","cd5ffd1e-e932-4e3a-bf74-18bf0b1bbd83","Windows","Software",""
"Microsoft Edge-Extended Stable Channel Version 114 Update for ARM64 based Editions (Build 114.0.1823.43)","Microsoft Edge","69010383-ff55-4227-bd6c-d91c26f2643b","2023/06/08 21:37:06","KB0-ExtendedStable-RTM-MicrosoftEdge-ARM64-TSL-World","200","9e5666f4-5a6c-4d78-8a49-4347a5e7b621","","","Updates","cd5ffd1e-e932-4e3a-bf74-18bf0b1bbd83","Windows","Software",""
"Microsoft Edge-Extended Stable Channel Version 114 Update for ARM64 based Editions (Build 114.0.1823.51)","Microsoft Edge","69010383-ff55-4227-bd6c-d91c26f2643b","2023/06/15 22:36:06","KB0-ExtendedStable-RTM-MicrosoftEdge-ARM64-TSL-World","200","f32f454c-943a-4ea7-8ec9-dfc881e8a959","","","Updates","cd5ffd1e-e932-4e3a-bf74-18bf0b1bbd83","Windows","Software",""
"Microsoft Edge-Extended Stable Channel Version 114 Update for ARM64 based Editions (Build 114.0.1823.58)","Microsoft Edge","69010383-ff55-4227-bd6c-d91c26f2643b","2023/06/22 20:58:06","KB0-ExtendedStable-RTM-MicrosoftEdge-ARM64-TSL-World","201","6347f5a3-347f-411a-874f-a34896fda96d","","","Updates","cd5ffd1e-e932-4e3a-bf74-18bf0b1bbd83","Windows","Software",""
"Microsoft Edge-Extended Stable Channel Version 114 Update for ARM64 based Editions (Build 114.0.1823.67)","Microsoft Edge","69010383-ff55-4227-bd6c-d91c26f2643b","2023/06/29 21:56:06","KB0-ExtendedStable-RTM-MicrosoftEdge-ARM64-TSL-World","200","841e1d60-f447-40e9-895c-bb23c9288b3b","","","Updates","cd5ffd1e-e932-4e3a-bf74-18bf0b1bbd83","Windows","Software",""
"Microsoft Edge-Extended Stable Channel Version 114 Update for ARM64 based Editions (Build 114.0.1823.79)","Microsoft Edge","69010383-ff55-4227-bd6c-d91c26f2643b","2023/07/10 20:14:06","KB0-ExtendedStable-RTM-MicrosoftEdge-ARM64-TSL-World","200","4242d5b6-83c5-4178-b9f0-30e1f1633146","","","Updates","cd5ffd1e-e932-4e3a-bf74-18bf0b1bbd83","Windows","Software",""
"Microsoft Edge-Extended Stable Channel Version 114 Update for ARM64 based Editions (Build 114.0.1823.82)","Microsoft Edge","69010383-ff55-4227-bd6c-d91c26f2643b","2023/07/13 19:54:06","KB0-ExtendedStable-RTM-MicrosoftEdge-ARM64-TSL-World","200","39127aab-f261-4e1a-ba69-0f293e5659d6","","","Updates","cd5ffd1e-e932-4e3a-bf74-18bf0b1bbd83","Windows","Software",""
"Microsoft Edge-Extended Stable Channel Version 114 Update for ARM64 based Editions (Build 114.0.1823.86)","Microsoft Edge","69010383-ff55-4227-bd6c-d91c26f2643b","2023/07/17 20:35:06","KB0-ExtendedStable-RTM-MicrosoftEdge-ARM64-TSL-World","200","1b1e993c-130e-4d50-8fd9-eaa9a4eecb37","","","Updates","cd5ffd1e-e932-4e3a-bf74-18bf0b1bbd83","Windows","Software",""
"Microsoft Edge-Extended Stable Channel Version 114 Update for ARM64 based Editions (Build 114.0.1823.106)","Microsoft Edge","69010383-ff55-4227-bd6c-d91c26f2643b","2023/08/07 19:57:06","KB0-ExtendedStable-RTM-MicrosoftEdge-ARM64-TSL-World","200","43b0ce8c-73dd-4755-b543-1c6f70a9b343","","","Updates","cd5ffd1e-e932-4e3a-bf74-18bf0b1bbd83","Windows","Software",""
"Microsoft Edge-Extended Stable Channel Version 114 Update for ARM64 based Editions (Build 114.0.1823.90)","Microsoft Edge","69010383-ff55-4227-bd6c-d91c26f2643b","2023/07/21 20:00:06","KB0-ExtendedStable-RTM-MicrosoftEdge-ARM64-TSL-World","200","f0fa90f8-32b5-4d60-83f7-0e44cda23dc9","","","Updates","cd5ffd1e-e932-4e3a-bf74-18bf0b1bbd83","Windows","Software",""
"Microsoft Edge-Extended Stable Channel Version 116 Update for ARM64 based Editions (Build 116.0.1938.69)","Microsoft Edge","69010383-ff55-4227-bd6c-d91c26f2643b","2023/08/31 20:01:06","KB0-ExtendedStable-RTM-MicrosoftEdge-ARM64-TSL-World","200","70a3c557-5691-40bb-a806-9e10b39a9aa0","","","Updates","cd5ffd1e-e932-4e3a-bf74-18bf0b1bbd83","Windows","Software",""
"Microsoft Edge-Extended Stable Channel Version 116 Update for ARM64 based Editions (Build 116.0.1938.62)","Microsoft Edge","69010383-ff55-4227-bd6c-d91c26f2643b","2023/08/25 20:10:06","KB0-ExtendedStable-RTM-MicrosoftEdge-ARM64-TSL-World","200","75514869-a064-4604-b4e0-c2bb461fe599","","","Updates","cd5ffd1e-e932-4e3a-bf74-18bf0b1bbd83","Windows","Software",""
"Microsoft Edge-Extended Stable Channel Version 116 Update for ARM64 based Editions (Build 116.0.1938.54)","Microsoft Edge","69010383-ff55-4227-bd6c-d91c26f2643b","2023/08/21 20:10:06","KB0-ExtendedStable-RTM-MicrosoftEdge-ARM64-TSL-World","200","86ba2cc3-1254-434e-ab48-5b8a5e3a3492","","","Updates","cd5ffd1e-e932-4e3a-bf74-18bf0b1bbd83","Windows","Software",""
"Microsoft Edge-Extended Stable Channel Version 116 Update for ARM64 based Editions (Build 116.0.1938.76)","Microsoft Edge","69010383-ff55-4227-bd6c-d91c26f2643b","2023/09/07 20:23:06","KB0-ExtendedStable-RTM-MicrosoftEdge-ARM64-TSL-World","200","84d76abf-f6b0-4630-ae77-577d2f21b2c4","","","Updates","cd5ffd1e-e932-4e3a-bf74-18bf0b1bbd83","Windows","Software",""
"Microsoft Edge-Extended Stable Channel Version 116 Update for ARM64 based Editions (Build 116.0.1938.81)","Microsoft Edge","69010383-ff55-4227-bd6c-d91c26f2643b","2023/09/12 19:50:06","KB0-ExtendedStable-RTM-MicrosoftEdge-ARM64-TSL-World","200","c849c6e9-6f84-464d-8d9c-aba6bf5dc887","","","Updates","cd5ffd1e-e932-4e3a-bf74-18bf0b1bbd83","Windows","Software",""
"Microsoft Edge-Extended Stable Channel Version 116 Update for ARM64 based Editions (Build 116.0.1938.98)","Microsoft Edge","69010383-ff55-4227-bd6c-d91c26f2643b","2023/09/29 23:26:06","KB0-ExtendedStable-RTM-MicrosoftEdge-ARM64-TSL-World","200","a50b3fd0-cd33-47ae-a9f0-8be2ddc2914d","","","Updates","cd5ffd1e-e932-4e3a-bf74-18bf0b1bbd83","Windows","Software",""
"Microsoft Edge-Extended Stable Channel Version 118 Update for ARM64 based Editions (Build 118.0.2088.61)","Microsoft Edge","69010383-ff55-4227-bd6c-d91c26f2643b","2023/10/20 19:36:06","KB0-ExtendedStable-RTM-MicrosoftEdge-ARM64-TSL-World","200","0df712e0-a1ca-4a19-a627-640fdc34116f","","","Updates","cd5ffd1e-e932-4e3a-bf74-18bf0b1bbd83","Windows","Software",""
"Microsoft Edge-Extended Stable Channel Version 118 Update for ARM64 based Editions (Build 118.0.2088.69)","Microsoft Edge","69010383-ff55-4227-bd6c-d91c26f2643b","2023/10/25 17:00:06","KB0-ExtendedStable-RTM-MicrosoftEdge-ARM64-TSL-World","200","49b2bb42-decf-4767-9408-af502a4c234f","","","Updates","cd5ffd1e-e932-4e3a-bf74-18bf0b1bbd83","Windows","Software",""
"Microsoft Edge-Extended Stable Channel Version 118 Update for ARM64 based Editions (Build 118.0.2088.57)","Microsoft Edge","69010383-ff55-4227-bd6c-d91c26f2643b","2023/10/18 22:00:06","KB0-ExtendedStable-RTM-MicrosoftEdge-ARM64-TSL-World","200","336d63f5-ed50-4b48-b266-fa986f83eb16","","","Updates","cd5ffd1e-e932-4e3a-bf74-18bf0b1bbd83","Windows","Software",""
"Microsoft Edge-Extended Stable Channel Version 118 Update for ARM64 based Editions (Build 118.0.2088.46)","Microsoft Edge","69010383-ff55-4227-bd6c-d91c26f2643b","2023/10/13 19:47:06","KB0-ExtendedStable-RTM-MicrosoftEdge-ARM64-TSL-World","200","1517b45e-6fbe-4fc9-88d6-8798a2025c74","","","Updates","cd5ffd1e-e932-4e3a-bf74-18bf0b1bbd83","Windows","Software",""
"Microsoft Edge-Extended Stable Channel Version 118 Update for ARM64 based Editions (Build 118.0.2088.76)","Microsoft Edge","69010383-ff55-4227-bd6c-d91c26f2643b","2023/10/30 17:00:06","KB0-ExtendedStable-RTM-MicrosoftEdge-ARM64-TSL-World","200","50213222-4a04-4a39-bfda-8383ae29b11c","","","Updates","cd5ffd1e-e932-4e3a-bf74-18bf0b1bbd83","Windows","Software",""
"Microsoft Edge-Extended Stable Channel Version 118 Update for ARM64 based Editions (Build 118.0.2088.88)","Microsoft Edge","69010383-ff55-4227-bd6c-d91c26f2643b","2023/11/02 19:34:06","KB0-ExtendedStable-RTM-MicrosoftEdge-ARM64-TSL-World","200","b0a27a63-5a70-4177-9169-bc8961f9678c","","","Updates","cd5ffd1e-e932-4e3a-bf74-18bf0b1bbd83","Windows","Software",""
"Microsoft Edge-Extended Stable Channel Version 118 Update for ARM64 based Editions (Build 118.0.2088.102)","Microsoft Edge","69010383-ff55-4227-bd6c-d91c26f2643b","2023/11/09 18:12:06","KB0-ExtendedStable-RTM-MicrosoftEdge-ARM64-TSL-World","200","dd9663c1-25da-4529-aade-b1f46bf7a1ff","","","Updates","cd5ffd1e-e932-4e3a-bf74-18bf0b1bbd83","Windows","Software",""
"Microsoft Edge-Extended Stable Channel Version 118 Update for ARM64 based Editions (Build 118.0.2088.109)","Microsoft Edge","69010383-ff55-4227-bd6c-d91c26f2643b","2023/11/16 20:55:06","KB0-ExtendedStable-RTM-MicrosoftEdge-ARM64-TSL-World","200","21dcc06e-8cdf-404d-ad6f-879e08c57eb9","","","Updates","cd5ffd1e-e932-4e3a-bf74-18bf0b1bbd83","Windows","Software",""
"Microsoft Edge-Extended Stable Channel Version 118 Update for ARM64 based Editions (Build 118.0.2088.122)","Microsoft Edge","69010383-ff55-4227-bd6c-d91c26f2643b","2023/11/30 0:30:06","KB0-ExtendedStable-RTM-MicrosoftEdge-ARM64-TSL-World","200","e17d0fba-e691-4c3b-9556-dc8fc810afce","","","Updates","cd5ffd1e-e932-4e3a-bf74-18bf0b1bbd83","Windows","Software",""
"Microsoft Edge-Extended Stable Channel Version 120 Update for ARM64 based Editions (Build 120.0.2210.61)","Microsoft Edge","69010383-ff55-4227-bd6c-d91c26f2643b","2023/12/07 22:41:06","KB0-ExtendedStable-RTM-MicrosoftEdge-ARM64-TSL-World","200","9bffe534-07c2-4a02-8b8e-f07326e20f33","","","Updates","cd5ffd1e-e932-4e3a-bf74-18bf0b1bbd83","Windows","Software",""
"Microsoft Edge-Extended Stable Channel Version 120 Update for ARM64 based Editions (Build 120.0.2210.91)","Microsoft Edge","69010383-ff55-4227-bd6c-d91c26f2643b","2023/12/21 21:00:06","KB0-ExtendedStable-RTM-MicrosoftEdge-ARM64-TSL-World","200","db90e300-95fc-4446-a88d-5078bdf28842","","","Updates","cd5ffd1e-e932-4e3a-bf74-18bf0b1bbd83","Windows","Software",""
"Microsoft Edge-Extended Stable Channel Version 120 Update for ARM64 based Editions (Build 120.0.2210.89)","Microsoft Edge","69010383-ff55-4227-bd6c-d91c26f2643b","2023/12/20 22:12:06","KB0-ExtendedStable-RTM-MicrosoftEdge-ARM64-TSL-World","200","a1e9351c-d3bb-456f-97c4-484f38712dcd","","","Updates","cd5ffd1e-e932-4e3a-bf74-18bf0b1bbd83","Windows","Software",""
"Microsoft Edge-Extended Stable Channel Version 120 Update for ARM64 based Editions (Build 120.0.2210.121)","Microsoft Edge","69010383-ff55-4227-bd6c-d91c26f2643b","2024/01/05 22:04:06","KB0-ExtendedStable-RTM-MicrosoftEdge-ARM64-TSL-World","200","72d73368-b461-4ea6-9bad-463e392b0764","","","Updates","cd5ffd1e-e932-4e3a-bf74-18bf0b1bbd83","Windows","Software",""
"Microsoft Edge-Extended Stable Channel Version 120 Update for ARM64 based Editions (Build 120.0.2210.77)","Microsoft Edge","69010383-ff55-4227-bd6c-d91c26f2643b","2023/12/15 18:00:06","KB0-ExtendedStable-RTM-MicrosoftEdge-ARM64-TSL-World","200","50115b5b-cf80-4b81-af58-8860478aa639","","","Updates","cd5ffd1e-e932-4e3a-bf74-18bf0b1bbd83","Windows","Software",""
"Microsoft Edge-Extended Stable Channel Version 120 Update for ARM64 based Editions (Build 120.0.2210.133)","Microsoft Edge","69010383-ff55-4227-bd6c-d91c26f2643b","2024/01/11 22:26:06","KB0-ExtendedStable-RTM-MicrosoftEdge-ARM64-TSL-World","200","8d180b39-d129-45fc-8574-c33c27433caf","","","Updates","cd5ffd1e-e932-4e3a-bf74-18bf0b1bbd83","Windows","Software",""
"Microsoft Edge-Extended Stable Channel Version 120 Update for ARM64 based Editions (Build 120.0.2210.144)","Microsoft Edge","69010383-ff55-4227-bd6c-d91c26f2643b","2024/01/17 21:08:06","KB0-ExtendedStable-RTM-MicrosoftEdge-ARM64-TSL-World","200","d31ecb67-d2c4-458f-9671-1c577e0e935d","","","Updates","cd5ffd1e-e932-4e3a-bf74-18bf0b1bbd83","Windows","Software",""
"Microsoft Edge-Extended Stable Channel Version 120 Update for ARM64 based Editions (Build 120.0.2210.160)","Microsoft Edge","69010383-ff55-4227-bd6c-d91c26f2643b","2024/01/25 22:08:06","KB0-ExtendedStable-RTM-MicrosoftEdge-ARM64-TSL-World","200","ec266ad3-6e2f-4edf-b644-064575536f4d","","","Updates","cd5ffd1e-e932-4e3a-bf74-18bf0b1bbd83","Windows","Software",""
"Microsoft Edge-Extended Stable Channel Version 120 Update for ARM64 based Editions (Build 120.0.2210.167)","Microsoft Edge","69010383-ff55-4227-bd6c-d91c26f2643b","2024/01/31 20:29:06","KB0-ExtendedStable-RTM-MicrosoftEdge-ARM64-TSL-World","200","b3ea627a-a99c-4fbb-90bf-9d11e180ab5a","","","Updates","cd5ffd1e-e932-4e3a-bf74-18bf0b1bbd83","Windows","Software",""
"Microsoft Edge-Extended Stable Channel Version 120 Update for ARM64 based Editions (Build 120.0.2210.175)","Microsoft Edge","69010383-ff55-4227-bd6c-d91c26f2643b","2024/02/08 20:40:06","KB0-ExtendedStable-RTM-MicrosoftEdge-ARM64-TSL-World","200","f6becce2-0fac-46a7-ad07-ac713a417970","","","Updates","cd5ffd1e-e932-4e3a-bf74-18bf0b1bbd83","Windows","Software",""
"Microsoft Edge-Extended Stable Channel Version 120 Update for ARM64 based Editions (Build 120.0.2210.181)","Microsoft Edge","69010383-ff55-4227-bd6c-d91c26f2643b","2024/02/21 18:00:06","KB0-ExtendedStable-RTM-MicrosoftEdge-ARM64-TSL-World","200","bf0f0e71-555e-48af-b663-346c57ecf77a","","","Updates","cd5ffd1e-e932-4e3a-bf74-18bf0b1bbd83","Windows","Software",""
"Microsoft Edge-Extended Stable Channel Version 122 Update for ARM64 based Editions (Build 122.0.2365.52)","Microsoft Edge","69010383-ff55-4227-bd6c-d91c26f2643b","2024/02/23 23:54:06","KB0-ExtendedStable-RTM-MicrosoftEdge-ARM64-TSL-World","200","8ec0836f-2bd2-4dfc-af41-4f07aba7aaaf","","","Updates","cd5ffd1e-e932-4e3a-bf74-18bf0b1bbd83","Windows","Software",""
"Microsoft Edge-Extended Stable Channel Version 122 Update for ARM64 based Editions (Build 122.0.2365.59)","Microsoft Edge","69010383-ff55-4227-bd6c-d91c26f2643b","2024/02/27 20:42:06","KB0-ExtendedStable-RTM-MicrosoftEdge-ARM64-TSL-World","200","4e7ba370-2cb4-4868-98f9-ba0ec5dc9bb8","","","Updates","cd5ffd1e-e932-4e3a-bf74-18bf0b1bbd83","Windows","Software",""
"Microsoft Edge-Extended Stable Channel Version 122 Update for ARM64 based Editions (Build 122.0.2365.66)","Microsoft Edge","69010383-ff55-4227-bd6c-d91c26f2643b","2024/03/01 22:56:06","KB0-ExtendedStable-RTM-MicrosoftEdge-ARM64-TSL-World","200","a4742fb0-0557-49c7-a6b5-23a454882c29","","","Updates","cd5ffd1e-e932-4e3a-bf74-18bf0b1bbd83","Windows","Software",""
"Microsoft Edge-Extended Stable Channel Version 122 Update for ARM64 based Editions (Build 122.0.2365.80)","Microsoft Edge","69010383-ff55-4227-bd6c-d91c26f2643b","2024/03/07 21:33:06","KB0-ExtendedStable-RTM-MicrosoftEdge-ARM64-TSL-World","200","11e22094-bf25-4aa0-8b60-119e7431f269","","","Updates","cd5ffd1e-e932-4e3a-bf74-18bf0b1bbd83","Windows","Software",""
"Microsoft Edge-Extended Stable Channel Version 122 Update for ARM64 based Editions (Build 122.0.2365.92)","Microsoft Edge","69010383-ff55-4227-bd6c-d91c26f2643b","2024/03/14 23:36:06","KB0-ExtendedStable-RTM-MicrosoftEdge-ARM64-TSL-World","200","e710a22c-c84a-486f-998e-6900b18aa066","","","Updates","cd5ffd1e-e932-4e3a-bf74-18bf0b1bbd83","Windows","Software",""
"Microsoft Edge-Extended Stable Channel Version 122 Update for ARM64 based Editions (Build 122.0.2365.106)","Microsoft Edge","69010383-ff55-4227-bd6c-d91c26f2643b","2024/03/21 19:29:06","KB0-ExtendedStable-RTM-MicrosoftEdge-ARM64-TSL-World","200","f643c18a-83a6-4918-9a85-c9674794baac","","","Updates","cd5ffd1e-e932-4e3a-bf74-18bf0b1bbd83","Windows","Software",""
"Microsoft Edge-Extended Stable Channel Version 122 Update for ARM64 based Editions (Build 122.0.2365.113)","Microsoft Edge","69010383-ff55-4227-bd6c-d91c26f2643b","2024/03/27 21:50:06","KB0-ExtendedStable-RTM-MicrosoftEdge-ARM64-TSL-World","200","7ddc5783-85cf-4f97-8de0-8b685b69ff5f","","","Updates","cd5ffd1e-e932-4e3a-bf74-18bf0b1bbd83","Windows","Software",""
"Microsoft Edge-Extended Stable Channel Version 122 Update for ARM64 based Editions (Build 122.0.2365.120)","Microsoft Edge","69010383-ff55-4227-bd6c-d91c26f2643b","2024/04/05 17:00:06","KB0-ExtendedStable-RTM-MicrosoftEdge-ARM64-TSL-World","200","d0f69fc2-c89d-4eae-a978-06b59b88cc39","","","Updates","cd5ffd1e-e932-4e3a-bf74-18bf0b1bbd83","Windows","Software",""
"Microsoft Edge-Extended Stable Channel Version 124 Update for ARM64 based Editions (Build 124.0.2478.51)","Microsoft Edge","69010383-ff55-4227-bd6c-d91c26f2643b","2024/04/18 20:26:06","KB0-ExtendedStable-RTM-MicrosoftEdge-ARM64-TSL-World","200","1c74acb1-b255-48aa-a786-6231c692fae2","","","Updates","cd5ffd1e-e932-4e3a-bf74-18bf0b1bbd83","Windows","Software",""
"Microsoft Edge-Extended Stable Channel Version 124 Update for ARM64 based Editions (Build 124.0.2478.67)","Microsoft Edge","69010383-ff55-4227-bd6c-d91c26f2643b","2024/04/26 20:31:06","KB0-ExtendedStable-RTM-MicrosoftEdge-ARM64-TSL-World","200","6f81955a-297e-43ea-96fa-d76b5b8589a0","","","Updates","cd5ffd1e-e932-4e3a-bf74-18bf0b1bbd83","Windows","Software",""
