﻿"Title","ProductTitles","ProductIds","CreationDate","LegacyName","Id.RevisionNumber","Id.UpdateId","KnowledgebaseArticles","SecurityBulletins","UpdateClassificationTitle","UpdateClassificationId","ProductFamilyTitles","UpdateType","Action"
"Visual Studio 2022 version 17.1.4 update","Visual Studio 2022","12c24e87-bd40-451b-9477-2c2bf501e0d7","2022/04/12 17:00:00","","201","5fb7984d-2c19-4546-9a03-28c427a75657","5007364","","Security Updates","0fa1201d-4330-4fa8-8ae9-b877473b6441","Developer Tools, Runtimes, and Redistributables","Software"," < 17.9.6"
"Visual Studio 2022 version 17.1.1 update","Visual Studio 2022","12c24e87-bd40-451b-9477-2c2bf501e0d7","2022/03/08 18:00:00","","200","bee4b7f2-5e9f-48b1-9c1d-94eed147981a","5007364","","Security Updates","0fa1201d-4330-4fa8-8ae9-b877473b6441","Developer Tools, Runtimes, and Redistributables","Software"," < 17.9.6"
"Visual Studio 2022 version 17.0.14 update","Visual Studio 2022","12c24e87-bd40-451b-9477-2c2bf501e0d7","2022/09/13 17:00:00","","200","0baa4550-538c-4b3f-a14d-673794320689","5007364","","Security Updates","0fa1201d-4330-4fa8-8ae9-b877473b6441","Developer Tools, Runtimes, and Redistributables","Software"," < 17.9.6"
"Visual Studio 2022 version 17.1.7 update","Visual Studio 2022","12c24e87-bd40-451b-9477-2c2bf501e0d7","2022/06/14 17:00:00","","200","6a5d40ed-e37f-4dc5-840b-bee9e84e3f45","5007364","","Security Updates","0fa1201d-4330-4fa8-8ae9-b877473b6441","Developer Tools, Runtimes, and Redistributables","Software"," < 17.9.6"
"Visual Studio 2022 version 17.2.8 update","Visual Studio 2022","12c24e87-bd40-451b-9477-2c2bf501e0d7","2022/09/13 17:00:00","","200","62f948e5-ba38-4c5f-a80d-1749ee1373a9","5007364","","Security Updates","0fa1201d-4330-4fa8-8ae9-b877473b6441","Developer Tools, Runtimes, and Redistributables","Software"," < 17.9.6"
"Visual Studio 2022 version 17.2.9 update","Visual Studio 2022","12c24e87-bd40-451b-9477-2c2bf501e0d7","2022/10/11 17:00:00","","200","161691fa-95d0-4d1b-a6af-c687d1111bf8","5007364","","Security Updates","0fa1201d-4330-4fa8-8ae9-b877473b6441","Developer Tools, Runtimes, and Redistributables","Software"," < 17.9.6"
"Visual Studio 2022 version 17.0.15 update","Visual Studio 2022","12c24e87-bd40-451b-9477-2c2bf501e0d7","2022/10/11 17:00:00","","200","cf96c77e-d221-47ca-941d-2ff3765f3ad9","5007364","","Security Updates","0fa1201d-4330-4fa8-8ae9-b877473b6441","Developer Tools, Runtimes, and Redistributables","Software"," < 17.9.6"
"Visual Studio 2022 version 17.3.4 update","Visual Studio 2022","12c24e87-bd40-451b-9477-2c2bf501e0d7","2022/09/13 17:00:00","","200","43538151-a8a7-489e-b52d-997182bd78de","5007364","","Security Updates","0fa1201d-4330-4fa8-8ae9-b877473b6441","Developer Tools, Runtimes, and Redistributables","Software"," < 17.9.6"
"Visual Studio 2022 version 17.3.6 update","Visual Studio 2022","12c24e87-bd40-451b-9477-2c2bf501e0d7","2022/10/11 17:00:00","","200","c018f2aa-4254-4f82-9a7f-b36ab3221cbc","5007364","","Security Updates","0fa1201d-4330-4fa8-8ae9-b877473b6441","Developer Tools, Runtimes, and Redistributables","Software"," < 17.9.6"
"Visual Studio 2022 version 17.4.3 update","Visual Studio 2022","12c24e87-bd40-451b-9477-2c2bf501e0d7","2022/12/13 18:00:00","","200","d4e04da3-3eb1-4698-90de-3b49624737d3","5007364","","Security Updates","0fa1201d-4330-4fa8-8ae9-b877473b6441","Developer Tools, Runtimes, and Redistributables","Software"," < 17.9.6"
"Visual Studio 2022 version 17.4.4 update","Visual Studio 2022","12c24e87-bd40-451b-9477-2c2bf501e0d7","2023/01/10 18:00:00","","202","3bb01475-adf5-4c7f-bb9e-5dd0d6c66868","5007364","","Security Updates","0fa1201d-4330-4fa8-8ae9-b877473b6441","Developer Tools, Runtimes, and Redistributables","Software"," < 17.9.6"
"Visual Studio 2022 version 17.4.8 update","Visual Studio 2022","12c24e87-bd40-451b-9477-2c2bf501e0d7","2023/06/13 17:00:00","","200","6950a5d5-3fe7-4223-83fa-13a77ed6928b","5007364","","Security Updates","0fa1201d-4330-4fa8-8ae9-b877473b6441","Developer Tools, Runtimes, and Redistributables","Software"," < 17.9.6"
"Visual Studio 2022 version 17.4.6 update","Visual Studio 2022","12c24e87-bd40-451b-9477-2c2bf501e0d7","2023/03/14 17:00:00","","200","fa7bee44-b244-4f7b-aa85-f58fd8534016","5007364","","Security Updates","0fa1201d-4330-4fa8-8ae9-b877473b6441","Developer Tools, Runtimes, and Redistributables","Software"," < 17.9.6"
"Visual Studio 2022 version 17.4.7 update","Visual Studio 2022","12c24e87-bd40-451b-9477-2c2bf501e0d7","2023/04/11 17:00:00","","200","913aa7a4-75d8-4abc-9d66-8ddc163be471","5007364","","Security Updates","0fa1201d-4330-4fa8-8ae9-b877473b6441","Developer Tools, Runtimes, and Redistributables","Software"," < 17.9.6"
"Visual Studio 2022 version 17.5.4 update","Visual Studio 2022","12c24e87-bd40-451b-9477-2c2bf501e0d7","2023/04/11 17:00:00","","200","760b41c8-26df-4d80-a8a0-43ac8a66d2d2","5007364","","Security Updates","0fa1201d-4330-4fa8-8ae9-b877473b6441","Developer Tools, Runtimes, and Redistributables","Software"," < 17.9.6"
"Visual Studio 2022 version 17.5.2 update","Visual Studio 2022","12c24e87-bd40-451b-9477-2c2bf501e0d7","2023/03/14 17:00:00","","200","89c3579a-4325-4e58-a8c7-d0f590a9c5f6","5007364","","Security Updates","0fa1201d-4330-4fa8-8ae9-b877473b6441","Developer Tools, Runtimes, and Redistributables","Software"," < 17.9.6"
"Visual Studio 2022 version 17.0.23 update","Visual Studio 2022","12c24e87-bd40-451b-9477-2c2bf501e0d7","2023/07/11 17:00:00","","201","cc24aaa7-d4b1-4f93-89c9-e56bde53802d","5007364","","Security Updates","0fa1201d-4330-4fa8-8ae9-b877473b6441","Developer Tools, Runtimes, and Redistributables","Software"," < 17.9.6"
"Visual Studio 2022 version 17.4.9 update","Visual Studio 2022","12c24e87-bd40-451b-9477-2c2bf501e0d7","2023/07/11 17:00:00","","200","b31489b8-804f-406a-94eb-3658e19fde25","5007364","","Security Updates","0fa1201d-4330-4fa8-8ae9-b877473b6441","Developer Tools, Runtimes, and Redistributables","Software"," < 17.9.6"
"Visual Studio 2022 version 17.4.10 update","Visual Studio 2022","12c24e87-bd40-451b-9477-2c2bf501e0d7","2023/08/08 17:00:00","","200","e391bd8e-c448-4efa-a5af-ce3d3bfb1c5f","5007364","","Security Updates","0fa1201d-4330-4fa8-8ae9-b877473b6441","Developer Tools, Runtimes, and Redistributables","Software"," < 17.9.6"
"Visual Studio 2022 version 17.6.9 update","Visual Studio 2022","12c24e87-bd40-451b-9477-2c2bf501e0d7","2023/10/24 17:00:00","","200","b5f9ff62-4649-40cb-95fe-85398ae651a9","5007364","","Security Updates","0fa1201d-4330-4fa8-8ae9-b877473b6441","Developer Tools, Runtimes, and Redistributables","Software"," < 17.9.6"
"Visual Studio 2022 version 17.7.6 update","Visual Studio 2022","12c24e87-bd40-451b-9477-2c2bf501e0d7","2023/10/24 17:00:00","","200","59971a7f-0248-457f-9021-f9f173431ddd","5007364","","Security Updates","0fa1201d-4330-4fa8-8ae9-b877473b6441","Developer Tools, Runtimes, and Redistributables","Software"," < 17.9.6"
"Visual Studio 2022 version 17.7.5 update","Visual Studio 2022","12c24e87-bd40-451b-9477-2c2bf501e0d7","2023/10/10 17:00:00","","200","a5cf5343-7717-4696-88cd-2756cb6ff92e","5007364","","Security Updates","0fa1201d-4330-4fa8-8ae9-b877473b6441","Developer Tools, Runtimes, and Redistributables","Software"," < 17.9.6"
"Visual Studio 2022 version 17.2.20 update","Visual Studio 2022","12c24e87-bd40-451b-9477-2c2bf501e0d7","2023/10/10 17:00:00","","202","d5fd024c-a2ed-4477-95fe-1d5429589ca4","5007364","","Security Updates","0fa1201d-4330-4fa8-8ae9-b877473b6441","Developer Tools, Runtimes, and Redistributables","Software"," < 17.9.6"
"Visual Studio 2022 version 17.4.12 update","Visual Studio 2022","12c24e87-bd40-451b-9477-2c2bf501e0d7","2023/10/10 17:00:00","","200","ff66d1db-90d3-42a2-8b61-872cb3d57127","5007364","","Security Updates","0fa1201d-4330-4fa8-8ae9-b877473b6441","Developer Tools, Runtimes, and Redistributables","Software"," < 17.9.6"
"Visual Studio 2022 version 17.4.13 update","Visual Studio 2022","12c24e87-bd40-451b-9477-2c2bf501e0d7","2023/10/24 17:00:00","","200","3dc0c094-3e12-4540-a77f-61d93e936459","5007364","","Security Updates","0fa1201d-4330-4fa8-8ae9-b877473b6441","Developer Tools, Runtimes, and Redistributables","Software"," < 17.9.6"
"Visual Studio 2022 version 17.4.14 update","Visual Studio 2022","12c24e87-bd40-451b-9477-2c2bf501e0d7","2023/11/14 18:00:00","","201","0fd3a3b2-5a1d-4941-9c72-b2c32effc992","5007364","","Security Updates","0fa1201d-4330-4fa8-8ae9-b877473b6441","Developer Tools, Runtimes, and Redistributables","Software"," < 17.9.6"
"Visual Studio 2022 version 17.6.10 update","Visual Studio 2022","12c24e87-bd40-451b-9477-2c2bf501e0d7","2023/11/14 18:00:00","","200","9d7a2cc6-694f-4f86-9f45-178303b5e1b4","5007364","","Security Updates","0fa1201d-4330-4fa8-8ae9-b877473b6441","Developer Tools, Runtimes, and Redistributables","Software"," < 17.9.6"
"Visual Studio 2022 version 17.2.21 update","Visual Studio 2022","12c24e87-bd40-451b-9477-2c2bf501e0d7","2023/10/24 17:00:00","","200","30061af0-7613-4a1a-9fbd-fdf6d86e7e80","5007364","","Security Updates","0fa1201d-4330-4fa8-8ae9-b877473b6441","Developer Tools, Runtimes, and Redistributables","Software"," < 17.9.6"
"Visual Studio 2022 version 17.2.22 update","Visual Studio 2022","12c24e87-bd40-451b-9477-2c2bf501e0d7","2023/11/14 18:00:00","","202","c6c604c0-adbb-4951-afa9-2cc3b3209d62","5007364","","Security Updates","0fa1201d-4330-4fa8-8ae9-b877473b6441","Developer Tools, Runtimes, and Redistributables","Software"," < 17.9.6"
"Visual Studio 2022 version 17.7.4 update","Visual Studio 2022","12c24e87-bd40-451b-9477-2c2bf501e0d7","2023/09/12 17:00:00","","200","6071e7d3-32d6-4922-ab5c-e322e389a599","5007364","","Security Updates","0fa1201d-4330-4fa8-8ae9-b877473b6441","Developer Tools, Runtimes, and Redistributables","Software"," < 17.9.6"
"Visual Studio 2022 version 17.4.11 update","Visual Studio 2022","12c24e87-bd40-451b-9477-2c2bf501e0d7","2023/09/12 17:00:00","","200","d796d779-41e8-4628-81af-a2bfc450855d","5007364","","Security Updates","0fa1201d-4330-4fa8-8ae9-b877473b6441","Developer Tools, Runtimes, and Redistributables","Software"," < 17.9.6"
"Visual Studio 2022 version 17.2.19 update","Visual Studio 2022","12c24e87-bd40-451b-9477-2c2bf501e0d7","2023/09/12 17:00:00","","200","4172bffa-c279-4198-b2e3-8fc284519ae8","5007364","","Security Updates","0fa1201d-4330-4fa8-8ae9-b877473b6441","Developer Tools, Runtimes, and Redistributables","Software"," < 17.9.6"
"Visual Studio 2022 version 17.6.11 update","Visual Studio 2022","12c24e87-bd40-451b-9477-2c2bf501e0d7","2024/01/09 18:00:00","","200","47a9d09c-8a33-41d5-b77e-0c204bbfbdaf","5007364","","Security Updates","0fa1201d-4330-4fa8-8ae9-b877473b6441","Developer Tools, Runtimes, and Redistributables","Software"," < 17.9.6"
"Visual Studio 2022 version 17.2.23 update","Visual Studio 2022","12c24e87-bd40-451b-9477-2c2bf501e0d7","2024/01/09 18:00:00","","200","5226de30-c8ef-4ffe-ba18-238d750b0f52","5007364","","Security Updates","0fa1201d-4330-4fa8-8ae9-b877473b6441","Developer Tools, Runtimes, and Redistributables","Software"," < 17.9.6"
"Visual Studio 2022 version 17.8.7 update","Visual Studio 2022","12c24e87-bd40-451b-9477-2c2bf501e0d7","2024/02/13 18:00:00","","200","91bd27dc-5e93-4e54-9f49-c6593885f114","5007364","","Security Updates","0fa1201d-4330-4fa8-8ae9-b877473b6441","Developer Tools, Runtimes, and Redistributables","Software"," < 17.9.6"
"Visual Studio 2022 version 17.8.8 update","Visual Studio 2022","12c24e87-bd40-451b-9477-2c2bf501e0d7","2024/03/12 17:00:00","","201","0d2f1335-1a4e-4d84-a6ad-68df7058f270","5007364","","Security Updates","0fa1201d-4330-4fa8-8ae9-b877473b6441","Developer Tools, Runtimes, and Redistributables","Software"," < 17.9.6"
"Visual Studio 2022 version 17.4.16 update","Visual Studio 2022","12c24e87-bd40-451b-9477-2c2bf501e0d7","2024/02/13 18:00:00","","200","0339401a-f354-49d9-a238-45acb632643f","5007364","","Security Updates","0fa1201d-4330-4fa8-8ae9-b877473b6441","Developer Tools, Runtimes, and Redistributables","Software"," < 17.9.6"
"Visual Studio 2022 version 17.9.3 update","Visual Studio 2022","12c24e87-bd40-451b-9477-2c2bf501e0d7","2024/03/12 17:00:00","","201","eaac6b74-474e-4705-acda-2a79ce8eec4f","5007364","","Security Updates","0fa1201d-4330-4fa8-8ae9-b877473b6441","Developer Tools, Runtimes, and Redistributables","Software"," < 17.9.6"
"Visual Studio 2022 version 17.6.13 update","Visual Studio 2022","12c24e87-bd40-451b-9477-2c2bf501e0d7","2024/03/12 17:00:00","","201","322d458e-ccb9-4ece-a277-d6dacdedd053","5007364","","Security Updates","0fa1201d-4330-4fa8-8ae9-b877473b6441","Developer Tools, Runtimes, and Redistributables","Software"," < 17.9.6"
"Visual Studio 2022 version 17.8.4 update","Visual Studio 2022","12c24e87-bd40-451b-9477-2c2bf501e0d7","2024/01/09 18:00:00","","200","0bcc5e83-ab74-4da2-aaca-0cfa7129cb4c","5007364","","Security Updates","0fa1201d-4330-4fa8-8ae9-b877473b6441","Developer Tools, Runtimes, and Redistributables","Software"," < 17.9.6"
"Visual Studio 2022 version 17.4.15 update","Visual Studio 2022","12c24e87-bd40-451b-9477-2c2bf501e0d7","2024/01/09 18:00:00","","200","85a47772-4584-4dff-ac8a-65ab2b75af60","5007364","","Security Updates","0fa1201d-4330-4fa8-8ae9-b877473b6441","Developer Tools, Runtimes, and Redistributables","Software"," < 17.9.6"
"Visual Studio 2022 version 17.4.17 update","Visual Studio 2022","12c24e87-bd40-451b-9477-2c2bf501e0d7","2024/03/12 17:00:00","","201","f021bc18-2fbd-4b27-9194-91fac95df30c","5007364","","Security Updates","0fa1201d-4330-4fa8-8ae9-b877473b6441","Developer Tools, Runtimes, and Redistributables","Software"," < 17.9.6"
"Visual Studio 2022 version 17.6.12 update","Visual Studio 2022","12c24e87-bd40-451b-9477-2c2bf501e0d7","2024/02/13 18:00:00","","200","7efb7e58-e6be-44ca-a74a-8e023f0a7cb0","5007364","","Security Updates","0fa1201d-4330-4fa8-8ae9-b877473b6441","Developer Tools, Runtimes, and Redistributables","Software"," < 17.9.6"
"Visual Studio 2022 version 17.4.18 update","Visual Studio 2022","12c24e87-bd40-451b-9477-2c2bf501e0d7","2024/04/09 17:00:00","","200","7d1a802e-919c-4396-90fe-7a9735880d5c","5007364","","Security Updates","0fa1201d-4330-4fa8-8ae9-b877473b6441","Developer Tools, Runtimes, and Redistributables","Software"," < 17.9.6"
"Visual Studio 2022 version 17.6.14 update","Visual Studio 2022","12c24e87-bd40-451b-9477-2c2bf501e0d7","2024/04/09 17:00:00","","200","84730f34-56ee-454f-bc0f-d8926040fedc","5007364","","Security Updates","0fa1201d-4330-4fa8-8ae9-b877473b6441","Developer Tools, Runtimes, and Redistributables","Software"," < 17.9.6"
"Visual Studio 2022 version 17.8.9 update","Visual Studio 2022","12c24e87-bd40-451b-9477-2c2bf501e0d7","2024/04/09 17:00:00","","200","8b88077d-3fa7-4f5a-9515-e45a9a0a015f","5007364","","Security Updates","0fa1201d-4330-4fa8-8ae9-b877473b6441","Developer Tools, Runtimes, and Redistributables","Software"," < 17.9.6"
