﻿"Title","ProductTitles","ProductIds","CreationDate","LegacyName","Id.RevisionNumber","Id.UpdateId","KnowledgebaseArticles","SecurityBulletins","UpdateClassificationTitle","UpdateClassificationId","ProductFamilyTitles","UpdateType","Action"
"2021-10 Cumulative Update for .NET Framework 3.5 and 4.8 for Windows 11 for x64 (KB5005537)","Windows 11","72e7624a-5b00-45d2-b92f-e561c0a6a160","2021/10/12 17:00:00","KB5005537-DotNetCumulative-Client-x64-Retail","203","7a127356-1465-4497-8765-1738d242e43d","5005537","","Security Updates","0fa1201d-4330-4fa8-8ae9-b877473b6441","Windows","Software",""
"2021-10 Cumulative Update for Windows 11 for x64-based Systems (KB5006674)","Windows 11","72e7624a-5b00-45d2-b92f-e561c0a6a160","2021/10/12 17:03:07","KB5006674-WindowsSV21H2-RTM-UnifiedCumulativeSecurity-X64-TSL-World","201","8cf5c03f-1b45-4d8f-a6d6-9fc9a927f92a","5006674","","Security Updates","0fa1201d-4330-4fa8-8ae9-b877473b6441","Windows","Software",""
"2021-10 Dynamic Cumulative Update for Windows 11 for x64-based Systems (KB5006674)","Windows 11 GDR-DU","b6ea7c03-5339-4d45-a215-314a05fe37e0","2021/10/12 17:03:07","KB5006674-WindowsSV21H2-GDR-DU-RTM-UnifiedCumulativeSecurity-X64-TSL-World","201","0fae783b-ccbc-44d0-a30c-07a9eb3bc2f8","5006674","","Security Updates","0fa1201d-4330-4fa8-8ae9-b877473b6441","Windows","Software",""
"2021-09 Dynamic Update for Windows 11 for x64-based Systems (KB5006587)","Windows 11 Dynamic Update","ab1852d6-15fd-4bf0-acd1-d276a5ea82fb","2021/09/16 17:00:06","KB5006587-WindowsSV21H2-RTM-SetupDU-X64-TSL-World","201","ddc60c3b-9934-4d09-bc9d-04430e54c84c","5006587","","Critical Updates","e6cf1350-c01b-414d-a61f-263d14d133b4","Windows","Software",""
"2021-11 Cumulative Update for Windows 11 for x64-based Systems (KB5007215)","Windows 11","72e7624a-5b00-45d2-b92f-e561c0a6a160","2021/11/09 18:00:07","KB5007215-WindowsSV21H2-RTM-UnifiedCumulativeSecurity-X64-TSL-World","200","4ecc60a2-2dd3-4673-8c07-b9922334f6d8","5007215","","Security Updates","0fa1201d-4330-4fa8-8ae9-b877473b6441","Windows","Software",""
"2021-11 Dynamic Cumulative Update for Windows 11 for x64-based Systems (KB5007215)","Windows 11 GDR-DU","b6ea7c03-5339-4d45-a215-314a05fe37e0","2021/11/09 18:00:07","KB5007215-WindowsSV21H2-GDR-DU-RTM-UnifiedCumulativeSecurity-X64-TSL-World","200","e32d84b0-404b-4cbe-bd50-9c280507c64c","5007215","","Security Updates","0fa1201d-4330-4fa8-8ae9-b877473b6441","Windows","Software",""
"2021-11 Cumulative Update for .NET Framework 3.5 and 4.8 for Windows 11 for x64 (KB5006363)","Windows 11","72e7624a-5b00-45d2-b92f-e561c0a6a160","2021/11/09 18:00:00","KB5006363-DotNetCumulative-Client-x64-Retail","200","d7a59bbe-7971-4496-a59c-c1a7289ec6a8","5006363","","Updates","cd5ffd1e-e932-4e3a-bf74-18bf0b1bbd83","Windows","Software",""
"2021-11 Dynamic Update for Windows 11 for x64-based Systems (KB5007575)","Windows 11 Dynamic Update","ab1852d6-15fd-4bf0-acd1-d276a5ea82fb","2021/11/22 22:00:06","KB5007575-WindowsSV21H2-RTM-CriticalDU-X64-TSL-World","203","0543c571-2166-4c6e-a7f5-fc888a9a6d96","5007575","","Critical Updates","e6cf1350-c01b-414d-a61f-263d14d133b4","Windows","Software",""
"2021-11 Dynamic Update for Windows 11 for x64-based Systems (KB5007400)","Windows 11 Dynamic Update
Windows Safe OS Dynamic Update","ab1852d6-15fd-4bf0-acd1-d276a5ea82fb
dd1aa213-54e7-4173-8456-b278964a26b6","2021/11/22 22:00:06","KB5007400-WindowsSV21H2-RTM-SafeOSDU-X64-TSL-World","203","632a604e-75f0-44cf-83c0-6677eaf3738a","5007400","","Critical Updates","e6cf1350-c01b-414d-a61f-263d14d133b4","Windows","Software",""
"2021-11 Dynamic Update for Windows 11 for x64-based Systems (KB5007268)","Windows 11 Dynamic Update","ab1852d6-15fd-4bf0-acd1-d276a5ea82fb","2021/11/22 22:00:06","KB5007268-WindowsSV21H2-RTM-SetupDU-X64-TSL-World","200","17be039a-1e0d-4ff9-9d31-3acf4d8966b8","5007268","","Critical Updates","e6cf1350-c01b-414d-a61f-263d14d133b4","Windows","Software",""
"2021-12 Cumulative Update for Windows 11 for x64-based Systems (KB5008215)","Windows 11","72e7624a-5b00-45d2-b92f-e561c0a6a160","2021/12/14 18:00:06","KB5008215-WindowsSV21H2-RTM-UnifiedCumulativeSecurity-X64-TSL-World","200","d657015b-8ec8-49ea-9802-6ba83ab978e2","5008215","","Security Updates","0fa1201d-4330-4fa8-8ae9-b877473b6441","Windows","Software",""
"2021-12 Dynamic Cumulative Update for Windows 11 for x64-based Systems (KB5008215)","Windows 11 GDR-DU","b6ea7c03-5339-4d45-a215-314a05fe37e0","2021/12/14 18:00:06","KB5008215-WindowsSV21H2-GDR-DU-RTM-UnifiedCumulativeSecurity-X64-TSL-World","200","ea1658a5-5cfb-47f7-a668-238d2f1a4bf7","5008215","","Security Updates","0fa1201d-4330-4fa8-8ae9-b877473b6441","Windows","Software",""
"2022-01 Cumulative Update for Windows 11 for x64-based Systems (KB5009566)","Windows 11","72e7624a-5b00-45d2-b92f-e561c0a6a160","2022/01/11 18:00:06","KB5009566-WindowsSV21H2-RTM-UnifiedCumulativeSecurity-X64-TSL-World","200","e2ad983b-4ada-44ed-a1fd-748fbf935fb0","5009566","","Security Updates","0fa1201d-4330-4fa8-8ae9-b877473b6441","Windows","Software",""
"2022-01 Cumulative Update for .NET Framework 3.5 and 4.8 for Windows 11 for x64 (KB5008880)","Windows 11","72e7624a-5b00-45d2-b92f-e561c0a6a160","2022/01/11 18:00:00","KB5008880-SV-Client-x64-Retail","200","f29d90ec-9a37-42fb-82b6-5cf625b49abb","5008880","","Security Updates","0fa1201d-4330-4fa8-8ae9-b877473b6441","Windows","Software",""
"2022-01 Dynamic Cumulative Update for Windows 11 for x64-based Systems (KB5009566)","Windows 11 GDR-DU","b6ea7c03-5339-4d45-a215-314a05fe37e0","2022/01/11 18:00:06","KB5009566-WindowsSV21H2-GDR-DU-RTM-UnifiedCumulativeSecurity-X64-TSL-World","200","f97a75ad-b1f6-4b06-b6c8-0c6eff8286b1","5009566","","Security Updates","0fa1201d-4330-4fa8-8ae9-b877473b6441","Windows","Software",""
"2022-01 Dynamic Update for Windows 11 for x64-based Systems (KB5009644)","Windows 11 Dynamic Update
Windows Safe OS Dynamic Update","ab1852d6-15fd-4bf0-acd1-d276a5ea82fb
dd1aa213-54e7-4173-8456-b278964a26b6","2022/01/25 22:00:06","KB5009644-WindowsSV21H2-RTM-SafeOSDU-X64-TSL-World","203","aa2f189e-4570-4ec5-832c-11505038f299","5009644","","Critical Updates","e6cf1350-c01b-414d-a61f-263d14d133b4","Windows","Software",""
"2022-01 Dynamic Update for Windows 11 for x64-based Systems (KB5009646)","Windows 11 Dynamic Update","ab1852d6-15fd-4bf0-acd1-d276a5ea82fb","2022/01/25 22:00:06","KB5009646-WindowsSV21H2-RTM-SetupDU-X64-TSL-World","203","2ce4eba8-7dac-497f-9ba3-190151a13510","5009646","","Critical Updates","e6cf1350-c01b-414d-a61f-263d14d133b4","Windows","Software",""
"2022-02 Dynamic Update for Windows 11 for x64-based Systems (KB5010455)","Windows 11 Dynamic Update","ab1852d6-15fd-4bf0-acd1-d276a5ea82fb","2022/02/15 18:00:06","KB5010455-WindowsSV21H2-RTM-SetupDU-X64-TSL-World","200","a776aad1-73b0-4136-8027-7fc0e319aef8","5010455","","Critical Updates","e6cf1350-c01b-414d-a61f-263d14d133b4","Windows","Software",""
"2022-02 Cumulative Update for Windows 11 for x64-based Systems (KB5010386)","Windows 11","72e7624a-5b00-45d2-b92f-e561c0a6a160","2022/02/08 18:00:06","KB5010386-WindowsSV21H2-RTM-UnifiedCumulativeSecurity-X64-TSL-World","200","b975b9b2-6309-438e-9e7c-a7f17bb73d9b","5010386","","Security Updates","0fa1201d-4330-4fa8-8ae9-b877473b6441","Windows","Software",""
"2022-02 Cumulative Update for .NET Framework 3.5 and 4.8 for Windows 11 for x64 (KB5009469)","Windows 11","72e7624a-5b00-45d2-b92f-e561c0a6a160","2022/02/08 18:00:00","KB5009469-SV-Client-x64-Retail","200","3846373a-0289-4a96-9735-3dafe8f4c940","5009469","","Updates","cd5ffd1e-e932-4e3a-bf74-18bf0b1bbd83","Windows","Software",""
"2022-02 Dynamic Cumulative Update for Windows 11 for x64-based Systems (KB5010386)","Windows 11 GDR-DU","b6ea7c03-5339-4d45-a215-314a05fe37e0","2022/02/08 18:00:06","KB5010386-WindowsSV21H2-GDR-DU-RTM-UnifiedCumulativeSecurity-X64-TSL-World","200","a1b6c9be-d199-4bef-9981-3faf1a3d4cde","5010386","","Security Updates","0fa1201d-4330-4fa8-8ae9-b877473b6441","Windows","Software",""
"2022-03 Dynamic Update for Windows 11 for x64-based Systems (KB5012414)","Windows 11 Dynamic Update
Windows Safe OS Dynamic Update","ab1852d6-15fd-4bf0-acd1-d276a5ea82fb
dd1aa213-54e7-4173-8456-b278964a26b6","2022/03/08 18:00:06","KB5012414-WindowsSV21H2-RTM-SafeOSDU-X64-TSL-World","200","406096b0-d996-4170-b9dc-86cfbf74a543","5012414","","Critical Updates","e6cf1350-c01b-414d-a61f-263d14d133b4","Windows","Software",""
"2022-03 Dynamic Cumulative Update for Windows 11 for x64-based Systems (KB5011493)","Windows 11 GDR-DU","b6ea7c03-5339-4d45-a215-314a05fe37e0","2022/03/08 18:00:06","KB5011493-WindowsSV21H2-GDR-DU-RTM-UnifiedCumulativeSecurity-X64-TSL-World","200","f2b0ba9f-fbb6-4d4c-83ef-430778c44766","5011493","","Security Updates","0fa1201d-4330-4fa8-8ae9-b877473b6441","Windows","Software",""
"2022-03 Cumulative Update for Windows 11 for x64-based Systems (KB5011493)","Windows 11","72e7624a-5b00-45d2-b92f-e561c0a6a160","2022/03/08 18:00:06","KB5011493-WindowsSV21H2-RTM-UnifiedCumulativeSecurity-X64-TSL-World","200","f7a60bf7-e59b-4d2c-92ba-5fe0af0e8ff7","5011493","","Security Updates","0fa1201d-4330-4fa8-8ae9-b877473b6441","Windows","Software",""
"2022-04 Cumulative Update for .NET Framework 3.5 and 4.8 for Windows 11 for x64 (KB5012121)","Windows 11","72e7624a-5b00-45d2-b92f-e561c0a6a160","2022/04/12 17:00:00","KB5012121-DotNetCumulative-SV-Client-x64-Retail","200","e589b872-7e33-4099-8fae-69b015c5a5dd","5012121","","Security Updates","0fa1201d-4330-4fa8-8ae9-b877473b6441","Windows","Software",""
"2022-03 Dynamic Update for Windows 11 for x64-based Systems (KB5011579)","Windows 11 Dynamic Update
Windows Safe OS Dynamic Update","ab1852d6-15fd-4bf0-acd1-d276a5ea82fb
dd1aa213-54e7-4173-8456-b278964a26b6","2022/03/28 21:00:06","KB5011579-WindowsSV21H2-RTM-SafeOSDU-X64-TSL-World","202","4161681b-ff0a-4d8d-85de-0020e1680ecd","5011579","","Critical Updates","e6cf1350-c01b-414d-a61f-263d14d133b4","Windows","Software",""
"2022-04 Dynamic Cumulative Update for Windows 11 for x64-based Systems (KB5012592)","Windows 11 GDR-DU","b6ea7c03-5339-4d45-a215-314a05fe37e0","2022/04/12 17:00:06","KB5012592-WindowsSV21H2-GDR-DU-RTM-UnifiedCumulativeSecurity-X64-TSL-World","200","cb1ee726-5793-4a66-8ba6-0743e8a102ad","5012592","","Security Updates","0fa1201d-4330-4fa8-8ae9-b877473b6441","Windows","Software",""
"2022-04 Cumulative Update for Windows 11 for x64-based Systems (KB5012592)","Windows 11","72e7624a-5b00-45d2-b92f-e561c0a6a160","2022/04/12 17:00:06","KB5012592-WindowsSV21H2-RTM-UnifiedCumulativeSecurity-X64-TSL-World","200","54daf15a-aa18-4880-b98a-535c513ea2e4","5012592","","Security Updates","0fa1201d-4330-4fa8-8ae9-b877473b6441","Windows","Software",""
"2022-03 Dynamic Update for Windows 11 for x64-based Systems (KB5011576)","Windows 11 Dynamic Update","ab1852d6-15fd-4bf0-acd1-d276a5ea82fb","2022/03/28 21:00:06","KB5011576-WindowsSV21H2-RTM-SetupDU-X64-TSL-World","202","4538e311-560d-4d2d-a390-ca8b5c9e008a","5011576","","Critical Updates","e6cf1350-c01b-414d-a61f-263d14d133b4","Windows","Software",""
"2022-04 Dynamic Update for Windows 11 for x64-based Systems (KB5012678)","Windows 11 Dynamic Update","ab1852d6-15fd-4bf0-acd1-d276a5ea82fb","2022/04/25 21:00:06","KB5012678-WindowsSV21H2-RTM-SetupDU-X64-TSL-World","202","84941879-0758-4a87-ad21-6e7b5c33a611","5012678","","Critical Updates","e6cf1350-c01b-414d-a61f-263d14d133b4","Windows","Software",""
"2022-05 Dynamic Cumulative Update for Windows 11 for x64-based Systems (KB5013943)","Windows 11 GDR-DU","b6ea7c03-5339-4d45-a215-314a05fe37e0","2022/05/10 17:00:06","KB5013943-WindowsSV21H2-GDR-DU-RTM-UnifiedCumulativeSecurity-X64-TSL-World","200","6d25841e-3d61-4416-9c13-afed0fef7427","5013943","","Security Updates","0fa1201d-4330-4fa8-8ae9-b877473b6441","Windows","Software",""
"2022-05 Cumulative Update for .NET Framework 3.5 and 4.8 for Windows 11 for x64 (KB5013628)","Windows 11","72e7624a-5b00-45d2-b92f-e561c0a6a160","2022/05/10 17:00:00","KB5013628-DotNetCumulative-SV-Client-x64-Retail","200","a766e1de-19c4-4e7c-95c8-a24e528b1cda","5013628","","Security Updates","0fa1201d-4330-4fa8-8ae9-b877473b6441","Windows","Software",""
"2022-05 Cumulative Update for Windows 11 for x64-based Systems (KB5013943)","Windows 11","72e7624a-5b00-45d2-b92f-e561c0a6a160","2022/05/10 17:00:06","KB5013943-WindowsSV21H2-RTM-UnifiedCumulativeSecurity-X64-TSL-World","200","7b6d13c6-6401-4a10-a61f-1dab8d93356e","5013943","","Security Updates","0fa1201d-4330-4fa8-8ae9-b877473b6441","Windows","Software",""
"2022-06 Dynamic Cumulative Update for Windows 11 for x64-based Systems (KB5014697)","Windows 11 GDR-DU","b6ea7c03-5339-4d45-a215-314a05fe37e0","2022/06/14 17:00:06","KB5014697-WindowsSV21H2-GDR-DU-RTM-UnifiedCumulativeSecurity-X64-TSL-World","200","127cdded-e48c-4221-bc21-f79693e83077","5014697","","Security Updates","0fa1201d-4330-4fa8-8ae9-b877473b6441","Windows","Software",""
"2022-06 Cumulative Update for .NET Framework 3.5 and 4.8 for Windows 11 for x64 (KB5013889)","Windows 11","72e7624a-5b00-45d2-b92f-e561c0a6a160","2022/06/14 17:00:00","KB5013889-DotNetCumulative-SV-Client-x64-Retail","200","593cca08-67a3-4321-9aac-1f6f9dea5d5e","5013889","","Updates","cd5ffd1e-e932-4e3a-bf74-18bf0b1bbd83","Windows","Software",""
"2022-06 Cumulative Update for Windows 11 for x64-based Systems (KB5014697)","Windows 11","72e7624a-5b00-45d2-b92f-e561c0a6a160","2022/06/14 17:00:06","KB5014697-WindowsSV21H2-RTM-UnifiedCumulativeSecurity-X64-TSL-World","200","4b89ef50-c400-494f-9a0c-3a45fefe8a6e","5014697","","Security Updates","0fa1201d-4330-4fa8-8ae9-b877473b6441","Windows","Software",""
"2022-05 Dynamic Update for Windows 11 for x64-based Systems (KB5014036)","Windows 11 Dynamic Update
Windows Safe OS Dynamic Update","ab1852d6-15fd-4bf0-acd1-d276a5ea82fb
dd1aa213-54e7-4173-8456-b278964a26b6","2022/05/24 21:00:06","KB5014036-WindowsSV21H2-RTM-SafeOSDU-X64-TSL-World","200","c8e74c59-ad32-420d-b636-68d8d17271fc","5014036","","Critical Updates","e6cf1350-c01b-414d-a61f-263d14d133b4","Windows","Software",""
"2022-05 Dynamic Update for Windows 11 for x64-based Systems (KB5014039)","Windows 11 Dynamic Update","ab1852d6-15fd-4bf0-acd1-d276a5ea82fb","2022/05/24 21:00:06","KB5014039-WindowsSV21H2-RTM-SetupDU-X64-TSL-World","200","dacf3bfb-9188-47f8-96ed-34b36a78b5ad","5014039","","Critical Updates","e6cf1350-c01b-414d-a61f-263d14d133b4","Windows","Software",""
"2022-07 Cumulative Update for Windows 11 for x64-based Systems (KB5015814)","Windows 11","72e7624a-5b00-45d2-b92f-e561c0a6a160","2022/07/12 17:00:06","KB5015814-WindowsSV21H2-RTM-UnifiedCumulativeSecurity-X64-TSL-World","200","13fd53da-dbf5-4b09-b9cc-f749a2648f8c","5015814","","Security Updates","0fa1201d-4330-4fa8-8ae9-b877473b6441","Windows","Software",""
"2022-06 Dynamic Update for Windows 11 for x64-based Systems (KB5015021)","Windows 11 Dynamic Update
Windows Safe OS Dynamic Update","ab1852d6-15fd-4bf0-acd1-d276a5ea82fb
dd1aa213-54e7-4173-8456-b278964a26b6","2022/06/23 21:00:06","KB5015021-WindowsSV21H2-RTM-SafeOSDU-X64-TSL-World","201","abd63e1f-ea82-476c-9f09-8d6e09666b34","5015021","","Critical Updates","e6cf1350-c01b-414d-a61f-263d14d133b4","Windows","Software",""
"2022-06 Dynamic Update for Windows 11 for x64-based Systems (KB5014675)","Windows 11 Dynamic Update","ab1852d6-15fd-4bf0-acd1-d276a5ea82fb","2022/06/23 21:00:06","KB5014675-WindowsSV21H2-RTM-SetupDU-X64-TSL-World","201","c5bf7a63-4fe8-474d-a8ac-e5bfa11c0d1b","5014675","","Critical Updates","e6cf1350-c01b-414d-a61f-263d14d133b4","Windows","Software",""
"2022-08 Cumulative Update for Windows 11 for x64-based Systems (KB5016629)","Windows 11","72e7624a-5b00-45d2-b92f-e561c0a6a160","2022/08/09 17:00:06","KB5016629-WindowsSV21H2-RTM-UnifiedCumulativeSecurity-X64-TSL-World","200","39e3742a-49ed-4eea-addf-68d93b37f504","5016629","","Security Updates","0fa1201d-4330-4fa8-8ae9-b877473b6441","Windows","Software",""
"2022-08 Cumulative Update for .NET Framework 3.5 and 4.8 for Windows 11 for x64 (KB5015732)","Windows 11","72e7624a-5b00-45d2-b92f-e561c0a6a160","2022/08/09 17:00:00","KB5015732-DotNetCumulative-SV-Client-x64-Retail","200","81c95e93-b757-4f2d-b20c-90bdd6f1c008","5015732","","Updates","cd5ffd1e-e932-4e3a-bf74-18bf0b1bbd83","Windows","Software",""
"2022-09 Cumulative Update for Windows 11 for x64-based Systems (KB5017328)","Windows 11","72e7624a-5b00-45d2-b92f-e561c0a6a160","2022/09/13 17:00:06","KB5017328-WindowsSV21H2-RTM-UnifiedCumulativeSecurity-X64-TSL-World","200","8b351cdd-d377-4643-a740-60fcedb79f35","5017328","","Security Updates","0fa1201d-4330-4fa8-8ae9-b877473b6441","Windows","Software",""
"2022-09 Cumulative Update for .NET Framework 3.5, 4.8 and 4.8.1 for Windows 11 for x64 (KB5017497)","Windows 11","72e7624a-5b00-45d2-b92f-e561c0a6a160","2022/09/13 17:00:00","KB5017497-DotNetCumulative-SV-Client-x64-Retail","200","8928d138-b168-461a-a1bc-7703b6a2c8b1","5017497","","Security Updates","0fa1201d-4330-4fa8-8ae9-b877473b6441","Windows","Software",""
"2022-10 Cumulative Update for .NET Framework 3.5, 4.8 and 4.8.1 for Windows 11 for x64 (KB5018546)","Windows 11","72e7624a-5b00-45d2-b92f-e561c0a6a160","2022/10/11 17:00:00","KB5018546-DotNetCumulative-SV-Client-x64-Retail","200","ca455362-b5ea-4ff4-b3cd-dd3318f23de1","5018546","","Updates","cd5ffd1e-e932-4e3a-bf74-18bf0b1bbd83","Windows","Software",""
"2022-10 Cumulative Update for Windows 11 for x64-based Systems (KB5018418)","Windows 11","72e7624a-5b00-45d2-b92f-e561c0a6a160","2022/10/11 17:00:06","KB5018418-WindowsSV21H2-RTM-UnifiedCumulativeSecurity-X64-TSL-World","200","d9acfae0-8f3a-4d23-8802-7aacdb1bd406","5018418","","Security Updates","0fa1201d-4330-4fa8-8ae9-b877473b6441","Windows","Software",""
"2022-11 Cumulative Update for Windows 11 for x64-based Systems (KB5019961)","Windows 11","72e7624a-5b00-45d2-b92f-e561c0a6a160","2022/11/08 18:00:06","KB5019961-WindowsSV21H2-RTM-UnifiedCumulativeSecurity-X64-TSL-World","200","bebeb840-18cb-4b82-965b-3708687226af","5019961","","Security Updates","0fa1201d-4330-4fa8-8ae9-b877473b6441","Windows","Software",""
"2022-11 Dynamic Update for Windows 11 for x64-based Systems (KB5021040)","Windows 10 and later Dynamic Update
Windows Safe OS Dynamic Update","e4b04398-adbd-4b69-93b9-477322331cd3
dd1aa213-54e7-4173-8456-b278964a26b6","2022/11/08 18:00:06","KB5021040-WindowsSV21H2-RTM-SafeOSDU-X64-TSL-World","200","eda8e416-009d-4159-b49a-336965cdcc48","5021040","","Critical Updates","e6cf1350-c01b-414d-a61f-263d14d133b4","Windows","Software",""
"2022-11 Cumulative Update for .NET Framework 3.5, 4.8 and 4.8.1 for Windows 11 for x64 (KB5020695)","Windows 11","72e7624a-5b00-45d2-b92f-e561c0a6a160","2022/11/08 18:00:00","KB5020695-DotNetCumulative-SV-Client-x64-Retail","200","346b295c-1f3c-4a03-b6f8-156bd5458d36","5020695","","Security Updates","0fa1201d-4330-4fa8-8ae9-b877473b6441","Windows","Software",""
"2022-12 Cumulative Update for .NET Framework 3.5, 4.8 and 4.8.1 for Windows 11 for x64 (KB5021090)","Windows 11","72e7624a-5b00-45d2-b92f-e561c0a6a160","2022/12/13 18:00:00","KB5021090-DotNetCumulative-SV-Client-x64-Retail","201","e5f22baf-50ed-4092-a17c-7447336f9daf","5021090","","Security Updates","0fa1201d-4330-4fa8-8ae9-b877473b6441","Windows","Software",""
"2023-01 Cumulative Update for Windows 11 for x64-based Systems (KB5022287)","Windows 11","72e7624a-5b00-45d2-b92f-e561c0a6a160","2023/01/10 18:00:06","KB5022287-WindowsSV21H2-RTM-UnifiedCumulativeSecurity-X64-TSL-World","200","129a1a05-c704-4c50-8a62-e973d342bb4c","5022287","","Security Updates","0fa1201d-4330-4fa8-8ae9-b877473b6441","Windows","Software",""
"2022-12 Cumulative Update for Windows 11 for x64-based Systems (KB5021234)","Windows 11","72e7624a-5b00-45d2-b92f-e561c0a6a160","2022/12/13 18:00:06","KB5021234-WindowsSV21H2-RTM-UnifiedCumulativeSecurity-X64-TSL-World","200","5ba9a409-4284-4739-96b9-c7d49878c138","5021234","","Security Updates","0fa1201d-4330-4fa8-8ae9-b877473b6441","Windows","Software",""
"2023-02 Cumulative Update for Windows 11 for x64-based Systems (KB5022836)","Windows 11","72e7624a-5b00-45d2-b92f-e561c0a6a160","2023/02/14 18:00:06","KB5022836-WindowsSV21H2-RTM-UnifiedCumulativeSecurity-X64-TSL-World","200","80c5f2e7-fc7e-46ed-96ef-e9c19dd9d4cb","5022836","","Security Updates","0fa1201d-4330-4fa8-8ae9-b877473b6441","Windows","Software",""
"2023-02 Cumulative Update for .NET Framework 3.5, 4.8 and 4.8.1 for Windows 11 for x64 (KB5022730)","Windows 11","72e7624a-5b00-45d2-b92f-e561c0a6a160","2023/02/14 18:00:00","KB5022730-DotNetCumulative-SV-Client-x64-Retail","201","ccb597ca-12c6-4428-8baa-d41917a63ed9","5022730","","Security Updates","0fa1201d-4330-4fa8-8ae9-b877473b6441","Windows","Software",""
"2023-03 Cumulative Update for Windows 11 for x64-based Systems (KB5023698)","Windows 11","72e7624a-5b00-45d2-b92f-e561c0a6a160","2023/03/14 17:00:06","KB5023698-WindowsSV21H2-RTM-UnifiedCumulativeSecurity-X64-TSL-World","200","9319f39b-eda9-456d-9f7b-ca849715d1d1","5023698","","Security Updates","0fa1201d-4330-4fa8-8ae9-b877473b6441","Windows","Software",""
"2023-04 Cumulative Update for Windows 11 for x64-based Systems (KB5025224)","Windows 11","72e7624a-5b00-45d2-b92f-e561c0a6a160","2023/04/11 17:00:06","KB5025224-WindowsSV21H2-RTM-UnifiedCumulativeSecurity-X64-TSL-World","200","36af0906-558d-4705-bd7e-24cf412d9e51","5025224","","Security Updates","0fa1201d-4330-4fa8-8ae9-b877473b6441","Windows","Software",""
"2022-08 Security Update for Windows 11 for x64-based Systems (KB5012170)","Windows 11","72e7624a-5b00-45d2-b92f-e561c0a6a160","2022/08/09 17:00:13","KB5012170-WindowsSV21H2-RTM-StandaloneSecurity-X64-TSL-World","205","36cf5ff2-8923-4fd5-b0c7-1a8360c859c8","5012170","","Security Updates","0fa1201d-4330-4fa8-8ae9-b877473b6441","Windows","Software",""
"2023-05 Cumulative Update for Windows 11 for x64-based Systems (KB5026368)","Windows 11","72e7624a-5b00-45d2-b92f-e561c0a6a160","2023/05/09 17:00:06","KB5026368-WindowsSV21H2-RTM-UnifiedCumulativeSecurity-X64-TSL-World","200","c428937c-e7ab-4a19-a9c7-e774051651d9","5026368","","Security Updates","0fa1201d-4330-4fa8-8ae9-b877473b6441","Windows","Software",""
"2023-06 Cumulative Update for .NET Framework 3.5, 4.8 and 4.8.1 for Windows 11 for x64 (KB5027539)","Windows 11","72e7624a-5b00-45d2-b92f-e561c0a6a160","2023/06/13 17:00:00","KB5027539-DotNetCumulative-SV-Client-x64-Retail","200","128f64ae-1c8d-4093-ae11-9a2803b8d157","5027539","","Security Updates","0fa1201d-4330-4fa8-8ae9-b877473b6441","Windows","Software",""
"2023-06 Dynamic Update for Windows 11 for x64-based Systems (KB5027572)","Windows 10 and later Dynamic Update
Windows Safe OS Dynamic Update","e4b04398-adbd-4b69-93b9-477322331cd3
dd1aa213-54e7-4173-8456-b278964a26b6","2023/06/13 17:00:06","KB5027572-WindowsSV21H2-RTM-SafeOSDU-X64-TSL-World","200","e7d26ac0-1f7f-47bb-9a46-7e69794a17e1","5027572","","Critical Updates","e6cf1350-c01b-414d-a61f-263d14d133b4","Windows","Software",""
"2023-06 Cumulative Update for Windows 11 for x64-based Systems (KB5027223)","Windows 11","72e7624a-5b00-45d2-b92f-e561c0a6a160","2023/06/13 17:00:06","KB5027223-WindowsSV21H2-RTM-UnifiedCumulativeSecurity-X64-TSL-World","200","90b9a8df-ad92-4393-9285-07c81a3cd560","5027223","","Security Updates","0fa1201d-4330-4fa8-8ae9-b877473b6441","Windows","Software",""
"2023-07 Cumulative Update for .NET Framework 3.5, 4.8 and 4.8.1 for Windows 11 for x64 (KB5028938)","Windows 11","72e7624a-5b00-45d2-b92f-e561c0a6a160","2023/07/11 17:00:00","KB5028938-DotNetCumulative-SV-Client-x64-Retail","200","44febcff-70e6-4998-b36c-64957d929c4b","5028938","","Updates","cd5ffd1e-e932-4e3a-bf74-18bf0b1bbd83","Windows","Software",""
"2023-07 Cumulative Update for Windows 11 for x64-based Systems (KB5028182)","Windows 11","72e7624a-5b00-45d2-b92f-e561c0a6a160","2023/07/11 17:00:06","KB5028182-WindowsSV21H2-RTM-UnifiedCumulativeSecurity-X64-TSL-World","200","9ed1733d-9e0c-42ed-850d-a9cbd41bf2b6","5028182","","Security Updates","0fa1201d-4330-4fa8-8ae9-b877473b6441","Windows","Software",""
"2023-08 Cumulative Update for .NET Framework 3.5, 4.8 and 4.8.1 for Windows 11 for x64 (KB5029650)","Windows 11","72e7624a-5b00-45d2-b92f-e561c0a6a160","2023/08/08 17:00:00","KB5029650-DotNetCumulative-SV-Client-x64-Retail","200","1c25a6e3-0e2f-479a-9769-163c951e22d5","5029650","","Security Updates","0fa1201d-4330-4fa8-8ae9-b877473b6441","Windows","Software",""
"2023-08 Cumulative Update for Windows 11 for x64-based Systems (KB5029253)","Windows 11","72e7624a-5b00-45d2-b92f-e561c0a6a160","2023/08/08 17:00:06","KB5029253-WindowsSV21H2-RTM-UnifiedCumulativeSecurity-X64-TSL-World","200","1726513b-e702-457d-8f43-8e14d74e0052","5029253","","Security Updates","0fa1201d-4330-4fa8-8ae9-b877473b6441","Windows","Software",""
"2023-09 Cumulative Update for Windows 11 for x64-based Systems (KB5030217)","Windows 11","72e7624a-5b00-45d2-b92f-e561c0a6a160","2023/09/12 17:00:06","KB5030217-WindowsSV21H2-RTM-UnifiedCumulativeSecurity-X64-TSL-World","200","208638e5-68b9-47ea-8f60-b7732e6269ba","5030217","","Security Updates","0fa1201d-4330-4fa8-8ae9-b877473b6441","Windows","Software",""
"2023-09 Cumulative Update for .NET Framework 3.5, 4.8 and 4.8.1 for Windows 11 for x64 (KB5030181)","Windows 11","72e7624a-5b00-45d2-b92f-e561c0a6a160","2023/09/12 17:00:00","KB5030181-DotNetCumulative-SV-Client-x64-Retail","200","8ac4acd0-abfc-44c7-8878-2e0e27060916","5030181","","Security Updates","0fa1201d-4330-4fa8-8ae9-b877473b6441","Windows","Software",""
"2023-10 Dynamic Update for Windows 11 for x64-based Systems (KB5031475)","Windows 10 and later Dynamic Update
Windows Safe OS Dynamic Update","e4b04398-adbd-4b69-93b9-477322331cd3
dd1aa213-54e7-4173-8456-b278964a26b6","2023/10/10 17:00:06","KB5031475-WindowsSV21H2-RTM-SafeOSDU-X64-TSL-World","200","7b7af30c-d299-4b16-84cc-348cc4e193e7","5031475","","Critical Updates","e6cf1350-c01b-414d-a61f-263d14d133b4","Windows","Software",""
"2023-10 Cumulative Update for Windows 11 for x64-based Systems (KB5031358)","Windows 11","72e7624a-5b00-45d2-b92f-e561c0a6a160","2023/10/10 17:00:06","KB5031358-WindowsSV21H2-RTM-UnifiedCumulativeSecurity-X64-TSL-World","200","2f0b3e83-a7dd-4171-88a9-06fd9f4d1ecb","5031358","","Security Updates","0fa1201d-4330-4fa8-8ae9-b877473b6441","Windows","Software",""
"2023-10 Cumulative Update for .NET Framework 3.5, 4.8 and 4.8.1 for Windows 11 for x64 (KB5031225)","Windows 11","72e7624a-5b00-45d2-b92f-e561c0a6a160","2023/10/10 17:00:00","KB5031225-DotNetCumulative-SV-Client-x64-Retail","200","d90a64aa-4169-4738-9ed5-c84be2332f60","5031225","","Updates","cd5ffd1e-e932-4e3a-bf74-18bf0b1bbd83","Windows","Software",""
"2023-11 Cumulative Update for .NET Framework 3.5, 4.8 and 4.8.1 for Windows 11 for x64 (KB5032340)","Windows 11","72e7624a-5b00-45d2-b92f-e561c0a6a160","2023/11/14 18:00:00","KB5032340-DotNetCumulative-SV-Client-x64-Retail","201","4f4dbea5-73ba-45b5-a286-8930b1a779a5","5032340","","Security Updates","0fa1201d-4330-4fa8-8ae9-b877473b6441","Windows","Software",""
"2023-11 Cumulative Update for Windows 11 for x64-based Systems (KB5032192)","Windows 11","72e7624a-5b00-45d2-b92f-e561c0a6a160","2023/11/14 18:00:06","KB5032192-WindowsSV21H2-RTM-UnifiedCumulativeSecurity-X64-TSL-World","200","6a2c0b31-6f65-4520-aad0-f6202b7d7abd","5032192","","Security Updates","0fa1201d-4330-4fa8-8ae9-b877473b6441","Windows","Software",""
"2023-11 Dynamic Update for Windows 11 for x64-based Systems (KB5033288)","Windows 10 and later Dynamic Update
Windows Safe OS Dynamic Update","e4b04398-adbd-4b69-93b9-477322331cd3
dd1aa213-54e7-4173-8456-b278964a26b6","2023/11/14 18:00:06","KB5033288-WindowsSV21H2-RTM-SafeOSDU-X64-TSL-World","202","7cbaa820-2eea-4f6a-8d11-f03827a414a7","5033288","","Critical Updates","e6cf1350-c01b-414d-a61f-263d14d133b4","Windows","Software",""
"2023-12 Cumulative Update for Windows 11 for x64-based Systems (KB5033369)","Windows 11","72e7624a-5b00-45d2-b92f-e561c0a6a160","2023/12/12 18:00:06","KB5033369-WindowsSV21H2-RTM-UnifiedCumulativeSecurity-X64-TSL-World","200","10f01d3a-0993-4ddb-9f58-bfd6eb5c8eab","5033369","","Security Updates","0fa1201d-4330-4fa8-8ae9-b877473b6441","Windows","Software",""
"2024-01 Cumulative Update for .NET Framework 3.5, 4.8 and 4.8.1 for Windows 11 for x64 (KB5034276)","Windows 11","72e7624a-5b00-45d2-b92f-e561c0a6a160","2024/01/09 18:00:00","KB5034276-DotNetCumulative-SV-Client-x64-Retail","200","68f05577-ceb3-447c-8d38-a057402e56d1","5034276","","Security Updates","0fa1201d-4330-4fa8-8ae9-b877473b6441","Windows","Software",""
"2024-01 Cumulative Update for Windows 11 for x64-based Systems (KB5034121)","Windows 11","72e7624a-5b00-45d2-b92f-e561c0a6a160","2024/01/09 18:00:06","KB5034121-WindowsSV21H2-RTM-UnifiedCumulativeSecurity-X64-TSL-World","200","626fec7e-b8e9-43d8-9f52-bc51cfef9a82","5034121","","Security Updates","0fa1201d-4330-4fa8-8ae9-b877473b6441","Windows","Software",""
"2024-01 Dynamic Update for Windows 11 for x64-based Systems (KB5034236)","Windows 10 and later Dynamic Update
Windows Safe OS Dynamic Update","e4b04398-adbd-4b69-93b9-477322331cd3
dd1aa213-54e7-4173-8456-b278964a26b6","2024/01/09 18:00:06","KB5034236-WindowsSV21H2-RTM-SafeOSDU-X64-TSL-World","200","dbc6a847-93b4-464d-ba10-d2642124e87f","5034236","","Critical Updates","e6cf1350-c01b-414d-a61f-263d14d133b4","Windows","Software",""
"2024-02 Cumulative Update for Windows 11 for x64-based Systems (KB5034766)","Windows 11","72e7624a-5b00-45d2-b92f-e561c0a6a160","2024/02/13 18:00:06","KB5034766-WindowsSV21H2-RTM-UnifiedCumulativeSecurity-X64-TSL-World","200","c992070c-582c-4ec3-a73b-a70ab3b83bdc","5034766","","Security Updates","0fa1201d-4330-4fa8-8ae9-b877473b6441","Windows","Software",""
"2024-02 Cumulative Update for .NET Framework 3.5, 4.8 and 4.8.1 for Windows 11 for x64 (KB5034686)","Windows 11","72e7624a-5b00-45d2-b92f-e561c0a6a160","2024/02/13 18:00:00","KB5034686-DotNetCumulative-SV-Client-x64-Retail","200","240b3e79-3cae-4cf7-8ad7-5af864d938f5","5034686","","Updates","cd5ffd1e-e932-4e3a-bf74-18bf0b1bbd83","Windows","Software",""
"2024-03 Cumulative Update for Windows 11 for x64-based Systems (KB5035854)","Windows 11","72e7624a-5b00-45d2-b92f-e561c0a6a160","2024/03/12 17:00:06","KB5035854-WindowsSV21H2-RTM-UnifiedCumulativeSecurity-X64-TSL-World","200","6afeb5ce-bbd1-453b-8b95-c821ef35f368","5035854","","Security Updates","0fa1201d-4330-4fa8-8ae9-b877473b6441","Windows","Software",""
"2024-04 Cumulative Update for .NET Framework 3.5, 4.8 and 4.8.1 for Windows 11 for x64 (KB5037037)","Windows 11","72e7624a-5b00-45d2-b92f-e561c0a6a160","2024/04/09 17:00:00","KB5037037-DotNetCumulative-SV-Client-x64-Retail","200","e5055c36-70d8-484e-a095-9638cf60028f","5037037","","Security Updates","0fa1201d-4330-4fa8-8ae9-b877473b6441","Windows","Software",""
"2024-04 Cumulative Update for Windows 11 for x64-based Systems (KB5036894)","Windows 11","72e7624a-5b00-45d2-b92f-e561c0a6a160","2024/04/09 17:00:06","KB5036894-WindowsSV21H2-RTM-UnifiedCumulativeSecurity-X64-TSL-World","200","89dd72da-7433-4030-ac6e-9d4ce298e916","5036894","","Security Updates","0fa1201d-4330-4fa8-8ae9-b877473b6441","Windows","Software",""
"2022-07 Dynamic Update for Windows 11 for x64-based Systems (KB5015901)","Windows 10 and later Dynamic Update","e4b04398-adbd-4b69-93b9-477322331cd3","2022/07/21 21:00:06","KB5015901-WindowsSV21H2-RTM-SetupDU-X64-TSL-World","201","2dfbbae5-0633-44eb-967e-c1392cc222b6","5015901","","Critical Updates","e6cf1350-c01b-414d-a61f-263d14d133b4","Windows","Software",""
"2022-09 Dynamic Update for Windows 11 for x64-based Systems (KB5017403)","Windows 10 and later Dynamic Update","e4b04398-adbd-4b69-93b9-477322331cd3","2022/09/20 17:00:06","KB5017403-WindowsSV21H2-RTM-SetupDU-X64-TSL-World","200","0a90567b-bf88-4907-a541-b05be497e2be","5017403","","Critical Updates","e6cf1350-c01b-414d-a61f-263d14d133b4","Windows","Software",""
"2022-08 Dynamic Cumulative Update for Windows 11 for x64-based Systems (KB5016629)","Windows 10 and later GDR-DU","abc45868-0c9c-4bc0-a36d-03d54113baf4","2022/08/09 17:00:06","KB5016629-WindowsSV21H2-GDR-DU-RTM-UnifiedCumulativeSecurity-X64-TSL-World","200","b7781dc4-8f86-4256-9e86-1ae1d4444e77","5016629","","Security Updates","0fa1201d-4330-4fa8-8ae9-b877473b6441","Windows","Software",""
"2022-09 Dynamic Cumulative Update for Windows 11 for x64-based Systems (KB5017328)","Windows 10 and later GDR-DU","abc45868-0c9c-4bc0-a36d-03d54113baf4","2022/09/13 17:00:06","KB5017328-WindowsSV21H2-GDR-DU-RTM-UnifiedCumulativeSecurity-X64-TSL-World","200","62d2401f-a4a9-4e61-a2f2-dcc3e5df5a25","5017328","","Security Updates","0fa1201d-4330-4fa8-8ae9-b877473b6441","Windows","Software",""
"2022-08 Dynamic Update for Windows 11 for x64-based Systems (KB5016773)","Windows 10 and later Dynamic Update","e4b04398-adbd-4b69-93b9-477322331cd3","2022/08/25 21:00:06","KB5016773-WindowsSV21H2-RTM-SetupDU-X64-TSL-World","202","2a1e0ccc-303d-4943-8905-dd85a0dabb20","5016773","","Critical Updates","e6cf1350-c01b-414d-a61f-263d14d133b4","Windows","Software",""
"2022-07 Dynamic Cumulative Update for Windows 11 for x64-based Systems (KB5015814)","Windows 10 and later GDR-DU","abc45868-0c9c-4bc0-a36d-03d54113baf4","2022/07/12 17:00:06","KB5015814-WindowsSV21H2-GDR-DU-RTM-UnifiedCumulativeSecurity-X64-TSL-World","200","a3d609de-7b46-4e94-a2cb-269b8a501964","5015814","","Security Updates","0fa1201d-4330-4fa8-8ae9-b877473b6441","Windows","Software",""
"2022-11 Dynamic Cumulative Update for Windows 11 for x64-based Systems (KB5019961)","Windows 10 and later GDR-DU","abc45868-0c9c-4bc0-a36d-03d54113baf4","2022/11/08 18:00:06","KB5019961-WindowsSV21H2-GDR-DU-RTM-UnifiedCumulativeSecurity-X64-TSL-World","200","d8816347-f959-4cea-9311-3804ca3d16d0","5019961","","Security Updates","0fa1201d-4330-4fa8-8ae9-b877473b6441","Windows","Software",""
"2022-10 Dynamic Update for Windows 11 for x64-based Systems (KB5018508)","Windows 10 and later Dynamic Update","e4b04398-adbd-4b69-93b9-477322331cd3","2022/10/25 21:00:06","KB5018508-WindowsSV21H2-RTM-SetupDU-X64-TSL-World","200","cabd2e13-4cb8-4206-85f4-24e83c0948f0","5018508","","Critical Updates","e6cf1350-c01b-414d-a61f-263d14d133b4","Windows","Software",""
"2022-10 Dynamic Cumulative Update for Windows 11 for x64-based Systems (KB5018418)","Windows 10 and later GDR-DU","abc45868-0c9c-4bc0-a36d-03d54113baf4","2022/10/11 17:00:06","KB5018418-WindowsSV21H2-GDR-DU-RTM-UnifiedCumulativeSecurity-X64-TSL-World","200","121123f3-028c-4f15-8992-941271d72782","5018418","","Security Updates","0fa1201d-4330-4fa8-8ae9-b877473b6441","Windows","Software",""
"2022-10 Dynamic Update for Windows 11 for x64-based Systems (KB5019419)","Windows 10 and later Dynamic Update","e4b04398-adbd-4b69-93b9-477322331cd3","2022/10/11 17:00:06","KB5019419-WindowsSV21H2-RTM-SetupDU-X64-TSL-World","200","0a2149f5-6fc7-4530-8fb9-f2cc1641a970","5019419","","Critical Updates","e6cf1350-c01b-414d-a61f-263d14d133b4","Windows","Software",""
"2023-03 Dynamic Cumulative Update for Windows 11 for x64-based Systems (KB5023698)","Windows 10 and later GDR-DU","abc45868-0c9c-4bc0-a36d-03d54113baf4","2023/03/14 17:00:06","KB5023698-WindowsSV21H2-GDR-DU-RTM-UnifiedCumulativeSecurity-X64-TSL-World","200","e851718f-4116-4d84-8697-b5720b8f055e","5023698","","Security Updates","0fa1201d-4330-4fa8-8ae9-b877473b6441","Windows","Software",""
"2023-01 Dynamic Cumulative Update for Windows 11 for x64-based Systems (KB5022287)","Windows 10 and later GDR-DU","abc45868-0c9c-4bc0-a36d-03d54113baf4","2023/01/10 18:00:06","KB5022287-WindowsSV21H2-GDR-DU-RTM-UnifiedCumulativeSecurity-X64-TSL-World","200","35ffd2d5-43ec-4612-bcfc-72deef7eb814","5022287","","Security Updates","0fa1201d-4330-4fa8-8ae9-b877473b6441","Windows","Software",""
"2023-01 Dynamic Update for Windows 11 for x64-based Systems (KB5022370)","Windows 10 and later Dynamic Update","e4b04398-adbd-4b69-93b9-477322331cd3","2023/01/19 22:00:06","KB5022370-WindowsSV21H2-RTM-SetupDU-X64-TSL-World","201","68401f3d-162c-4fad-9f3d-8dd0442651f3","5022370","","Critical Updates","e6cf1350-c01b-414d-a61f-263d14d133b4","Windows","Software",""
"2022-12 Dynamic Cumulative Update for Windows 11 for x64-based Systems (KB5021234)","Windows 10 and later GDR-DU","abc45868-0c9c-4bc0-a36d-03d54113baf4","2022/12/13 18:00:06","KB5021234-WindowsSV21H2-GDR-DU-RTM-UnifiedCumulativeSecurity-X64-TSL-World","200","6490054e-f6f9-4d22-8e71-1d854e1b59ba","5021234","","Security Updates","0fa1201d-4330-4fa8-8ae9-b877473b6441","Windows","Software",""
"2022-11 Dynamic Update for Windows 11 for x64-based Systems (KB5020379)","Windows 10 and later Dynamic Update","e4b04398-adbd-4b69-93b9-477322331cd3","2022/11/15 18:00:06","KB5020379-WindowsSV21H2-RTM-SetupDU-X64-TSL-World","200","1fadd48a-ae31-4292-a3bf-553a7f883d25","5020379","","Critical Updates","e6cf1350-c01b-414d-a61f-263d14d133b4","Windows","Software",""
"2023-02 Dynamic Cumulative Update for Windows 11 for x64-based Systems (KB5022836)","Windows 10 and later GDR-DU","abc45868-0c9c-4bc0-a36d-03d54113baf4","2023/02/14 18:00:06","KB5022836-WindowsSV21H2-GDR-DU-RTM-UnifiedCumulativeSecurity-X64-TSL-World","200","107a3f64-a030-4157-95ef-10b14dd3372b","5022836","","Security Updates","0fa1201d-4330-4fa8-8ae9-b877473b6441","Windows","Software",""
"2023-06 Dynamic Update for Windows 11 for x64-based Systems (KB5027317)","Windows 10 and later Dynamic Update","e4b04398-adbd-4b69-93b9-477322331cd3","2023/06/28 21:00:06","KB5027317-WindowsSV21H2-RTM-SetupDU-X64-TSL-World","200","cb59fe6c-c7dd-4f64-8923-a3e465eb0611","5027317","","Critical Updates","e6cf1350-c01b-414d-a61f-263d14d133b4","Windows","Software",""
"2023-03 Dynamic Update for Windows 11 for x64-based Systems (KB5023848)","Windows 10 and later Dynamic Update","e4b04398-adbd-4b69-93b9-477322331cd3","2023/03/28 17:00:06","KB5023848-WindowsSV21H2-RTM-SetupDU-X64-TSL-World","202","d97e6855-057c-4ddc-b8b8-214f89c8df2e","5023848","","Critical Updates","e6cf1350-c01b-414d-a61f-263d14d133b4","Windows","Software",""
"2023-04 Dynamic Cumulative Update for Windows 11 for x64-based Systems (KB5025224)","Windows 10 and later GDR-DU","abc45868-0c9c-4bc0-a36d-03d54113baf4","2023/04/11 17:00:06","KB5025224-WindowsSV21H2-GDR-DU-RTM-UnifiedCumulativeSecurity-X64-TSL-World","200","42ebebb3-451c-4d7e-a563-b14a962ad534","5025224","","Security Updates","0fa1201d-4330-4fa8-8ae9-b877473b6441","Windows","Software",""
"2023-06 Dynamic Cumulative Update for Windows 11 for x64-based Systems (KB5027223)","Windows 10 and later GDR-DU","abc45868-0c9c-4bc0-a36d-03d54113baf4","2023/06/13 17:00:06","KB5027223-WindowsSV21H2-GDR-DU-RTM-UnifiedCumulativeSecurity-X64-TSL-World","200","f2a8f8eb-3891-4eeb-ad04-92b4803e5c1d","5027223","","Security Updates","0fa1201d-4330-4fa8-8ae9-b877473b6441","Windows","Software",""
"2023-05 Dynamic Cumulative Update for Windows 11 for x64-based Systems (KB5026368)","Windows 10 and later GDR-DU","abc45868-0c9c-4bc0-a36d-03d54113baf4","2023/05/09 17:00:06","KB5026368-WindowsSV21H2-GDR-DU-RTM-UnifiedCumulativeSecurity-X64-TSL-World","200","8e4f95fc-0485-479c-a011-810ff3bccc28","5026368","","Security Updates","0fa1201d-4330-4fa8-8ae9-b877473b6441","Windows","Software",""
"2023-10 Dynamic Cumulative Update for Windows 11 for x64-based Systems (KB5031358)","Windows 10 and later GDR-DU","abc45868-0c9c-4bc0-a36d-03d54113baf4","2023/10/10 17:00:06","KB5031358-WindowsSV21H2-GDR-DU-RTM-UnifiedCumulativeSecurity-X64-TSL-World","200","8434a290-b2b9-4a13-b99b-e34c0b358571","5031358","","Security Updates","0fa1201d-4330-4fa8-8ae9-b877473b6441","Windows","Software",""
"2023-07 Dynamic Update for Windows 11 for x64-based Systems (KB5028312)","Windows 10 and later Dynamic Update","e4b04398-adbd-4b69-93b9-477322331cd3","2023/07/11 17:00:06","KB5028312-WindowsSV21H2-RTM-SetupDU-X64-TSL-World","200","40707167-05d8-4510-9a17-847e7e704cfa","5028312","","Critical Updates","e6cf1350-c01b-414d-a61f-263d14d133b4","Windows","Software",""
"2023-09 Dynamic Update for Windows 11 for x64-based Systems (KB5030326)","Windows 10 and later Dynamic Update","e4b04398-adbd-4b69-93b9-477322331cd3","2023/09/12 17:00:06","KB5030326-WindowsSV21H2-RTM-SetupDU-X64-TSL-World","200","dfa7035a-9fa6-40de-a185-b5198adbe87f","5030326","","Critical Updates","e6cf1350-c01b-414d-a61f-263d14d133b4","Windows","Software",""
"2023-07 Dynamic Cumulative Update for Windows 11 for x64-based Systems (KB5028182)","Windows 10 and later GDR-DU","abc45868-0c9c-4bc0-a36d-03d54113baf4","2023/07/11 17:00:06","KB5028182-WindowsSV21H2-GDR-DU-RTM-UnifiedCumulativeSecurity-X64-TSL-World","200","2b58e523-73b2-404b-bf9b-54ef09ff805c","5028182","","Security Updates","0fa1201d-4330-4fa8-8ae9-b877473b6441","Windows","Software",""
"2023-09 Dynamic Cumulative Update for Windows 11 for x64-based Systems (KB5030217)","Windows 10 and later GDR-DU","abc45868-0c9c-4bc0-a36d-03d54113baf4","2023/09/12 17:00:06","KB5030217-WindowsSV21H2-GDR-DU-RTM-UnifiedCumulativeSecurity-X64-TSL-World","200","55ee642e-17bf-4dff-9561-3b62ac25db0d","5030217","","Security Updates","0fa1201d-4330-4fa8-8ae9-b877473b6441","Windows","Software",""
"2023-08 Dynamic Cumulative Update for Windows 11 for x64-based Systems (KB5029253)","Windows 10 and later GDR-DU","abc45868-0c9c-4bc0-a36d-03d54113baf4","2023/08/08 17:00:06","KB5029253-WindowsSV21H2-GDR-DU-RTM-UnifiedCumulativeSecurity-X64-TSL-World","200","9df8bfd4-8c29-4230-a950-8992679f40f3","5029253","","Security Updates","0fa1201d-4330-4fa8-8ae9-b877473b6441","Windows","Software",""
"2024-03 Dynamic Cumulative Update for Windows 11 for x64-based Systems (KB5035854)","Windows 10 and later GDR-DU","abc45868-0c9c-4bc0-a36d-03d54113baf4","2024/03/12 17:00:06","KB5035854-WindowsSV21H2-GDR-DU-RTM-UnifiedCumulativeSecurity-X64-TSL-World","200","501b9b4e-0327-427e-a928-46385481311e","5035854","","Security Updates","0fa1201d-4330-4fa8-8ae9-b877473b6441","Windows","Software",""
"2023-11 Dynamic Update for Windows 11 for x64-based Systems (KB5032305)","Windows 10 and later Dynamic Update","e4b04398-adbd-4b69-93b9-477322331cd3","2023/11/14 18:00:06","KB5032305-WindowsSV21H2-RTM-SetupDU-X64-TSL-World","202","c76641e9-ebb1-4f8b-852e-cf4045819b5d","5032305","","Critical Updates","e6cf1350-c01b-414d-a61f-263d14d133b4","Windows","Software",""
"2024-01 Dynamic Cumulative Update for Windows 11 for x64-based Systems (KB5034121)","Windows 10 and later GDR-DU","abc45868-0c9c-4bc0-a36d-03d54113baf4","2024/01/09 18:00:06","KB5034121-WindowsSV21H2-GDR-DU-RTM-UnifiedCumulativeSecurity-X64-TSL-World","200","4be9882e-909c-48f8-8ef3-b5955b211fc7","5034121","","Security Updates","0fa1201d-4330-4fa8-8ae9-b877473b6441","Windows","Software",""
"2023-11 Dynamic Cumulative Update for Windows 11 for x64-based Systems (KB5032192)","Windows 10 and later GDR-DU","abc45868-0c9c-4bc0-a36d-03d54113baf4","2023/11/14 18:00:06","KB5032192-WindowsSV21H2-GDR-DU-RTM-UnifiedCumulativeSecurity-X64-TSL-World","200","87247448-3161-438f-95de-ace47abdf982","5032192","","Security Updates","0fa1201d-4330-4fa8-8ae9-b877473b6441","Windows","Software",""
"2023-12 Dynamic Cumulative Update for Windows 11 for x64-based Systems (KB5033369)","Windows 10 and later GDR-DU","abc45868-0c9c-4bc0-a36d-03d54113baf4","2023/12/12 18:00:06","KB5033369-WindowsSV21H2-GDR-DU-RTM-UnifiedCumulativeSecurity-X64-TSL-World","200","d1094cee-104f-43dd-afff-98d5ca5a196a","5033369","","Security Updates","0fa1201d-4330-4fa8-8ae9-b877473b6441","Windows","Software",""
"2024-02 Dynamic Cumulative Update for Windows 11 for x64-based Systems (KB5034766)","Windows 10 and later GDR-DU","abc45868-0c9c-4bc0-a36d-03d54113baf4","2024/02/13 18:00:06","KB5034766-WindowsSV21H2-GDR-DU-RTM-UnifiedCumulativeSecurity-X64-TSL-World","200","a7fabe6b-af5f-49a1-a91e-7eba4c41cbc8","5034766","","Security Updates","0fa1201d-4330-4fa8-8ae9-b877473b6441","Windows","Software",""
"2024-04 Dynamic Cumulative Update for Windows 11 for x64-based Systems (KB5036894)","Windows 10 and later GDR-DU","abc45868-0c9c-4bc0-a36d-03d54113baf4","2024/04/09 17:00:06","KB5036894-WindowsSV21H2-GDR-DU-RTM-UnifiedCumulativeSecurity-X64-TSL-World","200","c52965f7-baff-490b-8f18-911911e1951f","5036894","","Security Updates","0fa1201d-4330-4fa8-8ae9-b877473b6441","Windows","Software",""
