﻿"Title","ProductTitles","ProductIds","CreationDate","LegacyName","Id.RevisionNumber","Id.UpdateId","KnowledgebaseArticles","SecurityBulletins","UpdateClassificationTitle","UpdateClassificationId","ProductFamilyTitles","UpdateType","Action"
"Update for Windows 10 for x64-based Systems (KB3125217)","Windows 10 LTSB
Windows 10","d2085b71-5f1f-43a9-880d-ed159016d5c6
a3c2375d-0c8a-42f9-bce0-28333e198407","2016/04/12 17:00:00","KB3125217-Win10-RTM-X64-TSL","202","e832d18c-6f2c-466b-bb83-57d19bb5ef54","3125217","","Critical Updates","e6cf1350-c01b-414d-a61f-263d14d133b4","Windows","Software",""
"Update for Windows 10 for x64-based Systems (KB3141032)","Windows 10 LTSB
Windows 10","d2085b71-5f1f-43a9-880d-ed159016d5c6
a3c2375d-0c8a-42f9-bce0-28333e198407","2016/03/08 18:00:00","KB3141032-Win10-RTM-X64-TSL","200","eb8ba23e-0a0b-4797-a525-592d4296784a","3141032","","Critical Updates","e6cf1350-c01b-414d-a61f-263d14d133b4","Windows","Software",""
"Update for Windows 10 for x64-based Systems (KB3161102)","Windows 10 LTSB
Windows 10","d2085b71-5f1f-43a9-880d-ed159016d5c6
a3c2375d-0c8a-42f9-bce0-28333e198407","2016/09/13 17:00:00","KB3161102-Win10-RTM-X64-TSL","202","202bdb6d-925a-4898-975d-6295f3115db1","3161102","","Updates","cd5ffd1e-e932-4e3a-bf74-18bf0b1bbd83","Windows","Software",""
"Update for Windows 10 for x64-based Systems (KB3173427)","Windows 10 LTSB
Windows 10","d2085b71-5f1f-43a9-880d-ed159016d5c6
a3c2375d-0c8a-42f9-bce0-28333e198407","2016/07/12 17:00:00","KB3173427-Win10-RTM-X64-TSL","201","e37fe62f-f4e3-491d-81b7-f21c0f1a1d6c","3173427","","Critical Updates","e6cf1350-c01b-414d-a61f-263d14d133b4","Windows","Software",""
"2017-05 Cumulative Update for Windows 10 for x64-based Systems (KB4019474)","Windows 10 LTSB
Windows 10","d2085b71-5f1f-43a9-880d-ed159016d5c6
a3c2375d-0c8a-42f9-bce0-28333e198407","2017/05/09 17:00:03","KB4019474-Win10-TH1-RTM-X64-TSL-World","201","6964cf08-89cf-4a95-ace6-fdb7a423c09c","4019474","","Security Updates","0fa1201d-4330-4fa8-8ae9-b877473b6441","Windows","Software",""
"2018-04 Update for Windows 10 Version 1507 for x64-based Systems (KB4093430)","Windows 10 LTSB","d2085b71-5f1f-43a9-880d-ed159016d5c6","2018/04/10 17:00:05","KB4093430-Win10-TH1-RTM-ServicingStackUpdate-X64-TSL-World","201","9c829899-a0ee-421c-82a5-30b33e5f852f","4093430","","Critical Updates","e6cf1350-c01b-414d-a61f-263d14d133b4","Windows","Software",""
"2018-07 Cumulative Update for Windows 10 Version 1507 for x64-based Systems (KB4345455)","Windows 10 LTSB","d2085b71-5f1f-43a9-880d-ed159016d5c6","2018/07/17 0:00:05","KB4345455-Win10-TH1-RTM-X64-TSL-World","202","a2519eb9-e4ea-4caa-a110-465fce559cd2","4345455","","Updates","cd5ffd1e-e932-4e3a-bf74-18bf0b1bbd83","Windows","Software",""
"2018-09 Update for Windows 10 Version 1507 for x64-based Systems (KB4091666)","Windows 10 LTSB","d2085b71-5f1f-43a9-880d-ed159016d5c6","2018/09/13 21:00:05","KB4091666-Win10-TH1-RTM-X64-TSL-World","201","203146b4-d0fc-4da6-b31d-a66b9c8ef07e","4091666","","Updates","cd5ffd1e-e932-4e3a-bf74-18bf0b1bbd83","Windows","Software",""
"2018-10 Update for Windows 10 Version 1507 for x64-based Systems (KB4091666)","Windows 10 LTSB","d2085b71-5f1f-43a9-880d-ed159016d5c6","2019/02/12 18:00:00","KB4091666-Win10-TH1-RTM-X64-TSL-World","202","b1e09921-b821-4557-9ee2-7ef6f8e2cfdb","4091666","","Updates","cd5ffd1e-e932-4e3a-bf74-18bf0b1bbd83","Windows","Software",""
"2019-05 Servicing Stack Update for Windows 10 Version 1507 for x64-based Systems (KB4498353)","Windows 10 LTSB","d2085b71-5f1f-43a9-880d-ed159016d5c6","2019/05/14 17:00:06","KB4498353-Win10-TH1-RTM-ServicingStackUpdate-X64-TSL-World","200","29e33f39-5384-4307-b228-68c2c1359bb1","4498353","","Security Updates","0fa1201d-4330-4fa8-8ae9-b877473b6441","Windows","Software",""
"2019-07 Servicing Stack Update for Windows 10 Version 1507 for x64-based Systems (KB4509090)","Windows 10 LTSB","d2085b71-5f1f-43a9-880d-ed159016d5c6","2019/07/09 17:00:06","KB4509090-Win10-TH1-RTM-ServicingStackUpdate-X64-TSL-World","200","5c766eb1-f2fc-4f94-bc13-156a800fc62b","4509090","","Security Updates","0fa1201d-4330-4fa8-8ae9-b877473b6441","Windows","Software",""
"2019-02 Update for Windows 10 Version 1507 for x64-based Systems (KB4346088)","Windows 10 LTSB","d2085b71-5f1f-43a9-880d-ed159016d5c6","2019/05/16 17:00:00","KB4346088-Win10-TH1-RTM-X64-TSL-World","207","9022feff-fe80-4be1-af32-c63f6128ca12","4346088","","Updates","cd5ffd1e-e932-4e3a-bf74-18bf0b1bbd83","Windows","Software",""
"2019-09 Servicing Stack Update for Windows 10 Version 1507 for x64-based Systems (KB4512573)","Windows 10 LTSB","d2085b71-5f1f-43a9-880d-ed159016d5c6","2019/09/10 17:00:06","KB4512573-Win10-TH1-RTM-ServicingStackUpdate-X64-TSL-World","200","edcdf70f-91f1-41a6-81f8-36df67e738d9","4512573","","Security Updates","0fa1201d-4330-4fa8-8ae9-b877473b6441","Windows","Software",""
"2019-08 Cumulative Update for Windows 10 Version 1507 for x64-based Systems (KB4517276)","Windows 10 LTSB","d2085b71-5f1f-43a9-880d-ed159016d5c6","2019/08/17 21:00:06","KB4517276-Win10-TH1-RTM-X64-TSL-World","202","e55b066f-a9a5-47b7-9bca-26fba77d4956","4517276","","Updates","cd5ffd1e-e932-4e3a-bf74-18bf0b1bbd83","Windows","Software",""
"2019-10 Servicing Stack Update for Windows 10 Version 1507 for x64-based Systems (KB4521856)","Windows 10 LTSB","d2085b71-5f1f-43a9-880d-ed159016d5c6","2019/10/08 17:00:06","KB4521856-Win10-TH1-RTM-ServicingStackUpdate-X64-TSL-World","200","608e2c2b-37f7-4c2e-b1c6-be5dc0a01be3","4521856","","Security Updates","0fa1201d-4330-4fa8-8ae9-b877473b6441","Windows","Software",""
"2019-11 Servicing Stack Update for Windows 10 Version 1507 for x64-based Systems (KB4523200)","Windows 10 LTSB","d2085b71-5f1f-43a9-880d-ed159016d5c6","2019/11/12 18:00:06","KB4523200-Win10-TH1-RTM-ServicingStackUpdate-X64-TSL-World","200","9688fe6e-d33c-4d8c-ae3f-61fa801770d4","4523200","","Security Updates","0fa1201d-4330-4fa8-8ae9-b877473b6441","Windows","Software",""
"2020-03 Servicing Stack Update for Windows 10 Version 1507 for x64-based Systems (KB4540721)","Windows 10 LTSB","d2085b71-5f1f-43a9-880d-ed159016d5c6","2020/03/10 17:00:06","KB4540721-Win10-TH1-RTM-ServicingStackUpdate-X64-TSL-World","200","0c69ef93-8c21-4594-a5a7-b3886bc1a80b","4540721","","Security Updates","0fa1201d-4330-4fa8-8ae9-b877473b6441","Windows","Software",""
"2020-06 Servicing Stack Update for Windows 10 Version 1507 for x64-based Systems (KB4562249)","Windows 10 LTSB","d2085b71-5f1f-43a9-880d-ed159016d5c6","2020/06/09 17:00:06","KB4562249-Win10-TH1-RTM-ServicingStackUpdate-X64-TSL-World","200","3feb3332-2efd-40a6-a564-6d3aded8dad0","4562249","","Security Updates","0fa1201d-4330-4fa8-8ae9-b877473b6441","Windows","Software",""
"2020-07 Servicing Stack Update for Windows 10 Version 1507 for x64-based Systems (KB4565911)","Windows 10 LTSB","d2085b71-5f1f-43a9-880d-ed159016d5c6","2020/07/14 17:00:06","KB4565911-Win10-TH1-RTM-ServicingStackUpdate-X64-TSL-World","200","cfacee6a-399e-41df-88d2-fbb5501ae557","4565911","","Security Updates","0fa1201d-4330-4fa8-8ae9-b877473b6441","Windows","Software",""
"2021-02 Servicing Stack Update for Windows 10 Version 1507 for x64-based Systems (KB5001079)","Windows 10 LTSB","d2085b71-5f1f-43a9-880d-ed159016d5c6","2021/02/13 3:00:06","KB5001079-Win10-TH1-RTM-ServicingStackUpdate-X64-TSL-World","201","0a9c4b5d-44fe-417d-a354-518e18a2efe3","5001079","","Security Updates","0fa1201d-4330-4fa8-8ae9-b877473b6441","Windows","Software",""
"2021-04 Servicing Stack Update for Windows 10 Version 1507 for x64-based Systems (KB5001399)","Windows 10 LTSB","d2085b71-5f1f-43a9-880d-ed159016d5c6","2021/04/13 17:00:06","KB5001399-Win10-TH1-RTM-ServicingStackUpdate-X64-TSL-World","200","a336de3e-997d-4dbe-a092-b67201586965","5001399","","Security Updates","0fa1201d-4330-4fa8-8ae9-b877473b6441","Windows","Software",""
"Update for Removal of Adobe Flash Player for Windows 10 Version 1507 for x64-based systems (KB4577586)","Windows 10 LTSB","d2085b71-5f1f-43a9-880d-ed159016d5c6","2021/03/09 22:02:14","KB4577586-Win10-TH1-RTM-X64-TSL-World","204","9b0b4713-adf8-4c9a-86b2-efdd69ec8d8c","4577586","","Updates","cd5ffd1e-e932-4e3a-bf74-18bf0b1bbd83","Windows","Software",""
"2021-01 Update for Windows 10 Version 1507 for x64-based Systems (KB4589198)","Windows 10 LTSB","d2085b71-5f1f-43a9-880d-ed159016d5c6","2021/03/09 22:02:06","KB4589198-Win10-TH1-RTM-X64-TSL-World","202","3dc97fab-4fce-4127-a6d9-9a9d2ff76556","4589198","","Updates","cd5ffd1e-e932-4e3a-bf74-18bf0b1bbd83","Windows","Software",""
"2022-03 Servicing Stack Update for Windows 10 Version 1507 for x64-based Systems (KB5011569)","Windows 10 LTSB","d2085b71-5f1f-43a9-880d-ed159016d5c6","2022/03/08 18:00:06","KB5011569-Win10-TH1-RTM-ServicingStackUpdate-X64-TSL-World","200","a3c5fca2-0bc8-4ca6-811b-1e41ade7463c","5011569","","Security Updates","0fa1201d-4330-4fa8-8ae9-b877473b6441","Windows","Software",""
"2022-04 Servicing Stack Update for Windows 10 Version 1507 for x64-based Systems (KB5013269)","Windows 10 LTSB","d2085b71-5f1f-43a9-880d-ed159016d5c6","2022/04/12 17:00:06","KB5013269-Win10-TH1-RTM-ServicingStackUpdate-X64-TSL-World","200","730cc616-2786-49e9-ae61-e1709f0836c7","5013269","","Security Updates","0fa1201d-4330-4fa8-8ae9-b877473b6441","Windows","Software",""
"2022-05 Servicing Stack Update for Windows 10 Version 1507 for x64-based Systems (KB5014024)","Windows 10 LTSB","d2085b71-5f1f-43a9-880d-ed159016d5c6","2022/05/10 17:00:06","KB5014024-Win10-TH1-RTM-ServicingStackUpdate-X64-TSL-World","200","511fdec4-b5ab-4e1c-8ba8-4725c8770b47","5014024","","Security Updates","0fa1201d-4330-4fa8-8ae9-b877473b6441","Windows","Software",""
"2022-08 Security Update for Windows 10 Version 1507 for x64-based Systems (KB5012170)","Windows 10 LTSB","d2085b71-5f1f-43a9-880d-ed159016d5c6","2022/08/09 17:00:17","KB5012170-Win10-TH1-RTM-StandaloneSecurity-X64-TSL-World","200","e224a275-f1b6-4aec-9a22-7c5376e91029","5012170","","Security Updates","0fa1201d-4330-4fa8-8ae9-b877473b6441","Windows","Software",""
"2022-09 Cumulative Update for Windows 10 Version 1507 for x64-based Systems (KB5017327)","Windows 10 LTSB","d2085b71-5f1f-43a9-880d-ed159016d5c6","2022/09/13 17:00:06","KB5017327-Win10-TH1-RTM-X64-TSL-World","200","6e1c1e29-5c6e-44bd-9e10-ee0f35e0e431","5017327","","Security Updates","0fa1201d-4330-4fa8-8ae9-b877473b6441","Windows","Software",""
"2022-10 Cumulative Update for Windows 10 Version 1507 for x64-based Systems (KB5018425)","Windows 10 LTSB","d2085b71-5f1f-43a9-880d-ed159016d5c6","2022/10/11 17:00:06","KB5018425-Win10-TH1-RTM-X64-TSL-World","200","8ae2b18f-fdd5-4bbf-9dbf-f2c5181f8cf2","5018425","","Security Updates","0fa1201d-4330-4fa8-8ae9-b877473b6441","Windows","Software",""
"2022-11 Cumulative Update for Windows 10 Version 1507 for x64-based Systems (KB5019970)","Windows 10 LTSB","d2085b71-5f1f-43a9-880d-ed159016d5c6","2022/11/08 18:00:06","KB5019970-Win10-TH1-RTM-X64-TSL-World","200","5e99807d-3b5e-4eaa-8c27-b31229293f64","5019970","","Security Updates","0fa1201d-4330-4fa8-8ae9-b877473b6441","Windows","Software",""
"2023-01 Cumulative Update for Windows 10 Version 1507 for x64-based Systems (KB5022297)","Windows 10 LTSB","d2085b71-5f1f-43a9-880d-ed159016d5c6","2023/01/10 18:00:06","KB5022297-Win10-TH1-RTM-X64-TSL-World","200","bbbb1b77-7b49-473f-b165-d34f8d1cf883","5022297","","Security Updates","0fa1201d-4330-4fa8-8ae9-b877473b6441","Windows","Software",""
"2022-12 Cumulative Update for Windows 10 Version 1507 for x64-based Systems (KB5021243)","Windows 10 LTSB","d2085b71-5f1f-43a9-880d-ed159016d5c6","2022/12/13 18:00:06","KB5021243-Win10-TH1-RTM-X64-TSL-World","200","6342ad5d-98b3-49d9-8f95-b93249a3f4c9","5021243","","Security Updates","0fa1201d-4330-4fa8-8ae9-b877473b6441","Windows","Software",""
"2023-02 Cumulative Update for Windows 10 Version 1507 for x64-based Systems (KB5022858)","Windows 10 LTSB","d2085b71-5f1f-43a9-880d-ed159016d5c6","2023/02/14 18:00:06","KB5022858-Win10-TH1-RTM-X64-TSL-World","200","f0ca2704-af5f-4d60-961e-a7acc237d503","5022858","","Security Updates","0fa1201d-4330-4fa8-8ae9-b877473b6441","Windows","Software",""
"2023-03 Cumulative Update for Windows 10 Version 1507 for x64-based Systems (KB5023713)","Windows 10 LTSB","d2085b71-5f1f-43a9-880d-ed159016d5c6","2023/03/14 17:00:06","KB5023713-Win10-TH1-RTM-X64-TSL-World","200","90fe9c90-8f25-4165-a97e-2e2ebb81239f","5023713","","Security Updates","0fa1201d-4330-4fa8-8ae9-b877473b6441","Windows","Software",""
"2023-03 Servicing Stack Update for Windows 10 Version 1507 for x64-based Systems (KB5023787)","Windows 10 LTSB","d2085b71-5f1f-43a9-880d-ed159016d5c6","2023/03/14 17:00:06","KB5023787-Win10-TH1-RTM-ServicingStackUpdate-X64-TSL-World","200","c438f4da-ea70-427f-ba54-d9582135c402","5023787","","Security Updates","0fa1201d-4330-4fa8-8ae9-b877473b6441","Windows","Software",""
"2023-04 Cumulative Update for Windows 10 Version 1507 for x64-based Systems (KB5025234)","Windows 10 LTSB","d2085b71-5f1f-43a9-880d-ed159016d5c6","2023/04/11 17:00:06","KB5025234-Win10-TH1-RTM-X64-TSL-World","200","51b03015-3616-44f8-895e-f51367b3d75a","5025234","","Security Updates","0fa1201d-4330-4fa8-8ae9-b877473b6441","Windows","Software",""
"2023-05 Cumulative Update for Windows 10 Version 1507 for x64-based Systems (KB5026382)","Windows 10 LTSB","d2085b71-5f1f-43a9-880d-ed159016d5c6","2023/05/09 17:00:06","KB5026382-Win10-TH1-RTM-X64-TSL-World","200","1b46fb74-fe6b-4487-ac5c-a1a69580bd3b","5026382","","Security Updates","0fa1201d-4330-4fa8-8ae9-b877473b6441","Windows","Software",""
"2023-06 Cumulative Update for Windows 10 Version 1507 for x64-based Systems (KB5027230)","Windows 10 LTSB","d2085b71-5f1f-43a9-880d-ed159016d5c6","2023/06/13 17:00:06","KB5027230-Win10-TH1-RTM-X64-TSL-World","200","cf798feb-ebf9-403d-ad8d-8754cb6d62c5","5027230","","Security Updates","0fa1201d-4330-4fa8-8ae9-b877473b6441","Windows","Software",""
"2023-07 Cumulative Update for Windows 10 Version 1507 for x64-based Systems (KB5028186)","Windows 10 LTSB","d2085b71-5f1f-43a9-880d-ed159016d5c6","2023/07/11 17:00:06","KB5028186-Win10-TH1-RTM-X64-TSL-World","200","34160e08-c225-4358-a966-7dd53a67a7c8","5028186","","Security Updates","0fa1201d-4330-4fa8-8ae9-b877473b6441","Windows","Software",""
"2023-08 Cumulative Update for Windows 10 Version 1507 for x64-based Systems (KB5029259)","Windows 10 LTSB","d2085b71-5f1f-43a9-880d-ed159016d5c6","2023/08/08 17:00:06","KB5029259-Win10-TH1-RTM-X64-TSL-World","200","d1915eea-cbdc-47aa-b013-d52bb2115cc3","5029259","","Security Updates","0fa1201d-4330-4fa8-8ae9-b877473b6441","Windows","Software",""
"2023-09 Servicing Stack Update for Windows 10 Version 1507 for x64-based Systems (KB5030503)","Windows 10 LTSB","d2085b71-5f1f-43a9-880d-ed159016d5c6","2023/09/12 17:00:06","KB5030503-Win10-TH1-RTM-ServicingStackUpdate-X64-TSL-World","200","c4097320-dd39-4965-a326-0afeb78b98b4","5030503","","Security Updates","0fa1201d-4330-4fa8-8ae9-b877473b6441","Windows","Software",""
"2023-09 Cumulative Update for Windows 10 Version 1507 for x64-based Systems (KB5030220)","Windows 10 LTSB","d2085b71-5f1f-43a9-880d-ed159016d5c6","2023/09/12 17:00:06","KB5030220-Win10-TH1-RTM-X64-TSL-World","200","bff189a6-b562-4c86-acc5-8f50b2baf18e","5030220","","Security Updates","0fa1201d-4330-4fa8-8ae9-b877473b6441","Windows","Software",""
"2023-10 Cumulative Update for Windows 10 Version 1507 for x64-based Systems (KB5031377)","Windows 10 LTSB","d2085b71-5f1f-43a9-880d-ed159016d5c6","2023/10/10 17:00:06","KB5031377-Win10-TH1-RTM-X64-TSL-World","200","d44a8b4c-e0d1-441f-801e-d6eb4b0133dc","5031377","","Security Updates","0fa1201d-4330-4fa8-8ae9-b877473b6441","Windows","Software",""
"2023-10 Servicing Stack Update for Windows 10 Version 1507 for x64-based Systems (KB5031466)","Windows 10 LTSB","d2085b71-5f1f-43a9-880d-ed159016d5c6","2023/10/10 17:00:06","KB5031466-Win10-TH1-RTM-ServicingStackUpdate-X64-TSL-World","200","09431c46-8fdb-4c9b-8d82-3593d0972d03","5031466","","Security Updates","0fa1201d-4330-4fa8-8ae9-b877473b6441","Windows","Software",""
"2023-11 Servicing Stack Update for Windows 10 Version 1507 for x64-based Systems (KB5032390)","Windows 10 LTSB","d2085b71-5f1f-43a9-880d-ed159016d5c6","2023/11/14 18:00:06","KB5032390-Win10-TH1-RTM-ServicingStackUpdate-X64-TSL-World","200","20e5f6af-3e29-4c34-9ba1-aa5d957e8f5b","5032390","","Security Updates","0fa1201d-4330-4fa8-8ae9-b877473b6441","Windows","Software",""
"2023-11 Cumulative Update for Windows 10 Version 1507 for x64-based Systems (KB5032199)","Windows 10 LTSB","d2085b71-5f1f-43a9-880d-ed159016d5c6","2023/11/14 18:00:06","KB5032199-Win10-TH1-RTM-X64-TSL-World","200","7797b654-de84-42ca-be70-51d296209d44","5032199","","Security Updates","0fa1201d-4330-4fa8-8ae9-b877473b6441","Windows","Software",""
"2023-12 Cumulative Update for Windows 10 Version 1507 for x64-based Systems (KB5033379)","Windows 10 LTSB","d2085b71-5f1f-43a9-880d-ed159016d5c6","2023/12/12 18:00:06","KB5033379-Win10-TH1-RTM-X64-TSL-World","200","61a9c0ff-cdce-4340-ab1f-a03fd47d8a24","5033379","","Security Updates","0fa1201d-4330-4fa8-8ae9-b877473b6441","Windows","Software",""
"2024-01 Cumulative Update for Windows 10 Version 1507 for x64-based Systems (KB5034134)","Windows 10 LTSB","d2085b71-5f1f-43a9-880d-ed159016d5c6","2024/01/09 18:00:06","KB5034134-Win10-TH1-RTM-X64-TSL-World","200","0085b1e1-e088-48f3-83a4-505070fdf085","5034134","","Security Updates","0fa1201d-4330-4fa8-8ae9-b877473b6441","Windows","Software",""
"2024-02 Servicing Stack Update for Windows 10 Version 1507 for x64-based Systems (KB5034864)","Windows 10 LTSB","d2085b71-5f1f-43a9-880d-ed159016d5c6","2024/02/13 18:00:00","KB5034864-ServicingStackUpdate-TH1-Client-x64-Retail","202","32d63fdc-e0a0-4342-8715-7de18ca7349e","5034864","","Security Updates","0fa1201d-4330-4fa8-8ae9-b877473b6441","Windows","Software",""
"2024-02 Cumulative Update for Windows 10 Version 1507 for x64-based Systems (KB5034774)","Windows 10 LTSB","d2085b71-5f1f-43a9-880d-ed159016d5c6","2024/02/13 18:00:00","KB5034774-Cumulative-TH1-Client-x64-Retail","200","ab905a2e-5f5f-4274-8f89-87470cbd4c5b","5034774","","Security Updates","0fa1201d-4330-4fa8-8ae9-b877473b6441","Windows","Software",""
"2024-03 Cumulative Update for Windows 10 Version 1507 for x64-based Systems (KB5035858)","Windows 10 LTSB","d2085b71-5f1f-43a9-880d-ed159016d5c6","2024/03/12 17:00:00","KB5035858-Cumulative-TH1-Client-x64-Retail","200","4aa0417e-032b-4754-837e-a38577adec1d","5035858","","Security Updates","0fa1201d-4330-4fa8-8ae9-b877473b6441","Windows","Software",""
"2024-03 Servicing Stack Update for Windows 10 Version 1507 for x64-based Systems (KB5035966)","Windows 10 LTSB","d2085b71-5f1f-43a9-880d-ed159016d5c6","2024/03/12 17:00:00","KB5035966-ServicingStackUpdate-TH1-Client-x64-Retail","200","18b884c9-4dd6-4afb-88b2-46b7ba52b79c","5035966","","Security Updates","0fa1201d-4330-4fa8-8ae9-b877473b6441","Windows","Software",""
"2024-04 Servicing Stack Update for Windows 10 Version 1507 for x64-based Systems (KB5037019)","Windows 10 LTSB","d2085b71-5f1f-43a9-880d-ed159016d5c6","2024/04/09 17:00:00","KB5037019-ServicingStackUpdate-TH1-Client-x64-Retail","200","e081c1ba-5962-4b64-9309-8fe638be48a6","5037019","","Security Updates","0fa1201d-4330-4fa8-8ae9-b877473b6441","Windows","Software",""
"2024-04 Cumulative Update for Windows 10 Version 1507 for x64-based Systems (KB5036925)","Windows 10 LTSB","d2085b71-5f1f-43a9-880d-ed159016d5c6","2024/04/09 17:00:00","KB5036925-Cumulative-TH1-Client-x64-Retail","200","00991f12-1b3d-42d5-a07f-161cb6cf6fa3","5036925","","Security Updates","0fa1201d-4330-4fa8-8ae9-b877473b6441","Windows","Software",""
