﻿"Title","ProductTitles","ProductIds","CreationDate","LegacyName","Id.RevisionNumber","Id.UpdateId","KnowledgebaseArticles","SecurityBulletins","UpdateClassificationTitle","UpdateClassificationId","ProductFamilyTitles","UpdateType","Action"
"Feature update to Windows 10 (business editions), version 2004, en-gb x64","Windows 10, version 1903 and later","b3c75dc1-155f-4be4-b015-3f1a91758e52","2020/05/27 17:00:00","","202","a431bee4-72a9-4b5d-ac23-fd993ecd223a","3012973","","Upgrades","3689bdc8-b205-4af4-8d4a-a63924c5e9d5","Windows","Software",""
"Feature update to Windows 10 (business editions), version 2004, ja-jp x64","Windows 10, version 1903 and later","b3c75dc1-155f-4be4-b015-3f1a91758e52","2020/05/27 17:00:00","","202","e057da8e-5b9c-4878-89cb-4c54173353a8","3012973","","Upgrades","3689bdc8-b205-4af4-8d4a-a63924c5e9d5","Windows","Software",""
"Feature update to Windows 10 (business editions), version 2004, en-us x64","Windows 10, version 1903 and later","b3c75dc1-155f-4be4-b015-3f1a91758e52","2020/05/27 17:00:00","","202","1656cdd2-2e73-4fd8-9ab9-02097d5c7544","3012973","","Upgrades","3689bdc8-b205-4af4-8d4a-a63924c5e9d5","Windows","Software",""
"Feature update to Windows 10 (business editions), version 2004, en-gb x64","Windows 10, version 1903 and later","b3c75dc1-155f-4be4-b015-3f1a91758e52","2020/11/09 18:00:05","","201","b91284d3-12f8-469e-b120-4778f43f3424","3012973","","Upgrades","3689bdc8-b205-4af4-8d4a-a63924c5e9d5","Windows","Software",""
"Feature update to Windows 10 (business editions), version 2004, ja-jp x64","Windows 10, version 1903 and later","b3c75dc1-155f-4be4-b015-3f1a91758e52","2020/11/09 18:00:05","","201","4f30491e-d391-4a8b-a384-519a50820f14","3012973","","Upgrades","3689bdc8-b205-4af4-8d4a-a63924c5e9d5","Windows","Software",""
"Feature update to Windows 10 (business editions), version 2004, en-us x64","Windows 10, version 1903 and later","b3c75dc1-155f-4be4-b015-3f1a91758e52","2020/11/09 18:00:05","","201","667c687b-f473-4222-af02-3c9594c86fe4","3012973","","Upgrades","3689bdc8-b205-4af4-8d4a-a63924c5e9d5","Windows","Software",""
