﻿"Title","ProductTitles","ProductIds","CreationDate","LegacyName","Id.RevisionNumber","Id.UpdateId","KnowledgebaseArticles","SecurityBulletins","UpdateClassificationTitle","UpdateClassificationId","ProductFamilyTitles","UpdateType","Action"
"Feature update to Windows 10 (consumer editions), version 21H1, en-us x64","Windows 10, version 1903 and later","b3c75dc1-155f-4be4-b015-3f1a91758e52","2021/05/18 17:00:00","","200","d1042755-3d65-44df-a2ba-6f0e6769575f","3012973","","Upgrades","3689bdc8-b205-4af4-8d4a-a63924c5e9d5","Windows","Software",""
"Feature update to Windows 10 (consumer editions), version 21H1, ja-jp x64","Windows 10, version 1903 and later","b3c75dc1-155f-4be4-b015-3f1a91758e52","2021/05/18 17:00:00","","200","23b55c67-1748-4af0-9d7e-454a2a739105","3012973","","Upgrades","3689bdc8-b205-4af4-8d4a-a63924c5e9d5","Windows","Software",""
"Feature update to Windows 10 (consumer editions), version 21H1, en-gb x64","Windows 10, version 1903 and later","b3c75dc1-155f-4be4-b015-3f1a91758e52","2021/05/18 17:00:00","","200","93aa5f31-2d2f-4501-898c-c501d8f99151","3012973","","Upgrades","3689bdc8-b205-4af4-8d4a-a63924c5e9d5","Windows","Software",""
"Feature update to Windows 10 (consumer editions), version 21H1, en-us x64","Windows 10, version 1903 and later","b3c75dc1-155f-4be4-b015-3f1a91758e52","2021/11/16 18:00:00","","200","80daaf48-3839-445e-96d4-4f85713a6665","3012973","","Upgrades","3689bdc8-b205-4af4-8d4a-a63924c5e9d5","Windows","Software",""
"Feature update to Windows 10 (consumer editions), version 21H1, ja-jp x64","Windows 10, version 1903 and later","b3c75dc1-155f-4be4-b015-3f1a91758e52","2021/11/16 18:00:00","","200","41e1eeab-307c-4c85-8f6f-687df4dab13e","3012973","","Upgrades","3689bdc8-b205-4af4-8d4a-a63924c5e9d5","Windows","Software",""
"Feature update to Windows 10 (consumer editions), version 21H1, en-gb x64","Windows 10, version 1903 and later","b3c75dc1-155f-4be4-b015-3f1a91758e52","2021/11/16 18:00:00","","200","af0cc09e-16bd-4363-ae39-ce8f089582a6","3012973","","Upgrades","3689bdc8-b205-4af4-8d4a-a63924c5e9d5","Windows","Software",""
"Feature update to Windows 10 (consumer editions), version 21H1, en-gb x64","Windows 10, version 1903 and later","b3c75dc1-155f-4be4-b015-3f1a91758e52","2022/05/23 21:00:00","","201","5733ae2d-cf49-4f9e-830f-73ce4e3986d0","3012973","","Upgrades","3689bdc8-b205-4af4-8d4a-a63924c5e9d5","Windows","Software",""
"Feature update to Windows 10 (consumer editions), version 21H1, en-us x64","Windows 10, version 1903 and later","b3c75dc1-155f-4be4-b015-3f1a91758e52","2022/05/23 21:00:00","","201","1207aa63-0bf4-4de9-bebb-5d787c41c95b","3012973","","Upgrades","3689bdc8-b205-4af4-8d4a-a63924c5e9d5","Windows","Software",""
"Feature update to Windows 10 (consumer editions), version 21H1, ja-jp x64","Windows 10, version 1903 and later","b3c75dc1-155f-4be4-b015-3f1a91758e52","2022/05/23 21:00:00","","201","63589d96-268e-45a6-a1ce-006f140a0dfc","3012973","","Upgrades","3689bdc8-b205-4af4-8d4a-a63924c5e9d5","Windows","Software",""
