﻿"Title","ProductTitles","ProductIds","CreationDate","LegacyName","Id.RevisionNumber","Id.UpdateId","KnowledgebaseArticles","SecurityBulletins","UpdateClassificationTitle","UpdateClassificationId","ProductFamilyTitles","UpdateType","Action"
"2019-02 Cumulative Update for .NET Framework 3.5 and 4.7.2 for Windows 10 Version 1809 (KB4483452)","Windows 10 LTSB
Windows 10","d2085b71-5f1f-43a9-880d-ed159016d5c6
a3c2375d-0c8a-42f9-bce0-28333e198407","2019/02/15 20:00:00","KB4483452-DOTNET-X86-TSL","201","f95ceb32-37a1-442d-99d9-9f827046d4b8","4483452","","Security Updates","0fa1201d-4330-4fa8-8ae9-b877473b6441","Windows","Software",""
"2019-01 Cumulative Update for .NET Framework 3.5 and 4.7.2 for Windows 10 Version 1809 (KB4481031)","Windows 10 LTSB
Windows 10","d2085b71-5f1f-43a9-880d-ed159016d5c6
a3c2375d-0c8a-42f9-bce0-28333e198407","2019/02/15 20:00:00","KB4481031-DOTNET-X86-TSL","202","cd3d8c71-91af-4adf-a17b-a976a4bed646","4481031","","Updates","cd5ffd1e-e932-4e3a-bf74-18bf0b1bbd83","Windows","Software",""
"2019-03 Cumulative Update for .NET Framework 3.5 and 4.7.2 for Windows 10 Version 1809 (KB4489192)","Windows 10 LTSB
Windows 10","d2085b71-5f1f-43a9-880d-ed159016d5c6
a3c2375d-0c8a-42f9-bce0-28333e198407","2019/04/02 17:00:00","KB4489192-DOTNET-X86-TSL","204","ea582ae4-7d27-4ee8-8a0c-c015f8e4ea8e","4489192","","Updates","cd5ffd1e-e932-4e3a-bf74-18bf0b1bbd83","Windows","Software",""
"2019-05 Cumulative Update for .NET Framework 3.5, 4.7.2 and 4.8 for Windows 10 Version 1809 (KB4499405)","Windows 10 LTSB
Windows 10","d2085b71-5f1f-43a9-880d-ed159016d5c6
a3c2375d-0c8a-42f9-bce0-28333e198407","2019/05/14 17:00:00","KB4499405-DOTNET-X86-TSL","200","66966744-0bf5-4887-9f33-b985aa332c39","4499405","","Security Updates","0fa1201d-4330-4fa8-8ae9-b877473b6441","Windows","Software",""
"2019-02 Cumulative Update for .NET Framework 3.5 and 4.7.2 for Windows 10 Version 1809 (KB4486553)","Windows 10 LTSB
Windows 10","d2085b71-5f1f-43a9-880d-ed159016d5c6
a3c2375d-0c8a-42f9-bce0-28333e198407","2019/03/01 18:00:00","KB4486553-DOTNET-X86-TSL","202","13286b9c-5833-4bca-a0bf-9ef3f47c1720","4486553","","Updates","cd5ffd1e-e932-4e3a-bf74-18bf0b1bbd83","Windows","Software",""
"2018-11 Preview of Cumulative Update for .NET Framework 3.5 and 4.7.2 for Windows 10 Version 1809 (KB4469041)","Windows 10 LTSB
Windows 10","d2085b71-5f1f-43a9-880d-ed159016d5c6
a3c2375d-0c8a-42f9-bce0-28333e198407","2019/02/15 20:00:00","KB4469041-DOTNET-X86-TSL","206","90eb914f-8445-47a5-b824-9fc718596519","4469041","","Updates","cd5ffd1e-e932-4e3a-bf74-18bf0b1bbd83","Windows","Software",""
"2019-06 Cumulative Update for .NET Framework 3.5, 4.7.2 and 4.8 for Windows 10 Version 1809 (KB4503864)","Windows 10 LTSB
Windows 10","d2085b71-5f1f-43a9-880d-ed159016d5c6
a3c2375d-0c8a-42f9-bce0-28333e198407","2019/06/18 17:00:00","KB4503864-DOTNET-X86-TSL","200","b6fac1e0-1e3a-4d2a-b1e5-509862fb5396","4503864","","Updates","cd5ffd1e-e932-4e3a-bf74-18bf0b1bbd83","Windows","Software",""
"2019-01 Cumulative Update for .NET Framework 3.5 and 4.7.2 for Windows 10 Version 1809 (KB4480056)","Windows 10 LTSB
Windows 10","d2085b71-5f1f-43a9-880d-ed159016d5c6
a3c2375d-0c8a-42f9-bce0-28333e198407","2019/05/14 17:00:00","KB4480056-DOTNET-X86-TSL","202","d061a900-bf43-4ed6-9de4-3e14a74afecb","4480056","","Security Updates","0fa1201d-4330-4fa8-8ae9-b877473b6441","Windows","Software",""
"2018-12 Cumulative Update for .NET Framework 3.5 and 4.7.2 for Windows 10 Version 1809 (KB4470502)","Windows 10 LTSB
Windows 10","d2085b71-5f1f-43a9-880d-ed159016d5c6
a3c2375d-0c8a-42f9-bce0-28333e198407","2019/05/14 17:00:00","KB4470502-DOTNET-X86-TSL","202","d6832e59-d22f-45db-b806-2625ce300f6e","4470502","","Security Updates","0fa1201d-4330-4fa8-8ae9-b877473b6441","Windows","Software",""
"2019-07 Cumulative Update for .NET Framework 3.5, 4.7.2, 4.8 for Windows 10 Version 1809 (KB4507419)","Windows 10 LTSB
Windows 10","d2085b71-5f1f-43a9-880d-ed159016d5c6
a3c2375d-0c8a-42f9-bce0-28333e198407","2019/07/09 17:00:00","KB4507419-DOTNET-X86-TSL","200","d604f041-a062-4d92-b803-450a21f0a00c","4507419","","Security Updates","0fa1201d-4330-4fa8-8ae9-b877473b6441","Windows","Software",""
"2019-09 Cumulative Update for .NET Framework 3.5, 4.7.2 and 4.8 for Windows 10 Version 1809 (KB4516550)","Windows 10 LTSB
Windows 10","d2085b71-5f1f-43a9-880d-ed159016d5c6
a3c2375d-0c8a-42f9-bce0-28333e198407","2019/09/24 17:00:00","KB4516550-DOTNET-X86-TSL","201","a277bbad-d4a6-464a-ab84-b99d102d1879","4516550","","Updates","cd5ffd1e-e932-4e3a-bf74-18bf0b1bbd83","Windows","Software",""
"2019-08 Cumulative Update for .NET Framework 3.5, 4.7.2 and 4.8 for Windows 10 Version 1809 (KB4512192)","Windows 10 LTSB
Windows 10","d2085b71-5f1f-43a9-880d-ed159016d5c6
a3c2375d-0c8a-42f9-bce0-28333e198407","2019/08/20 17:00:00","KB4512192-DOTNET-X86-TSL","200","46323444-e0c2-4853-8ec3-297f668b94fb","4512192","","Updates","cd5ffd1e-e932-4e3a-bf74-18bf0b1bbd83","Windows","Software",""
"2019-09 Cumulative Update for .NET Framework 3.5, 4.7.2 and 4.8 for Windows 10 Version 1809 (KB4514601)","Windows 10 LTSB
Windows 10","d2085b71-5f1f-43a9-880d-ed159016d5c6
a3c2375d-0c8a-42f9-bce0-28333e198407","2019/09/10 17:00:00","KB4514601-DOTNET-X86-TSL","200","24479fe4-fba1-4902-a1da-6557812d7bd7","4514601","","Security Updates","0fa1201d-4330-4fa8-8ae9-b877473b6441","Windows","Software",""
"2019-10 Cumulative Update for .NET Framework 3.5, 4.7.2 and 4.8 for Windows 10 Version 1809 (KB4524099)","Windows 10 LTSB
Windows 10","d2085b71-5f1f-43a9-880d-ed159016d5c6
a3c2375d-0c8a-42f9-bce0-28333e198407","2019/10/08 17:00:00","KB4524099-DOTNET-X86-TSL","201","79169bc6-b446-4184-a84c-a48a3740f2c7","4524099","","Updates","cd5ffd1e-e932-4e3a-bf74-18bf0b1bbd83","Windows","Software",""
"2019-10 Cumulative Update for .NET Framework 3.5, 4.7.2 and 4.8 for Windows 10 Version 1809 (KB4520405)","Windows 10 LTSB
Windows 10","d2085b71-5f1f-43a9-880d-ed159016d5c6
a3c2375d-0c8a-42f9-bce0-28333e198407","2019/10/15 17:00:00","KB4520405-DOTNET-X86-TSL","200","f634efc6-ecf7-456a-b3cc-0413e26f3843","4520405","","Updates","cd5ffd1e-e932-4e3a-bf74-18bf0b1bbd83","Windows","Software",""
"2019-12 Cumulative Update for .NET Framework 3.5, 4.7.2 and 4.8 for Windows 10 Version 1809 (KB4533094)","Windows 10 LTSB
Windows 10","d2085b71-5f1f-43a9-880d-ed159016d5c6
a3c2375d-0c8a-42f9-bce0-28333e198407","2019/12/10 18:00:00","KB4533094-DOTNET-X86-TSL","200","3f1cb173-bbc2-44ff-960b-9beb296ce30b","4533094","","Updates","cd5ffd1e-e932-4e3a-bf74-18bf0b1bbd83","Windows","Software",""
"2020-01 Cumulative Update for .NET Framework 3.5, 4.7.2 and 4.8 for Windows 10 Version 1809 (KB4535101)","Windows 10 LTSB
Windows 10","d2085b71-5f1f-43a9-880d-ed159016d5c6
a3c2375d-0c8a-42f9-bce0-28333e198407","2020/01/14 18:00:00","KB4535101-DOTNET-X86-TSL","200","4e3bf0bc-6b19-4c97-9519-bcc03a7e9bcf","4535101","","Security Updates","0fa1201d-4330-4fa8-8ae9-b877473b6441","Windows","Software",""
"2020-02 Cumulative Update for .NET Framework 3.5, 4.7.2 and 4.8 for Windows 10 Version 1809 (KB4538122)","Windows 10 LTSB
Windows 10","d2085b71-5f1f-43a9-880d-ed159016d5c6
a3c2375d-0c8a-42f9-bce0-28333e198407","2020/02/11 18:00:00","KB4538122-DOTNET-X86-TSL","200","663d8c12-9f5b-4172-993d-c21ddc25b37e","4538122","","Updates","cd5ffd1e-e932-4e3a-bf74-18bf0b1bbd83","Windows","Software",""
"2020-01 Cumulative Update for .NET Framework 3.5, 4.7.2 and 4.8 for Windows 10 Version 1809 (KB4535669)","Windows 10 LTSB
Windows 10","d2085b71-5f1f-43a9-880d-ed159016d5c6
a3c2375d-0c8a-42f9-bce0-28333e198407","2020/01/23 22:00:00","KB4535669-DOTNET-X86-TSL","201","1668716d-fd7f-481d-abc0-64dde2e7ff23","4535669","","Updates","cd5ffd1e-e932-4e3a-bf74-18bf0b1bbd83","Windows","Software",""
"2020-02 Cumulative Update for .NET Framework 3.5, 4.7.2 and 4.8 for Windows 10 Version 1809 (KB4538156)","Windows 10 LTSB
Windows 10","d2085b71-5f1f-43a9-880d-ed159016d5c6
a3c2375d-0c8a-42f9-bce0-28333e198407","2020/02/25 18:00:00","KB4538156-DOTNET-X86-TSL","202","1056d2ff-68b1-4e02-94d9-a5fb46df1848","4538156","","Updates","cd5ffd1e-e932-4e3a-bf74-18bf0b1bbd83","Windows","Software",""
"2020-05 Cumulative Update for .NET Framework 3.5, 4.7.2 and 4.8 for Windows 10 Version 1809 (KB4556441)","Windows 10 LTSB
Windows 10","d2085b71-5f1f-43a9-880d-ed159016d5c6
a3c2375d-0c8a-42f9-bce0-28333e198407","2020/05/12 17:00:00","KB4556441-DOTNET-X86-TSL","201","f6362e1c-fe33-4ad0-9448-f242463fda43","4556441","","Security Updates","0fa1201d-4330-4fa8-8ae9-b877473b6441","Windows","Software",""
"2020-07 Cumulative Update for .NET Framework 3.5, 4.7.2 and 4.8 for Windows 10 Version 1809 (KB4566516)","Windows 10 LTSB
Windows 10","d2085b71-5f1f-43a9-880d-ed159016d5c6
a3c2375d-0c8a-42f9-bce0-28333e198407","2020/07/14 17:00:00","KB4566516-DOTNET-X86-TSL","200","e066bcf5-b5f7-4986-b929-c56d5f3e96df","4566516","","Security Updates","0fa1201d-4330-4fa8-8ae9-b877473b6441","Windows","Software",""
"2020-09 Cumulative Update for .NET Framework 3.5, 4.7.2 and 4.8 for Windows 10 Version 1809 (KB4576627)","Windows 10 LTSB
Windows 10","d2085b71-5f1f-43a9-880d-ed159016d5c6
a3c2375d-0c8a-42f9-bce0-28333e198407","2020/09/08 17:00:00","KB4576627-DOTNET-X86-TSL","200","42e0b7bd-6353-413e-8b95-caa1adfb8f4c","4576627","","Security Updates","0fa1201d-4330-4fa8-8ae9-b877473b6441","Windows","Software",""
"2020-08 Cumulative Update for .NET Framework 3.5, 4.7.2 and 4.8 for Windows 10 Version 1809 (KB4570505)","Windows 10 LTSB
Windows 10","d2085b71-5f1f-43a9-880d-ed159016d5c6
a3c2375d-0c8a-42f9-bce0-28333e198407","2020/08/11 17:00:00","KB4570505-DOTNET-X86-TSL","200","0f0290a1-04b8-496f-ae40-2cb1c8f85c8d","4570505","","Security Updates","0fa1201d-4330-4fa8-8ae9-b877473b6441","Windows","Software",""
"2020-10 Cumulative Update for .NET Framework 3.5, 4.7.2 and 4.8 for Windows 10 Version 1809 (KB4579976)","Windows 10 LTSB
Windows 10","d2085b71-5f1f-43a9-880d-ed159016d5c6
a3c2375d-0c8a-42f9-bce0-28333e198407","2020/10/13 17:00:00","KB4579976-DOTNET-X86-TSL","200","30be6ee7-c557-48a3-a553-f3a4233ca699","4579976","","Security Updates","0fa1201d-4330-4fa8-8ae9-b877473b6441","Windows","Software",""
"2021-01 Cumulative Update for .NET Framework 3.5, 4.7.2 and 4.8 for Windows 10 Version 1809 (KB4598499)","Windows 10 LTSB
Windows 10","d2085b71-5f1f-43a9-880d-ed159016d5c6
a3c2375d-0c8a-42f9-bce0-28333e198407","2021/01/12 18:00:00","KB4598499-DotNetCumulative-Client-x86-Retail","201","514a3699-13a7-48e8-9dda-3fa417173aa0","4598499","","Updates","cd5ffd1e-e932-4e3a-bf74-18bf0b1bbd83","Windows","Software",""
"2020-11 Cumulative Update for .NET Framework 3.5, 4.7.2 and 4.8 for Windows 10 Version 1809 (KB4586082)","Windows 10 LTSB
Windows 10","d2085b71-5f1f-43a9-880d-ed159016d5c6
a3c2375d-0c8a-42f9-bce0-28333e198407","2021/01/12 18:00:00","KB4586082-DOTNET-X86-TSL","201","a4c56c0b-2fb3-423d-a265-12ba9bfeea11","4586082","","Updates","cd5ffd1e-e932-4e3a-bf74-18bf0b1bbd83","Windows","Software",""
"2021-02 Cumulative Update for .NET Framework 3.5, 4.7.2 and 4.8 for Windows 10 Version 1809 (KB4601887)","Windows 10 LTSB
Windows 10","d2085b71-5f1f-43a9-880d-ed159016d5c6
a3c2375d-0c8a-42f9-bce0-28333e198407","2021/02/09 18:00:00","KB4601887-DotNetCumulative-Client-x86-Retail","200","2de5a588-b5f4-4183-adb6-96548492909d","4601887","","Security Updates","0fa1201d-4330-4fa8-8ae9-b877473b6441","Windows","Software",""
"2021-05 Cumulative Update for .NET Framework 3.5, 4.7.2 and 4.8 for Windows 10 Version 1809 (KB5001879)","Windows 10 LTSB
Windows 10","d2085b71-5f1f-43a9-880d-ed159016d5c6
a3c2375d-0c8a-42f9-bce0-28333e198407","2021/05/11 17:00:00","KB5001879-DotNetCumulative-Client-x86-Retail","200","406489f5-7832-46cb-af79-d72dba8eae24","5001879","","Updates","cd5ffd1e-e932-4e3a-bf74-18bf0b1bbd83","Windows","Software",""
"2021-06 Cumulative Update for .NET Framework 3.5, 4.7.2 and 4.8 for Windows 10 Version 1809 (KB5003778)","Windows 10 LTSB
Windows 10","d2085b71-5f1f-43a9-880d-ed159016d5c6
a3c2375d-0c8a-42f9-bce0-28333e198407","2021/06/08 17:00:00","KB5003778-DotNetCumulative-Client-x86-Retail","201","d496ea21-2594-4ad5-894b-eb8aac5970b1","5003778","","Updates","cd5ffd1e-e932-4e3a-bf74-18bf0b1bbd83","Windows","Software",""
"2021-07 Cumulative Update for .NET Framework 3.5, 4.7.2 and 4.8 for Windows 10 Version 1809 (KB5004228)","Windows 10 LTSB
Windows 10","d2085b71-5f1f-43a9-880d-ed159016d5c6
a3c2375d-0c8a-42f9-bce0-28333e198407","2021/07/13 17:00:00","KB5004228-DotNetCumulative-Client-x86-Retail","200","bba44e6d-b89f-48f1-abe7-91c95bea687c","5004228","","Updates","cd5ffd1e-e932-4e3a-bf74-18bf0b1bbd83","Windows","Software",""
"2021-08 Cumulative Update for .NET Framework 3.5, 4.7.2 and 4.8 for Windows 10 Version 1809 (KB5004870)","Windows 10 LTSB
Windows 10","d2085b71-5f1f-43a9-880d-ed159016d5c6
a3c2375d-0c8a-42f9-bce0-28333e198407","2021/08/10 17:00:00","KB5004870-DotNetCumulative-Client-x86-Retail","200","8e98ce29-9125-47d6-beac-4571cee7bfd6","5004870","","Updates","cd5ffd1e-e932-4e3a-bf74-18bf0b1bbd83","Windows","Software",""
"2021-10 Cumulative Update for .NET Framework 3.5, 4.7.2 and 4.8 for Windows 10 Version 1809 (KB5006765)","Windows 10 LTSB
Windows 10","d2085b71-5f1f-43a9-880d-ed159016d5c6
a3c2375d-0c8a-42f9-bce0-28333e198407","2021/10/12 17:00:00","KB5006765-DotNetCumulative-Client-x86-Retail","200","48087bee-dea7-4b9f-9b53-f4e2fdd02e2f","5006765","","Updates","cd5ffd1e-e932-4e3a-bf74-18bf0b1bbd83","Windows","Software",""
"2021-11 Cumulative Update for .NET Framework 3.5, 4.7.2 and 4.8 for Windows 10 Version 1809 (KB5007298)","Windows 10 LTSB
Windows 10","d2085b71-5f1f-43a9-880d-ed159016d5c6
a3c2375d-0c8a-42f9-bce0-28333e198407","2021/11/09 18:00:00","KB5007298-DotNetCumulative-Client-x86-Retail","200","d0d96996-79da-4f6b-8185-9308fb0efcd5","5007298","","Updates","cd5ffd1e-e932-4e3a-bf74-18bf0b1bbd83","Windows","Software",""
"2022-01 Cumulative Update for .NET Framework 3.5, 4.7.2 and 4.8 for Windows 10 Version 1809 (KB5009718)","Windows 10 LTSB
Windows 10","d2085b71-5f1f-43a9-880d-ed159016d5c6
a3c2375d-0c8a-42f9-bce0-28333e198407","2022/01/11 18:00:00","KB5009718-RS5-Client-x86-Retail","200","56992198-6c06-478a-9223-66c55266ff86","5009718","","Security Updates","0fa1201d-4330-4fa8-8ae9-b877473b6441","Windows","Software",""
"2022-02 Cumulative Update for .NET Framework 3.5, 4.7.2 and 4.8 for Windows 10 Version 1809 (KB5010580)","Windows 10 LTSB
Windows 10","d2085b71-5f1f-43a9-880d-ed159016d5c6
a3c2375d-0c8a-42f9-bce0-28333e198407","2022/02/08 18:00:00","KB5010580-RS5-Client-x86-Retail","200","aa3085c9-62f7-474e-a709-ea2ad13ecdb5","5010580","","Updates","cd5ffd1e-e932-4e3a-bf74-18bf0b1bbd83","Windows","Software",""
"2022-04 Cumulative Update for .NET Framework 3.5, 4.7.2 and 4.8 for Windows 10 Version 1809 (KB5012328)","Windows 10 LTSB
Windows 10","d2085b71-5f1f-43a9-880d-ed159016d5c6
a3c2375d-0c8a-42f9-bce0-28333e198407","2022/04/12 17:00:00","KB5012328-DotNetCumulative-RS5-Client-x86-Retail","200","2cc9d8e2-e896-4219-8fb9-ffd7e6babc28","5012328","","Security Updates","0fa1201d-4330-4fa8-8ae9-b877473b6441","Windows","Software",""
"2022-05 Cumulative Update for .NET Framework 3.5, 4.7.2 and 4.8 for Windows 10 Version 1809 (KB5013868)","Windows 10 LTSB
Windows 10","d2085b71-5f1f-43a9-880d-ed159016d5c6
a3c2375d-0c8a-42f9-bce0-28333e198407","2022/05/10 17:00:00","KB5013868-DotNetCumulative-RS5-Client-x86-Retail","200","2f3aaa0b-31f2-4bc5-80c4-f6ddf4a433f0","5013868","","Security Updates","0fa1201d-4330-4fa8-8ae9-b877473b6441","Windows","Software",""
"2022-06 Cumulative Update for .NET Framework 3.5, 4.7.2 and 4.8 for Windows 10 Version 1809 (KB5014805)","Windows 10 LTSB
Windows 10","d2085b71-5f1f-43a9-880d-ed159016d5c6
a3c2375d-0c8a-42f9-bce0-28333e198407","2022/06/14 17:00:00","KB5014805-DotNetCumulative-RS5-Client-x86-Retail","200","4556a863-8bb7-4b3c-bbe7-8a1325fba731","5014805","","Updates","cd5ffd1e-e932-4e3a-bf74-18bf0b1bbd83","Windows","Software",""
"2022-08 Cumulative Update for .NET Framework 3.5, 4.7.2 and 4.8 for Windows 10 Version 1809 (KB5016737)","Windows 10 LTSB
Windows 10","d2085b71-5f1f-43a9-880d-ed159016d5c6
a3c2375d-0c8a-42f9-bce0-28333e198407","2022/08/09 17:00:00","KB5016737-DotNetCumulative-RS5-Client-x86-Retail","200","1f20c5c9-6172-4e8b-9fe6-489c87c450e7","5016737","","Updates","cd5ffd1e-e932-4e3a-bf74-18bf0b1bbd83","Windows","Software",""
"2022-09 Cumulative Update for .NET Framework 3.5, 4.7.2 and 4.8 for Windows 10 Version 1809 (KB5017528)","Windows 10 LTSB
Windows 10","d2085b71-5f1f-43a9-880d-ed159016d5c6
a3c2375d-0c8a-42f9-bce0-28333e198407","2022/09/13 17:00:00","KB5017528-DotNetCumulative-RS5-Client-x86-Retail","200","6b661d46-eedd-4a62-9c60-f816f88d0b42","5017528","","Updates","cd5ffd1e-e932-4e3a-bf74-18bf0b1bbd83","Windows","Software",""
"2022-10 Cumulative Update for .NET Framework 3.5, 4.7.2 and 4.8 for Windows 10 Version 1809 (KB5018542)","Windows 10 LTSB
Windows 10","d2085b71-5f1f-43a9-880d-ed159016d5c6
a3c2375d-0c8a-42f9-bce0-28333e198407","2022/10/11 17:00:00","KB5018542-DotNetCumulative-RS5-Client-x86-Retail","200","91ab1277-f8c8-47a6-9eda-53c401ed33c2","5018542","","Updates","cd5ffd1e-e932-4e3a-bf74-18bf0b1bbd83","Windows","Software",""
"2022-11 Cumulative Update for .NET Framework 3.5, 4.7.2 and 4.8 for Windows 10 Version 1809 (KB5020685)","Windows 10 LTSB
Windows 10","d2085b71-5f1f-43a9-880d-ed159016d5c6
a3c2375d-0c8a-42f9-bce0-28333e198407","2022/11/08 18:00:00","KB5020685-DotNetCumulative-RS5-Client-x86-Retail","200","0616ab23-14ce-4732-858d-684fe12aa775","5020685","","Security Updates","0fa1201d-4330-4fa8-8ae9-b877473b6441","Windows","Software",""
"2022-12 Cumulative Update for .NET Framework 3.5, 4.7.2 and 4.8 for Windows 10 Version 1809 (KB5021085)","Windows 10 LTSB
Windows 10","d2085b71-5f1f-43a9-880d-ed159016d5c6
a3c2375d-0c8a-42f9-bce0-28333e198407","2022/12/13 18:00:00","KB5021085-DotNetCumulative-RS5-Client-x86-Retail","200","969f834f-8e3b-47ea-b4a2-ae751c2375b7","5021085","","Security Updates","0fa1201d-4330-4fa8-8ae9-b877473b6441","Windows","Software",""
"2023-02 Cumulative Update for .NET Framework 3.5, 4.7.2 and 4.8 for Windows 10 Version 1809 (KB5022782)","Windows 10 LTSB
Windows 10","d2085b71-5f1f-43a9-880d-ed159016d5c6
a3c2375d-0c8a-42f9-bce0-28333e198407","2023/02/14 18:00:00","KB5022782-DotNetCumulative-RS5-Client-x86-Retail","200","dbf78c01-705f-42eb-a340-21d921af0758","5022782","","Security Updates","0fa1201d-4330-4fa8-8ae9-b877473b6441","Windows","Software",""
"2023-06 Cumulative Update for .NET Framework 3.5, 4.7.2 and 4.8 for Windows 10 Version 1809 (KB5027536)","Windows 10 LTSB
Windows 10","d2085b71-5f1f-43a9-880d-ed159016d5c6
a3c2375d-0c8a-42f9-bce0-28333e198407","2023/06/13 17:00:00","KB5027536-DotNetCumulative-RS5-Client-x86-Retail","200","504d66a2-d7f7-4d77-8f86-d9130b6146be","5027536","","Security Updates","0fa1201d-4330-4fa8-8ae9-b877473b6441","Windows","Software",""
"2023-07 Cumulative Update for .NET Framework 3.5, 4.7.2 and 4.8 for Windows 10 Version 1809 (KB5028936)","Windows 10 LTSB
Windows 10","d2085b71-5f1f-43a9-880d-ed159016d5c6
a3c2375d-0c8a-42f9-bce0-28333e198407","2023/07/11 17:00:00","KB5028936-DotNetCumulative-RS5-Client-x86-Retail","200","54c138b3-fa19-40ae-99a4-d9bedc91858b","5028936","","Updates","cd5ffd1e-e932-4e3a-bf74-18bf0b1bbd83","Windows","Software",""
"2023-08 Cumulative Update for .NET Framework 3.5, 4.7.2 and 4.8 for Windows 10 Version 1809 (KB5029647)","Windows 10 LTSB
Windows 10","d2085b71-5f1f-43a9-880d-ed159016d5c6
a3c2375d-0c8a-42f9-bce0-28333e198407","2023/08/08 17:00:00","KB5029647-DotNetCumulative-RS5-Client-x86-Retail","200","0146280a-d054-47ec-8223-2394b0e555c4","5029647","","Security Updates","0fa1201d-4330-4fa8-8ae9-b877473b6441","Windows","Software",""
"2023-09 Cumulative Update for .NET Framework 3.5, 4.7.2 and 4.8 for Windows 10 Version 1809 (KB5030178)","Windows 10 LTSB
Windows 10","d2085b71-5f1f-43a9-880d-ed159016d5c6
a3c2375d-0c8a-42f9-bce0-28333e198407","2023/09/12 17:00:00","KB5030178-DotNetCumulative-RS5-Client-x86-Retail","200","7ed18b19-1599-4da4-a394-d6b9e0c20bcd","5030178","","Security Updates","0fa1201d-4330-4fa8-8ae9-b877473b6441","Windows","Software",""
"2023-10 Cumulative Update for .NET Framework 3.5, 4.7.2 and 4.8 for Windows 10 Version 1809 (KB5031222)","Windows 10 LTSB
Windows 10","d2085b71-5f1f-43a9-880d-ed159016d5c6
a3c2375d-0c8a-42f9-bce0-28333e198407","2023/10/10 17:00:00","KB5031222-DotNetCumulative-RS5-Client-x86-Retail","200","674ad37d-f398-481d-a5ec-d9516f6437ec","5031222","","Updates","cd5ffd1e-e932-4e3a-bf74-18bf0b1bbd83","Windows","Software",""
"2023-11 Cumulative Update for .NET Framework 3.5, 4.7.2 and 4.8 for Windows 10 Version 1809 (KB5032337)","Windows 10 LTSB
Windows 10","d2085b71-5f1f-43a9-880d-ed159016d5c6
a3c2375d-0c8a-42f9-bce0-28333e198407","2023/11/14 18:00:00","KB5032337-DotNetCumulative-RS5-Client-x86-Retail","200","88fb7c02-20d8-46d2-b238-76dfb0e0d667","5032337","","Security Updates","0fa1201d-4330-4fa8-8ae9-b877473b6441","Windows","Software",""
"2024-01 Cumulative Update for .NET Framework 3.5, 4.7.2 and 4.8 for Windows 10 Version 1809 (KB5034273)","Windows 10 LTSB
Windows 10","d2085b71-5f1f-43a9-880d-ed159016d5c6
a3c2375d-0c8a-42f9-bce0-28333e198407","2024/01/09 18:00:00","KB5034273-DotNetCumulative-RS5-Client-x86-Retail","200","a44dc6af-3227-4f39-a7d5-765abc61e4db","5034273","","Security Updates","0fa1201d-4330-4fa8-8ae9-b877473b6441","Windows","Software",""
"2024-02 Cumulative Update for .NET Framework 3.5, 4.7.2 and 4.8 for Windows 10 Version 1809 (KB5034683)","Windows 10 LTSB
Windows 10","d2085b71-5f1f-43a9-880d-ed159016d5c6
a3c2375d-0c8a-42f9-bce0-28333e198407","2024/02/13 18:00:00","KB5034683-DotNetCumulative-RS5-Client-x86-Retail","200","3952a4ab-a250-4937-a29b-d99837bbb4e2","5034683","","Updates","cd5ffd1e-e932-4e3a-bf74-18bf0b1bbd83","Windows","Software",""
"2024-04 Cumulative Update for .NET Framework 3.5, 4.7.2 and 4.8 for Windows 10 Version 1809 (KB5037034)","Windows 10 LTSB
Windows 10","d2085b71-5f1f-43a9-880d-ed159016d5c6
a3c2375d-0c8a-42f9-bce0-28333e198407","2024/04/09 17:00:00","KB5037034-DotNetCumulative-RS5-Client-x86-Retail","200","01a5ee5c-3e25-42f7-90f7-9945741a32eb","5037034","","Security Updates","0fa1201d-4330-4fa8-8ae9-b877473b6441","Windows","Software",""
