﻿"Title","ProductTitles","ProductIds","CreationDate","LegacyName","Id.RevisionNumber","Id.UpdateId","KnowledgebaseArticles","SecurityBulletins","UpdateClassificationTitle","UpdateClassificationId","ProductFamilyTitles","UpdateType","Action"
"Feature update to Windows 10 (consumer editions), version 1909, en-us x64","Windows 10, version 1903 and later","b3c75dc1-155f-4be4-b015-3f1a91758e52","2019/11/12 18:00:00","","204","05d17022-0297-4c2c-8990-801496cb9c1d","3012973","","Upgrades","3689bdc8-b205-4af4-8d4a-a63924c5e9d5","Windows","Software",""
"Feature update to Windows 10 (consumer editions), version 1909, en-gb x64","Windows 10, version 1903 and later","b3c75dc1-155f-4be4-b015-3f1a91758e52","2019/11/12 18:00:00","","203","6c5f1b84-71f7-4da8-b489-75952a1ea61d","3012973","","Upgrades","3689bdc8-b205-4af4-8d4a-a63924c5e9d5","Windows","Software",""
"Feature update to Windows 10 (consumer editions), version 1909, ja-jp x64","Windows 10, version 1903 and later","b3c75dc1-155f-4be4-b015-3f1a91758e52","2019/11/12 18:00:00","","204","cd7ce2fd-2077-43a4-958b-8c75eea1bd6e","3012973","","Upgrades","3689bdc8-b205-4af4-8d4a-a63924c5e9d5","Windows","Software",""
"Feature update to Windows 10 (consumer editions), version 1909, en-us x64","Windows 10, version 1903 and later","b3c75dc1-155f-4be4-b015-3f1a91758e52","2019/11/12 18:00:00","","200","1142e215-f631-413e-ac53-83eb7c1e87bf","3012973","","Upgrades","3689bdc8-b205-4af4-8d4a-a63924c5e9d5","Windows","Software",""
"Feature update to Windows 10 (consumer editions), version 1909, en-gb x64","Windows 10, version 1903 and later","b3c75dc1-155f-4be4-b015-3f1a91758e52","2019/11/12 18:00:00","","200","85c55c69-7010-4542-8c59-ba1d798481ea","3012973","","Upgrades","3689bdc8-b205-4af4-8d4a-a63924c5e9d5","Windows","Software",""
"Feature update to Windows 10 (consumer editions), version 1909, ja-jp x64","Windows 10, version 1903 and later","b3c75dc1-155f-4be4-b015-3f1a91758e52","2019/11/12 18:00:00","","200","f68a33d7-3742-4bbd-a2ff-6153290188f5","3012973","","Upgrades","3689bdc8-b205-4af4-8d4a-a63924c5e9d5","Windows","Software",""
"Feature update to Windows 10 (consumer editions), version 1909, en-gb x64","Windows 10, version 1903 and later","b3c75dc1-155f-4be4-b015-3f1a91758e52","2020/11/09 18:00:00","","201","389bb816-cb13-4fa4-bdc9-20dbcc2b7226","3012973","","Upgrades","3689bdc8-b205-4af4-8d4a-a63924c5e9d5","Windows","Software",""
"Feature update to Windows 10 (consumer editions), version 1909, ja-jp x64","Windows 10, version 1903 and later","b3c75dc1-155f-4be4-b015-3f1a91758e52","2020/11/09 18:00:00","","201","6ebb3daf-be30-4f50-a55f-fa8d57e3ea1c","3012973","","Upgrades","3689bdc8-b205-4af4-8d4a-a63924c5e9d5","Windows","Software",""
"Feature update to Windows 10 (consumer editions), version 1909, en-us x64","Windows 10, version 1903 and later","b3c75dc1-155f-4be4-b015-3f1a91758e52","2020/11/09 18:00:00","","201","d5f32cef-85bf-4052-a79f-c5d497476509","3012973","","Upgrades","3689bdc8-b205-4af4-8d4a-a63924c5e9d5","Windows","Software",""
