﻿"Title","ProductTitles","ProductIds","CreationDate","LegacyName","Id.RevisionNumber","Id.UpdateId","KnowledgebaseArticles","SecurityBulletins","UpdateClassificationTitle","UpdateClassificationId","ProductFamilyTitles","UpdateType","Action"
"Feature update to Windows 10 (business editions), version 21H2, ja-jp x64","Windows 10, version 1903 and later","b3c75dc1-155f-4be4-b015-3f1a91758e52","2021/11/16 18:00:00","","200","342ce525-78d0-43cf-bb3b-fc876cdcaa4d","3012973","","Upgrades","3689bdc8-b205-4af4-8d4a-a63924c5e9d5","Windows","Software",""
"Feature update to Windows 10 (business editions), version 21H2, en-us x64","Windows 10, version 1903 and later","b3c75dc1-155f-4be4-b015-3f1a91758e52","2021/11/16 18:00:00","","200","0eb32553-faf9-4fb8-9980-10f87c54cc7e","3012973","","Upgrades","3689bdc8-b205-4af4-8d4a-a63924c5e9d5","Windows","Software",""
"Feature update to Windows 10 (business editions), version 21H2, en-gb x64","Windows 10, version 1903 and later","b3c75dc1-155f-4be4-b015-3f1a91758e52","2021/11/16 18:00:00","","200","55191f51-247e-43b2-87ac-bffcb0967426","3012973","","Upgrades","3689bdc8-b205-4af4-8d4a-a63924c5e9d5","Windows","Software",""
"Feature update to Windows 10 (business editions), version 21H2, en-us x64","Windows 10, version 1903 and later","b3c75dc1-155f-4be4-b015-3f1a91758e52","2022/05/23 21:00:00","","201","5dc10004-074d-4b2c-acc0-91f70c1d31f5","3012973","","Upgrades","3689bdc8-b205-4af4-8d4a-a63924c5e9d5","Windows","Software",""
"Feature update to Windows 10 (business editions), version 21H2, ja-jp x64","Windows 10, version 1903 and later","b3c75dc1-155f-4be4-b015-3f1a91758e52","2022/05/23 21:00:00","","201","b294b39a-5dc7-4ab4-b68e-5e7d9c5ee4cd","3012973","","Upgrades","3689bdc8-b205-4af4-8d4a-a63924c5e9d5","Windows","Software",""
"Feature update to Windows 10 (business editions), version 21H2, en-gb x64","Windows 10, version 1903 and later","b3c75dc1-155f-4be4-b015-3f1a91758e52","2022/05/23 21:00:00","","201","3607ed0a-549d-425e-b6ed-e15dd509dd9f","3012973","","Upgrades","3689bdc8-b205-4af4-8d4a-a63924c5e9d5","Windows","Software",""
