﻿"Title","ProductTitles","ProductIds","CreationDate","LegacyName","Id.RevisionNumber","Id.UpdateId","KnowledgebaseArticles","SecurityBulletins","UpdateClassificationTitle","UpdateClassificationId","ProductFamilyTitles","UpdateType","Action"
"Upgrade to Windows 11 (consumer editions) en-gb x64","Windows 11","72e7624a-5b00-45d2-b92f-e561c0a6a160","2021/10/04 20:00:00","","200","5b872637-8569-4dfe-abba-ba427bf9f4b9","3012973","","Upgrades","3689bdc8-b205-4af4-8d4a-a63924c5e9d5","Windows","Software",""
"Upgrade to Windows 11 (consumer editions) ja-jp x64","Windows 11","72e7624a-5b00-45d2-b92f-e561c0a6a160","2021/10/04 20:00:00","","200","4646ead0-acc3-4b1c-a58e-6a183d2be016","3012973","","Upgrades","3689bdc8-b205-4af4-8d4a-a63924c5e9d5","Windows","Software",""
"Upgrade to Windows 11 (consumer editions) en-us x64","Windows 11","72e7624a-5b00-45d2-b92f-e561c0a6a160","2021/10/04 20:00:00","","200","c0b7fc7f-12f2-4285-b633-fed4ff717f63","3012973","","Upgrades","3689bdc8-b205-4af4-8d4a-a63924c5e9d5","Windows","Software",""
"Upgrade to Windows 11 (consumer editions) en-us x64","Windows 11","72e7624a-5b00-45d2-b92f-e561c0a6a160","2021/11/16 18:00:00","","200","fcb09771-63f8-47af-8d93-c45b564be8f0","3012973","","Upgrades","3689bdc8-b205-4af4-8d4a-a63924c5e9d5","Windows","Software",""
"Upgrade to Windows 11 (consumer editions) ja-jp x64","Windows 11","72e7624a-5b00-45d2-b92f-e561c0a6a160","2021/11/16 18:00:00","","200","d417b23f-4a0e-4e52-bfef-8c81fb3fe39a","3012973","","Upgrades","3689bdc8-b205-4af4-8d4a-a63924c5e9d5","Windows","Software",""
"Upgrade to Windows 11 (consumer editions) en-gb x64","Windows 11","72e7624a-5b00-45d2-b92f-e561c0a6a160","2021/11/16 18:00:00","","200","8c459642-f23f-4553-91ff-915eaeed308a","3012973","","Upgrades","3689bdc8-b205-4af4-8d4a-a63924c5e9d5","Windows","Software",""
