﻿"Title","ProductTitles","ProductIds","CreationDate","LegacyName","Id.RevisionNumber","Id.UpdateId","KnowledgebaseArticles","SecurityBulletins","UpdateClassificationTitle","UpdateClassificationId","ProductFamilyTitles","UpdateType","Action"
"2021-10 Cumulative Update for .NET Framework 3.5 and 4.8 for Windows 11 for ARM64 (KB5005537)","Windows 11","72e7624a-5b00-45d2-b92f-e561c0a6a160","2021/10/12 17:00:00","KB5005537-DotNetCumulative-Client-arm64-Retail","203","c4b10d7c-a71a-45ed-9158-8039b974246c","5005537","","Security Updates","0fa1201d-4330-4fa8-8ae9-b877473b6441","Windows","Software",""
"Upgrade to Windows 11 (business editions) en-us arm64","Windows 11","72e7624a-5b00-45d2-b92f-e561c0a6a160","2021/10/04 20:00:00","","200","b6fe8151-9b93-4617-b4cb-d2ca86767df3","3012973","","Upgrades","3689bdc8-b205-4af4-8d4a-a63924c5e9d5","Windows","Software",""
"Upgrade to Windows 11 (business editions) en-gb arm64","Windows 11","72e7624a-5b00-45d2-b92f-e561c0a6a160","2021/10/04 20:00:00","","201","25a50246-961d-4d2e-bcc3-f81094fe6fca","3012973","","Upgrades","3689bdc8-b205-4af4-8d4a-a63924c5e9d5","Windows","Software",""
"Upgrade to Windows 11 (business editions) ja-jp arm64","Windows 11","72e7624a-5b00-45d2-b92f-e561c0a6a160","2021/10/04 20:00:00","","200","2edfe623-43a7-40fc-b8ea-0a46505fa65d","3012973","","Upgrades","3689bdc8-b205-4af4-8d4a-a63924c5e9d5","Windows","Software",""
"2021-10 Cumulative Update for Windows 11 for ARM64-based Systems (KB5006674)","Windows 11","72e7624a-5b00-45d2-b92f-e561c0a6a160","2021/10/12 17:03:07","KB5006674-WindowsSV21H2-RTM-UnifiedCumulativeSecurity-ARM64-TSL-World","201","676e5d2e-62fb-43ee-bd50-64e53a04c59a","5006674","","Security Updates","0fa1201d-4330-4fa8-8ae9-b877473b6441","Windows","Software",""
"2021-10 Dynamic Cumulative Update for Windows 11 for ARM64-based Systems (KB5006674)","Windows 11 GDR-DU","b6ea7c03-5339-4d45-a215-314a05fe37e0","2021/10/12 17:03:07","KB5006674-WindowsSV21H2-GDR-DU-RTM-UnifiedCumulativeSecurity-ARM64-TSL-World","201","bbc31b9f-d731-44d6-bd98-2df81ec43238","5006674","","Security Updates","0fa1201d-4330-4fa8-8ae9-b877473b6441","Windows","Software",""
"2021-09 Dynamic Update for Windows 11 for ARM64-based Systems (KB5006587)","Windows 11 Dynamic Update","ab1852d6-15fd-4bf0-acd1-d276a5ea82fb","2021/09/16 17:00:06","KB5006587-WindowsSV21H2-RTM-SetupDU-ARM64-TSL-World","201","3741e965-3de9-4449-8775-ac37d23b7d9c","5006587","","Critical Updates","e6cf1350-c01b-414d-a61f-263d14d133b4","Windows","Software",""
"2021-11 Cumulative Update for Windows 11 for ARM64-based Systems (KB5007215)","Windows 11","72e7624a-5b00-45d2-b92f-e561c0a6a160","2021/11/09 18:00:07","KB5007215-WindowsSV21H2-RTM-UnifiedCumulativeSecurity-ARM64-TSL-World","200","1a7e036b-f1f3-408f-b3b5-853ea222de39","5007215","","Security Updates","0fa1201d-4330-4fa8-8ae9-b877473b6441","Windows","Software",""
"2021-11 Dynamic Cumulative Update for Windows 11 for ARM64-based Systems (KB5007215)","Windows 11 GDR-DU","b6ea7c03-5339-4d45-a215-314a05fe37e0","2021/11/09 18:00:07","KB5007215-WindowsSV21H2-GDR-DU-RTM-UnifiedCumulativeSecurity-ARM64-TSL-World","200","811e1098-94d0-4644-a785-2aebb90f9f4a","5007215","","Security Updates","0fa1201d-4330-4fa8-8ae9-b877473b6441","Windows","Software",""
"2021-11 Cumulative Update for .NET Framework 3.5 and 4.8 for Windows 11 for ARM64 (KB5006363)","Windows 11","72e7624a-5b00-45d2-b92f-e561c0a6a160","2021/11/09 18:00:00","KB5006363-DotNetCumulative-Client-arm64-Retail","200","a6e11676-048d-421a-87c5-8745e6ceff58","5006363","","Updates","cd5ffd1e-e932-4e3a-bf74-18bf0b1bbd83","Windows","Software",""
"Upgrade to Windows 11 (business editions) ja-jp arm64","Windows 11","72e7624a-5b00-45d2-b92f-e561c0a6a160","2021/11/16 18:00:00","","200","6c12741a-9492-4e1e-a869-c9c8f9a7ebba","3012973","","Upgrades","3689bdc8-b205-4af4-8d4a-a63924c5e9d5","Windows","Software",""
"Upgrade to Windows 11 (business editions) en-gb arm64","Windows 11","72e7624a-5b00-45d2-b92f-e561c0a6a160","2021/11/16 18:00:00","","200","e8dafb17-e46c-4f99-9d86-3543c0ebf9c1","3012973","","Upgrades","3689bdc8-b205-4af4-8d4a-a63924c5e9d5","Windows","Software",""
"Upgrade to Windows 11 (business editions) en-us arm64","Windows 11","72e7624a-5b00-45d2-b92f-e561c0a6a160","2021/11/16 18:00:00","","200","aef541a9-78a4-4652-942b-ac74c6675bf8","3012973","","Upgrades","3689bdc8-b205-4af4-8d4a-a63924c5e9d5","Windows","Software",""
"2021-11 Dynamic Update for Windows 11 for ARM64-based Systems (KB5007400)","Windows 11 Dynamic Update
Windows Safe OS Dynamic Update","ab1852d6-15fd-4bf0-acd1-d276a5ea82fb
dd1aa213-54e7-4173-8456-b278964a26b6","2021/11/22 22:00:06","KB5007400-WindowsSV21H2-RTM-SafeOSDU-ARM64-TSL-World","203","1230d3dc-7616-4a8a-9731-f7d097bb37cc","5007400","","Critical Updates","e6cf1350-c01b-414d-a61f-263d14d133b4","Windows","Software",""
"2021-11 Dynamic Update for Windows 11 for ARM64-based Systems (KB5007575)","Windows 11 Dynamic Update","ab1852d6-15fd-4bf0-acd1-d276a5ea82fb","2021/11/22 22:00:06","KB5007575-WindowsSV21H2-RTM-CriticalDU-ARM64-TSL-World","203","f3a57877-61df-4da2-b103-5e0cbd235531","5007575","","Critical Updates","e6cf1350-c01b-414d-a61f-263d14d133b4","Windows","Software",""
"2021-11 Dynamic Update for Windows 11 for ARM64-based Systems (KB5007268)","Windows 11 Dynamic Update","ab1852d6-15fd-4bf0-acd1-d276a5ea82fb","2021/11/22 22:00:06","KB5007268-WindowsSV21H2-RTM-SetupDU-ARM64-TSL-World","200","ccd985f9-8cc8-4922-917d-429caa24489d","5007268","","Critical Updates","e6cf1350-c01b-414d-a61f-263d14d133b4","Windows","Software",""
"2021-12 Cumulative Update for Windows 11 for ARM64-based Systems (KB5008215)","Windows 11","72e7624a-5b00-45d2-b92f-e561c0a6a160","2021/12/14 18:00:06","KB5008215-WindowsSV21H2-RTM-UnifiedCumulativeSecurity-ARM64-TSL-World","200","db52edcf-b9b5-4bde-b90c-54370234f67b","5008215","","Security Updates","0fa1201d-4330-4fa8-8ae9-b877473b6441","Windows","Software",""
"2021-12 Dynamic Cumulative Update for Windows 11 for ARM64-based Systems (KB5008215)","Windows 11 GDR-DU","b6ea7c03-5339-4d45-a215-314a05fe37e0","2021/12/14 18:00:06","KB5008215-WindowsSV21H2-GDR-DU-RTM-UnifiedCumulativeSecurity-ARM64-TSL-World","200","cf140b67-a387-4635-ad2c-d5a83c5825e2","5008215","","Security Updates","0fa1201d-4330-4fa8-8ae9-b877473b6441","Windows","Software",""
"2022-01 Dynamic Cumulative Update for Windows 11 for ARM64-based Systems (KB5009566)","Windows 11 GDR-DU","b6ea7c03-5339-4d45-a215-314a05fe37e0","2022/01/11 18:00:06","KB5009566-WindowsSV21H2-GDR-DU-RTM-UnifiedCumulativeSecurity-ARM64-TSL-World","200","e7436fa7-7bf4-448f-9566-8d9b74d3db62","5009566","","Security Updates","0fa1201d-4330-4fa8-8ae9-b877473b6441","Windows","Software",""
"2022-01 Cumulative Update for Windows 11 for ARM64-based Systems (KB5009566)","Windows 11","72e7624a-5b00-45d2-b92f-e561c0a6a160","2022/01/11 18:00:06","KB5009566-WindowsSV21H2-RTM-UnifiedCumulativeSecurity-ARM64-TSL-World","200","b4e5b7e9-31b3-478a-942f-7b1fd5cc2301","5009566","","Security Updates","0fa1201d-4330-4fa8-8ae9-b877473b6441","Windows","Software",""
"2022-01 Dynamic Update for Windows 11 for ARM64-based Systems (KB5009646)","Windows 11 Dynamic Update","ab1852d6-15fd-4bf0-acd1-d276a5ea82fb","2022/01/25 22:00:06","KB5009646-WindowsSV21H2-RTM-SetupDU-ARM64-TSL-World","203","f40c8c77-2e16-4a6b-bbb9-334d344167e9","5009646","","Critical Updates","e6cf1350-c01b-414d-a61f-263d14d133b4","Windows","Software",""
"2022-01 Cumulative Update for .NET Framework 3.5 and 4.8 for Windows 11 for ARM64 (KB5008880)","Windows 11","72e7624a-5b00-45d2-b92f-e561c0a6a160","2022/01/11 18:00:00","KB5008880-SV-Client-arm64-Retail","200","12794529-64d3-40ac-be26-558503e07072","5008880","","Security Updates","0fa1201d-4330-4fa8-8ae9-b877473b6441","Windows","Software",""
"2022-01 Dynamic Update for Windows 11 for ARM64-based Systems (KB5009644)","Windows 11 Dynamic Update
Windows Safe OS Dynamic Update","ab1852d6-15fd-4bf0-acd1-d276a5ea82fb
dd1aa213-54e7-4173-8456-b278964a26b6","2022/01/25 22:00:06","KB5009644-WindowsSV21H2-RTM-SafeOSDU-ARM64-TSL-World","203","6cf7f167-28b0-4b39-8f8b-a15bcea8e9c9","5009644","","Critical Updates","e6cf1350-c01b-414d-a61f-263d14d133b4","Windows","Software",""
"2022-02 Cumulative Update for Windows 11 for ARM64-based Systems (KB5010386)","Windows 11","72e7624a-5b00-45d2-b92f-e561c0a6a160","2022/02/08 18:00:06","KB5010386-WindowsSV21H2-RTM-UnifiedCumulativeSecurity-ARM64-TSL-World","200","0387c44c-3c89-49b2-bf29-1b92b7ded1bc","5010386","","Security Updates","0fa1201d-4330-4fa8-8ae9-b877473b6441","Windows","Software",""
"2022-02 Dynamic Update for Windows 11 for ARM64-based Systems (KB5010455)","Windows 11 Dynamic Update","ab1852d6-15fd-4bf0-acd1-d276a5ea82fb","2022/02/15 18:00:06","KB5010455-WindowsSV21H2-RTM-SetupDU-ARM64-TSL-World","200","075b8e91-7741-4948-b6cf-09537e428e0f","5010455","","Critical Updates","e6cf1350-c01b-414d-a61f-263d14d133b4","Windows","Software",""
"2022-02 Dynamic Cumulative Update for Windows 11 for ARM64-based Systems (KB5010386)","Windows 11 GDR-DU","b6ea7c03-5339-4d45-a215-314a05fe37e0","2022/02/08 18:00:06","KB5010386-WindowsSV21H2-GDR-DU-RTM-UnifiedCumulativeSecurity-ARM64-TSL-World","200","fdcfd7e5-14c4-4335-99ab-0aaa6d15e988","5010386","","Security Updates","0fa1201d-4330-4fa8-8ae9-b877473b6441","Windows","Software",""
"2022-02 Cumulative Update for .NET Framework 3.5 and 4.8 for Windows 11 for ARM64 (KB5009469)","Windows 11","72e7624a-5b00-45d2-b92f-e561c0a6a160","2022/02/08 18:00:00","KB5009469-SV-Client-arm64-Retail","200","6916edf4-aafe-4d68-9adb-000244c14a7c","5009469","","Updates","cd5ffd1e-e932-4e3a-bf74-18bf0b1bbd83","Windows","Software",""
"2022-03 Dynamic Update for Windows 11 for ARM64-based Systems (KB5012414)","Windows 11 Dynamic Update
Windows Safe OS Dynamic Update","ab1852d6-15fd-4bf0-acd1-d276a5ea82fb
dd1aa213-54e7-4173-8456-b278964a26b6","2022/03/08 18:00:06","KB5012414-WindowsSV21H2-RTM-SafeOSDU-ARM64-TSL-World","200","6ede0cff-cc7f-474b-9947-eae172bf660f","5012414","","Critical Updates","e6cf1350-c01b-414d-a61f-263d14d133b4","Windows","Software",""
"2022-03 Dynamic Cumulative Update for Windows 11 for ARM64-based Systems (KB5011493)","Windows 11 GDR-DU","b6ea7c03-5339-4d45-a215-314a05fe37e0","2022/03/08 18:00:06","KB5011493-WindowsSV21H2-GDR-DU-RTM-UnifiedCumulativeSecurity-ARM64-TSL-World","200","e2132946-bb01-45cc-a3e9-cd751d4550f6","5011493","","Security Updates","0fa1201d-4330-4fa8-8ae9-b877473b6441","Windows","Software",""
"2022-03 Cumulative Update for Windows 11 for ARM64-based Systems (KB5011493)","Windows 11","72e7624a-5b00-45d2-b92f-e561c0a6a160","2022/03/08 18:00:06","KB5011493-WindowsSV21H2-RTM-UnifiedCumulativeSecurity-ARM64-TSL-World","200","6b52a199-45bf-40d2-abeb-522b05d51b25","5011493","","Security Updates","0fa1201d-4330-4fa8-8ae9-b877473b6441","Windows","Software",""
"2022-04 Cumulative Update for .NET Framework 3.5 and 4.8 for Windows 11 for ARM64 (KB5012121)","Windows 11","72e7624a-5b00-45d2-b92f-e561c0a6a160","2022/04/12 17:00:00","KB5012121-DotNetCumulative-SV-Client-arm64-Retail","200","a8a57f48-a069-4ef0-bbb9-60e0f02db052","5012121","","Security Updates","0fa1201d-4330-4fa8-8ae9-b877473b6441","Windows","Software",""
"2022-04 Cumulative Update for Windows 11 for ARM64-based Systems (KB5012592)","Windows 11","72e7624a-5b00-45d2-b92f-e561c0a6a160","2022/04/12 17:00:06","KB5012592-WindowsSV21H2-RTM-UnifiedCumulativeSecurity-ARM64-TSL-World","200","aa74e679-94ae-4abe-8240-c306b41962e4","5012592","","Security Updates","0fa1201d-4330-4fa8-8ae9-b877473b6441","Windows","Software",""
"2022-04 Dynamic Cumulative Update for Windows 11 for ARM64-based Systems (KB5012592)","Windows 11 GDR-DU","b6ea7c03-5339-4d45-a215-314a05fe37e0","2022/04/12 17:00:06","KB5012592-WindowsSV21H2-GDR-DU-RTM-UnifiedCumulativeSecurity-ARM64-TSL-World","200","31dcd1e8-f131-4402-9a69-d41171b9b82c","5012592","","Security Updates","0fa1201d-4330-4fa8-8ae9-b877473b6441","Windows","Software",""
"2022-03 Dynamic Update for Windows 11 for ARM64-based Systems (KB5011576)","Windows 11 Dynamic Update","ab1852d6-15fd-4bf0-acd1-d276a5ea82fb","2022/03/28 21:00:06","KB5011576-WindowsSV21H2-RTM-SetupDU-ARM64-TSL-World","202","2cd3aed0-21fd-451f-aae1-59e4d8297926","5011576","","Critical Updates","e6cf1350-c01b-414d-a61f-263d14d133b4","Windows","Software",""
"2022-03 Dynamic Update for Windows 11 for ARM64-based Systems (KB5011579)","Windows 11 Dynamic Update
Windows Safe OS Dynamic Update","ab1852d6-15fd-4bf0-acd1-d276a5ea82fb
dd1aa213-54e7-4173-8456-b278964a26b6","2022/03/28 21:00:06","KB5011579-WindowsSV21H2-RTM-SafeOSDU-ARM64-TSL-World","202","472b4bb6-f737-433e-ae0f-1050e8cf58f8","5011579","","Critical Updates","e6cf1350-c01b-414d-a61f-263d14d133b4","Windows","Software",""
"2022-05 Cumulative Update for .NET Framework 3.5 and 4.8 for Windows 11 for ARM64 (KB5013628)","Windows 11","72e7624a-5b00-45d2-b92f-e561c0a6a160","2022/05/10 17:00:00","KB5013628-DotNetCumulative-SV-Client-arm64-Retail","200","d2c0dd40-b088-4d57-a58d-9ac5d2500f7c","5013628","","Security Updates","0fa1201d-4330-4fa8-8ae9-b877473b6441","Windows","Software",""
"2022-04 Dynamic Update for Windows 11 for ARM64-based Systems (KB5012678)","Windows 11 Dynamic Update","ab1852d6-15fd-4bf0-acd1-d276a5ea82fb","2022/04/25 21:00:06","KB5012678-WindowsSV21H2-RTM-SetupDU-ARM64-TSL-World","202","caebb20f-8d6a-481d-9879-451be9037ac3","5012678","","Critical Updates","e6cf1350-c01b-414d-a61f-263d14d133b4","Windows","Software",""
"2022-05 Dynamic Cumulative Update for Windows 11 for ARM64-based Systems (KB5013943)","Windows 11 GDR-DU","b6ea7c03-5339-4d45-a215-314a05fe37e0","2022/05/10 17:00:06","KB5013943-WindowsSV21H2-GDR-DU-RTM-UnifiedCumulativeSecurity-ARM64-TSL-World","200","f180c405-aa2b-4b7d-99e6-0c38c8dad24a","5013943","","Security Updates","0fa1201d-4330-4fa8-8ae9-b877473b6441","Windows","Software",""
"2022-05 Cumulative Update for Windows 11 for ARM64-based Systems (KB5013943)","Windows 11","72e7624a-5b00-45d2-b92f-e561c0a6a160","2022/05/10 17:00:06","KB5013943-WindowsSV21H2-RTM-UnifiedCumulativeSecurity-ARM64-TSL-World","200","961099ac-ef7c-47ab-aacc-a4397e88fa4e","5013943","","Security Updates","0fa1201d-4330-4fa8-8ae9-b877473b6441","Windows","Software",""
"2022-05 Dynamic Update for Windows 11 for ARM64-based Systems (KB5014036)","Windows 11 Dynamic Update
Windows Safe OS Dynamic Update","ab1852d6-15fd-4bf0-acd1-d276a5ea82fb
dd1aa213-54e7-4173-8456-b278964a26b6","2022/05/24 21:00:06","KB5014036-WindowsSV21H2-RTM-SafeOSDU-ARM64-TSL-World","200","72e3e1d5-6e7a-42ca-9753-5b3f626a46fd","5014036","","Critical Updates","e6cf1350-c01b-414d-a61f-263d14d133b4","Windows","Software",""
"2022-05 Dynamic Update for Windows 11 for ARM64-based Systems (KB5014039)","Windows 11 Dynamic Update","ab1852d6-15fd-4bf0-acd1-d276a5ea82fb","2022/05/24 21:00:06","KB5014039-WindowsSV21H2-RTM-SetupDU-ARM64-TSL-World","200","c3ed194d-b658-4cf0-8519-12fb0082aca5","5014039","","Critical Updates","e6cf1350-c01b-414d-a61f-263d14d133b4","Windows","Software",""
"2022-06 Cumulative Update for .NET Framework 3.5 and 4.8 for Windows 11 for ARM64 (KB5013889)","Windows 11","72e7624a-5b00-45d2-b92f-e561c0a6a160","2022/06/14 17:00:00","KB5013889-DotNetCumulative-SV-Client-arm64-Retail","200","b3f76202-c73a-4dac-b45d-b54988eec484","5013889","","Updates","cd5ffd1e-e932-4e3a-bf74-18bf0b1bbd83","Windows","Software",""
"2022-06 Dynamic Cumulative Update for Windows 11 for ARM64-based Systems (KB5016138)","Windows 11 GDR-DU","b6ea7c03-5339-4d45-a215-314a05fe37e0","2022/06/20 21:00:06","KB5016138-WindowsSV21H2-GDR-DU-RTM-UnifiedCumulativeSecurity-ARM64-TSL-World","200","c282c4b5-ef6c-4fc8-b9c8-d3cf7db4fc54","5016138","","Security Updates","0fa1201d-4330-4fa8-8ae9-b877473b6441","Windows","Software",""
"2022-06 Dynamic Update for Windows 11 for ARM64-based Systems (KB5014675)","Windows 11 Dynamic Update","ab1852d6-15fd-4bf0-acd1-d276a5ea82fb","2022/06/23 21:00:06","KB5014675-WindowsSV21H2-RTM-SetupDU-ARM64-TSL-World","201","b2b0155b-2754-45e2-a081-c87d8eda419f","5014675","","Critical Updates","e6cf1350-c01b-414d-a61f-263d14d133b4","Windows","Software",""
"2022-06 Cumulative Update for Windows 11 for ARM64-based Systems (KB5016138)","Windows 11","72e7624a-5b00-45d2-b92f-e561c0a6a160","2022/06/20 21:00:06","KB5016138-WindowsSV21H2-RTM-UnifiedCumulativeSecurity-ARM64-TSL-World","200","e189006c-c7f9-415c-84d9-f1a42bdc7fff","5016138","","Security Updates","0fa1201d-4330-4fa8-8ae9-b877473b6441","Windows","Software",""
"2022-07 Cumulative Update for Windows 11 for ARM64-based Systems (KB5015814)","Windows 11","72e7624a-5b00-45d2-b92f-e561c0a6a160","2022/07/12 17:00:06","KB5015814-WindowsSV21H2-RTM-UnifiedCumulativeSecurity-ARM64-TSL-World","200","8a9d772e-71d7-456e-b944-c5955ed093eb","5015814","","Security Updates","0fa1201d-4330-4fa8-8ae9-b877473b6441","Windows","Software",""
"2022-06 Dynamic Update for Windows 11 for ARM64-based Systems (KB5015021)","Windows 11 Dynamic Update
Windows Safe OS Dynamic Update","ab1852d6-15fd-4bf0-acd1-d276a5ea82fb
dd1aa213-54e7-4173-8456-b278964a26b6","2022/06/23 21:00:06","KB5015021-WindowsSV21H2-RTM-SafeOSDU-ARM64-TSL-World","201","385a817b-95ee-40b7-b498-73939c73a44a","5015021","","Critical Updates","e6cf1350-c01b-414d-a61f-263d14d133b4","Windows","Software",""
"2022-08 Cumulative Update for Windows 11 for ARM64-based Systems (KB5016629)","Windows 11","72e7624a-5b00-45d2-b92f-e561c0a6a160","2022/08/09 17:00:06","KB5016629-WindowsSV21H2-RTM-UnifiedCumulativeSecurity-ARM64-TSL-World","200","904f81e7-7f2a-46e7-bbdf-f6d854a912e1","5016629","","Security Updates","0fa1201d-4330-4fa8-8ae9-b877473b6441","Windows","Software",""
"2022-08 Cumulative Update for .NET Framework 3.5 and 4.8 for Windows 11 for ARM64 (KB5015732)","Windows 11","72e7624a-5b00-45d2-b92f-e561c0a6a160","2022/08/09 17:00:00","KB5015732-DotNetCumulative-SV-Client-arm64-Retail","200","e28c55d0-0ff2-4fbb-add4-ce171f13346c","5015732","","Updates","cd5ffd1e-e932-4e3a-bf74-18bf0b1bbd83","Windows","Software",""
"2022-09 Cumulative Update for Windows 11 Version 22H2 for ARM64-based Systems (KB5017321)","Windows 11","72e7624a-5b00-45d2-b92f-e561c0a6a160","2022/09/20 17:00:06","KB5017321-Windows1122H2-RTM-UnifiedCumulativeSecurity-ARM64-TSL-World","201","ae155ec7-ba71-4b87-b15c-89f468bb97d5","5017321","","Security Updates","0fa1201d-4330-4fa8-8ae9-b877473b6441","Windows","Software",""
"Windows 11 (business editions), version 22H2 en-us arm64","Windows 11","72e7624a-5b00-45d2-b92f-e561c0a6a160","2022/09/20 17:00:00","","200","a1f45e2f-6ae7-4de2-b8cd-a1beff7af382","3012973","","Upgrades","3689bdc8-b205-4af4-8d4a-a63924c5e9d5","Windows","Software",""
"Windows 11 (business editions), version 22H2 ja-jp arm64","Windows 11","72e7624a-5b00-45d2-b92f-e561c0a6a160","2022/09/20 17:00:00","","200","5898636a-711b-41fb-8784-18f046f379ce","3012973","","Upgrades","3689bdc8-b205-4af4-8d4a-a63924c5e9d5","Windows","Software",""
"2022-09 Cumulative Update for .NET Framework 3.5, 4.8 and 4.8.1 for Windows 11 for ARM64 (KB5017497)","Windows 11","72e7624a-5b00-45d2-b92f-e561c0a6a160","2022/09/13 17:00:00","KB5017497-DotNetCumulative-SV-Client-arm64-Retail","200","8a02a045-970e-44c6-9fb0-84248c7f62cb","5017497","","Security Updates","0fa1201d-4330-4fa8-8ae9-b877473b6441","Windows","Software",""
"Windows 11 (business editions), version 22H2 en-gb arm64","Windows 11","72e7624a-5b00-45d2-b92f-e561c0a6a160","2022/09/20 17:00:00","","200","fae275a5-a950-417f-85bf-bb2a48427d2a","3012973","","Upgrades","3689bdc8-b205-4af4-8d4a-a63924c5e9d5","Windows","Software",""
"2022-09 Cumulative Update for Windows 11 for ARM64-based Systems (KB5017328)","Windows 11","72e7624a-5b00-45d2-b92f-e561c0a6a160","2022/09/13 17:00:06","KB5017328-WindowsSV21H2-RTM-UnifiedCumulativeSecurity-ARM64-TSL-World","200","282c23ed-75c0-450e-a6e1-55daf2c6e838","5017328","","Security Updates","0fa1201d-4330-4fa8-8ae9-b877473b6441","Windows","Software",""
"2022-10 Cumulative Update for Windows 11 for ARM64-based Systems (KB5018418)","Windows 11","72e7624a-5b00-45d2-b92f-e561c0a6a160","2022/10/11 17:00:06","KB5018418-WindowsSV21H2-RTM-UnifiedCumulativeSecurity-ARM64-TSL-World","200","b17abf81-0541-4b96-bb94-240f7255db4b","5018418","","Security Updates","0fa1201d-4330-4fa8-8ae9-b877473b6441","Windows","Software",""
"2022-10 Cumulative Update for .NET Framework 3.5 and 4.8.1 for Windows 11, version 22H2 for ARM64 (KB5017271)","Windows 11","72e7624a-5b00-45d2-b92f-e561c0a6a160","2022/10/11 17:00:00","KB5017271-DotNetCumulative-SV2-Client-arm64-Retail","200","569cc18a-5931-4ee2-9217-db9a2766ff0e","5017271","","Security Updates","0fa1201d-4330-4fa8-8ae9-b877473b6441","Windows","Software",""
"2022-10 Cumulative Update for Windows 11 Version 22H2 for ARM64-based Systems (KB5018427)","Windows 11","72e7624a-5b00-45d2-b92f-e561c0a6a160","2022/10/11 17:00:06","KB5018427-Windows1122H2-RTM-UnifiedCumulativeSecurity-ARM64-TSL-World","200","499d6579-07f7-4779-91d9-5e4d3a53d782","5018427","","Security Updates","0fa1201d-4330-4fa8-8ae9-b877473b6441","Windows","Software",""
"2022-10 Cumulative Update for .NET Framework 3.5, 4.8 and 4.8.1 for Windows 11 for ARM64 (KB5018546)","Windows 11","72e7624a-5b00-45d2-b92f-e561c0a6a160","2022/10/11 17:00:00","KB5018546-DotNetCumulative-SV-Client-arm64-Retail","200","53c4ad12-eb9d-4060-8f51-898b1d9a71b2","5018546","","Updates","cd5ffd1e-e932-4e3a-bf74-18bf0b1bbd83","Windows","Software",""
"2022-11 Cumulative Update for Windows 11 for ARM64-based Systems (KB5019961)","Windows 11","72e7624a-5b00-45d2-b92f-e561c0a6a160","2022/11/08 18:00:06","KB5019961-WindowsSV21H2-RTM-UnifiedCumulativeSecurity-ARM64-TSL-World","200","bf8c8b59-49fe-4ae3-a566-690c70283e95","5019961","","Security Updates","0fa1201d-4330-4fa8-8ae9-b877473b6441","Windows","Software",""
"2022-11 Cumulative Update for .NET Framework 3.5, 4.8 and 4.8.1 for Windows 11 for ARM64 (KB5020695)","Windows 11","72e7624a-5b00-45d2-b92f-e561c0a6a160","2022/11/08 18:00:00","KB5020695-DotNetCumulative-SV-Client-arm64-Retail","200","99bc9a0f-f8a2-4580-8824-eacfd61f3954","5020695","","Security Updates","0fa1201d-4330-4fa8-8ae9-b877473b6441","Windows","Software",""
"2022-11 Cumulative Update for .NET Framework 3.5 and 4.8.1 for Windows 11, version 22H2 for ARM64 (KB5020622)","Windows 11","72e7624a-5b00-45d2-b92f-e561c0a6a160","2022/11/08 18:00:00","KB5020622-DotNetCumulative-SV2-Client-arm64-Retail","200","29fa0a7b-1372-4a54-9722-0b71fe169373","5020622","","Security Updates","0fa1201d-4330-4fa8-8ae9-b877473b6441","Windows","Software",""
"2022-11 Cumulative Update for Windows 11 Version 22H2 for ARM64-based Systems (KB5019980)","Windows 11","72e7624a-5b00-45d2-b92f-e561c0a6a160","2022/11/08 18:00:06","KB5019980-Windows1122H2-RTM-UnifiedCumulativeSecurity-ARM64-TSL-World","200","ec2e5240-289d-4e86-9f10-4f9364401e79","5019980","","Security Updates","0fa1201d-4330-4fa8-8ae9-b877473b6441","Windows","Software",""
"2022-12 Cumulative Update for .NET Framework 3.5 and 4.8.1 for Windows 11, version 22H2 for ARM64 (KB5020880)","Windows 11","72e7624a-5b00-45d2-b92f-e561c0a6a160","2022/12/13 18:00:00","KB5020880-DotNetCumulative-SV2-Client-arm64-Retail","200","18ff2614-485b-4c57-a2f6-4d3ef19b51a4","5020880","","Security Updates","0fa1201d-4330-4fa8-8ae9-b877473b6441","Windows","Software",""
"2023-01 Cumulative Update for Windows 11 Version 22H2 for ARM64-based Systems (KB5022303)","Windows 11","72e7624a-5b00-45d2-b92f-e561c0a6a160","2023/01/10 18:00:06","KB5022303-Windows1122H2-RTM-UnifiedCumulativeSecurity-ARM64-TSL-World","200","88e5fb53-4aba-4053-9969-ab3d81cc9031","5022303","","Security Updates","0fa1201d-4330-4fa8-8ae9-b877473b6441","Windows","Software",""
"2023-01 Cumulative Update for Windows 11 for ARM64-based Systems (KB5022287)","Windows 11","72e7624a-5b00-45d2-b92f-e561c0a6a160","2023/01/10 18:00:06","KB5022287-WindowsSV21H2-RTM-UnifiedCumulativeSecurity-ARM64-TSL-World","200","c28a1c74-88d8-43ff-bf44-2c68d1c8c99c","5022287","","Security Updates","0fa1201d-4330-4fa8-8ae9-b877473b6441","Windows","Software",""
"2022-12 Cumulative Update for Windows 11 Version 22H2 for ARM64-based Systems (KB5021255)","Windows 11","72e7624a-5b00-45d2-b92f-e561c0a6a160","2022/12/13 18:00:06","KB5021255-Windows1122H2-RTM-UnifiedCumulativeSecurity-ARM64-TSL-World","200","ac8b7073-cc02-4465-ba77-d253a43d4395","5021255","","Security Updates","0fa1201d-4330-4fa8-8ae9-b877473b6441","Windows","Software",""
"2022-12 Cumulative Update for .NET Framework 3.5, 4.8 and 4.8.1 for Windows 11 for ARM64 (KB5021090)","Windows 11","72e7624a-5b00-45d2-b92f-e561c0a6a160","2022/12/13 18:00:00","KB5021090-DotNetCumulative-SV-Client-arm64-Retail","200","3fee1686-75d4-4956-a376-89a7b4bccd1e","5021090","","Security Updates","0fa1201d-4330-4fa8-8ae9-b877473b6441","Windows","Software",""
"2022-12 Cumulative Update for Windows 11 for ARM64-based Systems (KB5021234)","Windows 11","72e7624a-5b00-45d2-b92f-e561c0a6a160","2022/12/13 18:00:06","KB5021234-WindowsSV21H2-RTM-UnifiedCumulativeSecurity-ARM64-TSL-World","200","ae2375c2-3992-41cf-900f-fe5986759c87","5021234","","Security Updates","0fa1201d-4330-4fa8-8ae9-b877473b6441","Windows","Software",""
"2023-02 Cumulative Update for .NET Framework 3.5 and 4.8.1 for Windows 11, version 22H2 for ARM64 (KB5022497)","Windows 11","72e7624a-5b00-45d2-b92f-e561c0a6a160","2023/02/14 18:00:00","KB5022497-DotNetCumulative-SV2-Client-arm64-Retail","200","91fd5e7b-cffa-4048-a7a2-ddc15171d675","5022497","","Security Updates","0fa1201d-4330-4fa8-8ae9-b877473b6441","Windows","Software",""
"2023-02 Cumulative Update for Windows 11 Version 22H2 for ARM64-based Systems (KB5022845)","Windows 11","72e7624a-5b00-45d2-b92f-e561c0a6a160","2023/02/14 18:00:06","KB5022845-Windows1122H2-RTM-UnifiedCumulativeSecurity-ARM64-TSL-World","200","03c50ef0-7af0-48f5-9717-46780b978196","5022845","","Security Updates","0fa1201d-4330-4fa8-8ae9-b877473b6441","Windows","Software",""
"2023-02 Cumulative Update for .NET Framework 3.5, 4.8 and 4.8.1 for Windows 11 for ARM64 (KB5022730)","Windows 11","72e7624a-5b00-45d2-b92f-e561c0a6a160","2023/02/14 18:00:00","KB5022730-DotNetCumulative-SV-Client-arm64-Retail","201","dbbead7d-e0c1-414c-b11d-566478de1f16","5022730","","Security Updates","0fa1201d-4330-4fa8-8ae9-b877473b6441","Windows","Software",""
"2023-02 Cumulative Update for Windows 11 for ARM64-based Systems (KB5022836)","Windows 11","72e7624a-5b00-45d2-b92f-e561c0a6a160","2023/02/14 18:00:06","KB5022836-WindowsSV21H2-RTM-UnifiedCumulativeSecurity-ARM64-TSL-World","200","6f590e62-23fc-406a-a2e5-e8366d503d30","5022836","","Security Updates","0fa1201d-4330-4fa8-8ae9-b877473b6441","Windows","Software",""
"2023-03 Cumulative Update for Windows 11 for ARM64-based Systems (KB5023698)","Windows 11","72e7624a-5b00-45d2-b92f-e561c0a6a160","2023/03/14 17:00:06","KB5023698-WindowsSV21H2-RTM-UnifiedCumulativeSecurity-ARM64-TSL-World","200","f3373cc5-8e62-440c-93e8-88fa776b23e8","5023698","","Security Updates","0fa1201d-4330-4fa8-8ae9-b877473b6441","Windows","Software",""
"2023-03 Cumulative Update for Windows 11 Version 22H2 for ARM64-based Systems (KB5023706)","Windows 11","72e7624a-5b00-45d2-b92f-e561c0a6a160","2023/03/14 17:00:06","KB5023706-Windows1122H2-RTM-UnifiedCumulativeSecurity-ARM64-TSL-World","200","96d58654-fcf7-4f3c-b6c5-92005e1e666e","5023706","","Security Updates","0fa1201d-4330-4fa8-8ae9-b877473b6441","Windows","Software",""
"2023-03 Cumulative Update for Windows 11 Version 22H2 for arm64-based Systems (KB5023706)","Windows 11","72e7624a-5b00-45d2-b92f-e561c0a6a160","2023/03/28 17:00:01","UUPv1","100","af063010-5300-4de6-aa59-a2865fc63d45","5023706","","Security Updates","0fa1201d-4330-4fa8-8ae9-b877473b6441","Windows","Software",""
"Windows 11, version 22H2 arm64 2023-03B","Windows 11","72e7624a-5b00-45d2-b92f-e561c0a6a160","2023/03/28 17:00:01","UUPv1","100","e6abd7d2-b14d-4ce9-8f26-e9c59fd2671b","5023706","","Upgrades","3689bdc8-b205-4af4-8d4a-a63924c5e9d5","Windows","Software",""
"2023-04 Cumulative Update for Windows 11 for ARM64-based Systems (KB5025224)","Windows 11","72e7624a-5b00-45d2-b92f-e561c0a6a160","2023/04/11 17:00:06","KB5025224-WindowsSV21H2-RTM-UnifiedCumulativeSecurity-ARM64-TSL-World","200","bd8ed57a-f27c-47fc-a57b-8e2eabf7fa65","5025224","","Security Updates","0fa1201d-4330-4fa8-8ae9-b877473b6441","Windows","Software",""
"Windows 11, version 22H2 arm64 2023-04B","Windows 11","72e7624a-5b00-45d2-b92f-e561c0a6a160","2023/04/11 17:00:00","UUPv1","100","547891de-a365-4055-ab46-cf15e8cdb61b","5025239","","Upgrades","3689bdc8-b205-4af4-8d4a-a63924c5e9d5","Windows","Software",""
"2023-04 Cumulative Update for Windows 11 Version 22H2 for arm64-based Systems (KB5025239)","Windows 11","72e7624a-5b00-45d2-b92f-e561c0a6a160","2023/04/11 17:00:00","UUPv1","100","f107107d-b578-4cce-8fdc-6ec036ebc331","5025239","","Security Updates","0fa1201d-4330-4fa8-8ae9-b877473b6441","Windows","Software",""
"2022-08 Security Update for Windows 11 for ARM64-based Systems (KB5012170)","Windows 11","72e7624a-5b00-45d2-b92f-e561c0a6a160","2022/08/09 17:00:13","KB5012170-WindowsSV21H2-RTM-StandaloneSecurity-ARM64-TSL-World","205","2152cfac-5d21-4de1-bfc4-ace50cfd6cdd","5012170","","Security Updates","0fa1201d-4330-4fa8-8ae9-b877473b6441","Windows","Software",""
"Windows 11, version 22H2 arm64 2023-05B","Windows 11","72e7624a-5b00-45d2-b92f-e561c0a6a160","2023/05/09 17:00:00","UUPv1","100","19af09f2-5586-4d40-8974-adcf37fcd0a2","5026372","","Upgrades","3689bdc8-b205-4af4-8d4a-a63924c5e9d5","Windows","Software",""
"2023-05 Cumulative Update for Windows 11 Version 22H2 for arm64-based Systems (KB5026372)","Windows 11","72e7624a-5b00-45d2-b92f-e561c0a6a160","2023/05/09 17:00:00","UUPv1","100","6ddac655-9ea8-42a8-98c4-7e05050c9df8","5026372","","Security Updates","0fa1201d-4330-4fa8-8ae9-b877473b6441","Windows","Software",""
"2023-05 Cumulative Update for Windows 11 for ARM64-based Systems (KB5026368)","Windows 11","72e7624a-5b00-45d2-b92f-e561c0a6a160","2023/05/09 17:00:06","KB5026368-WindowsSV21H2-RTM-UnifiedCumulativeSecurity-ARM64-TSL-World","200","daf792ce-9730-48a7-a283-6e49c538f487","5026368","","Security Updates","0fa1201d-4330-4fa8-8ae9-b877473b6441","Windows","Software",""
"2023-06 Cumulative Update for .NET Framework 3.5 and 4.8.1 for Windows 11, version 22H2 for ARM64 (KB5027119)","Windows 11","72e7624a-5b00-45d2-b92f-e561c0a6a160","2023/06/13 17:00:00","KB5027119-DotNetCumulative-SV2-Client-arm64-Retail","200","d4136ef6-df0e-43c0-9b2a-23e0a7201abe","5027119","","Security Updates","0fa1201d-4330-4fa8-8ae9-b877473b6441","Windows","Software",""
"Windows 11, version 22H2 arm64 2023-06B","Windows 11","72e7624a-5b00-45d2-b92f-e561c0a6a160","2023/06/13 17:00:00","UUPv1","100","eec5e72a-ecf6-48d5-9ff4-1e127eb51107","5027231","","Upgrades","3689bdc8-b205-4af4-8d4a-a63924c5e9d5","Windows","Software",""
"2023-06 Cumulative Update for .NET Framework 3.5, 4.8 and 4.8.1 for Windows 11 for ARM64 (KB5027539)","Windows 11","72e7624a-5b00-45d2-b92f-e561c0a6a160","2023/06/13 17:00:00","KB5027539-DotNetCumulative-SV-Client-arm64-Retail","200","4abaecd4-b8c0-4af8-80d5-172344e257df","5027539","","Security Updates","0fa1201d-4330-4fa8-8ae9-b877473b6441","Windows","Software",""
"2023-06 Cumulative Update for Windows 11 Version 22H2 for arm64-based Systems (KB5027231)","Windows 11","72e7624a-5b00-45d2-b92f-e561c0a6a160","2023/06/13 17:00:00","UUPv1","100","5a6b8b70-af1c-46f3-b412-3e590564b553","5027231","","Security Updates","0fa1201d-4330-4fa8-8ae9-b877473b6441","Windows","Software",""
"2023-06 Cumulative Update for Windows 11 for ARM64-based Systems (KB5027223)","Windows 11","72e7624a-5b00-45d2-b92f-e561c0a6a160","2023/06/13 17:00:06","KB5027223-WindowsSV21H2-RTM-UnifiedCumulativeSecurity-ARM64-TSL-World","200","21800d57-cca1-4e19-99db-2f9e9190d24a","5027223","","Security Updates","0fa1201d-4330-4fa8-8ae9-b877473b6441","Windows","Software",""
"2023-07 Cumulative Update for .NET Framework 3.5 and 4.8.1 for Windows 11, version 22H2 for ARM64 (KB5028851)","Windows 11","72e7624a-5b00-45d2-b92f-e561c0a6a160","2023/07/11 17:00:00","KB5028851-DotNetCumulative-SV2-Client-arm64-Retail","200","ef76cb3b-c867-41b3-a7a2-b087e7573539","5028851","","Updates","cd5ffd1e-e932-4e3a-bf74-18bf0b1bbd83","Windows","Software",""
"2023-07 Cumulative Update for .NET Framework 3.5, 4.8 and 4.8.1 for Windows 11 for ARM64 (KB5028938)","Windows 11","72e7624a-5b00-45d2-b92f-e561c0a6a160","2023/07/11 17:00:00","KB5028938-DotNetCumulative-SV-Client-arm64-Retail","200","c9a3b2ea-7457-467f-9da8-5e8bff913bf7","5028938","","Updates","cd5ffd1e-e932-4e3a-bf74-18bf0b1bbd83","Windows","Software",""
"2023-07 Cumulative Update for Windows 11 Version 22H2 for arm64-based Systems (KB5028185)","Windows 11","72e7624a-5b00-45d2-b92f-e561c0a6a160","2023/07/11 17:00:00","UUPv1","100","cd88cf5a-686b-451a-914d-f13303a07a1f","5028185","","Security Updates","0fa1201d-4330-4fa8-8ae9-b877473b6441","Windows","Software",""
"Windows 11, version 22H2 arm64 2023-07B","Windows 11","72e7624a-5b00-45d2-b92f-e561c0a6a160","2023/07/11 17:00:00","UUPv1","100","d4f0e553-4990-49ae-956f-91435fd4d1f7","5028185","","Upgrades","3689bdc8-b205-4af4-8d4a-a63924c5e9d5","Windows","Software",""
"2023-07 Cumulative Update for Windows 11 for ARM64-based Systems (KB5028182)","Windows 11","72e7624a-5b00-45d2-b92f-e561c0a6a160","2023/07/11 17:00:06","KB5028182-WindowsSV21H2-RTM-UnifiedCumulativeSecurity-ARM64-TSL-World","200","13d9fd4a-be28-47a8-bd35-52d559dd6583","5028182","","Security Updates","0fa1201d-4330-4fa8-8ae9-b877473b6441","Windows","Software",""
"2023-08 Cumulative Update for .NET Framework 3.5 and 4.8.1 for Windows 11, version 22H2 for ARM64 (KB5028948)","Windows 11","72e7624a-5b00-45d2-b92f-e561c0a6a160","2023/08/08 17:00:00","KB5028948-DotNetCumulative-SV2-Client-arm64-Retail","200","7fd1fae6-fe89-4876-b0fd-4cf44fbdd282","5028948","","Security Updates","0fa1201d-4330-4fa8-8ae9-b877473b6441","Windows","Software",""
"2023-08 Cumulative Update for .NET Framework 3.5, 4.8 and 4.8.1 for Windows 11 for ARM64 (KB5029650)","Windows 11","72e7624a-5b00-45d2-b92f-e561c0a6a160","2023/08/08 17:00:00","KB5029650-DotNetCumulative-SV-Client-arm64-Retail","200","4f4f1d41-9fad-490b-9ce3-c2e77a97728f","5029650","","Security Updates","0fa1201d-4330-4fa8-8ae9-b877473b6441","Windows","Software",""
"2023-08 Cumulative Update for Windows 11 Version 22H2 for arm64-based Systems (KB5029263)","Windows 11","72e7624a-5b00-45d2-b92f-e561c0a6a160","2023/08/08 17:00:00","UUPv1","100","3f42ebf7-80ba-4c2f-aefb-7a0bb7fc213f","5029263","","Security Updates","0fa1201d-4330-4fa8-8ae9-b877473b6441","Windows","Software",""
"Windows 11, version 22H2 arm64 2023-08B","Windows 11","72e7624a-5b00-45d2-b92f-e561c0a6a160","2023/08/08 17:00:00","UUPv1","100","b4aad7a4-28a7-48a0-a453-5d03c376a607","5029263","","Upgrades","3689bdc8-b205-4af4-8d4a-a63924c5e9d5","Windows","Software",""
"2023-08 Cumulative Update for Windows 11 for ARM64-based Systems (KB5029253)","Windows 11","72e7624a-5b00-45d2-b92f-e561c0a6a160","2023/08/08 17:00:06","KB5029253-WindowsSV21H2-RTM-UnifiedCumulativeSecurity-ARM64-TSL-World","200","da607974-01aa-45ec-8393-6f4ae0c8182c","5029253","","Security Updates","0fa1201d-4330-4fa8-8ae9-b877473b6441","Windows","Software",""
"2023-09 Cumulative Update for Windows 11 Version 22H2 for arm64-based Systems (KB5030219)","Windows 11","72e7624a-5b00-45d2-b92f-e561c0a6a160","2023/09/12 17:00:00","UUPv1","100","c3f31619-82e4-48c7-b558-633edc10dd09","5030219","","Security Updates","0fa1201d-4330-4fa8-8ae9-b877473b6441","Windows","Software",""
"2023-09 Cumulative Update for .NET Framework 3.5 and 4.8.1 for Windows 11, version 22H2 for ARM64 (KB5031217)","Windows 11","72e7624a-5b00-45d2-b92f-e561c0a6a160","2023/09/12 17:00:00","KB5031217-DotNetCumulative-SV2-Client-arm64-Retail","200","d06d27cd-6fce-48a1-a4fa-311486a005fa","5031217","","Security Updates","0fa1201d-4330-4fa8-8ae9-b877473b6441","Windows","Software",""
"2023-09 Cumulative Update for .NET Framework 3.5, 4.8 and 4.8.1 for Windows 11 for ARM64 (KB5030181)","Windows 11","72e7624a-5b00-45d2-b92f-e561c0a6a160","2023/09/12 17:00:00","KB5030181-DotNetCumulative-SV-Client-arm64-Retail","200","7d3af5eb-90d4-4fa2-a232-334826524fd1","5030181","","Security Updates","0fa1201d-4330-4fa8-8ae9-b877473b6441","Windows","Software",""
"2023-09 Cumulative Update for Windows 11 for ARM64-based Systems (KB5030217)","Windows 11","72e7624a-5b00-45d2-b92f-e561c0a6a160","2023/09/12 17:00:06","KB5030217-WindowsSV21H2-RTM-UnifiedCumulativeSecurity-ARM64-TSL-World","200","89085a9c-9f33-4335-8ab4-b851ca537611","5030217","","Security Updates","0fa1201d-4330-4fa8-8ae9-b877473b6441","Windows","Software",""
"Windows 11, version 22H2 arm64 2023-09B","Windows 11","72e7624a-5b00-45d2-b92f-e561c0a6a160","2023/09/12 17:00:00","UUPv1","100","b39bdc2d-1ef8-411d-8173-950a04cac913","5030219","","Upgrades","3689bdc8-b205-4af4-8d4a-a63924c5e9d5","Windows","Software",""
"2023-10 Cumulative Update for .NET Framework 3.5 and 4.8.1 for Windows 11, version 22H2 for ARM64 (KB5031323)","Windows 11","72e7624a-5b00-45d2-b92f-e561c0a6a160","2023/10/10 17:00:00","KB5031323-DotNetCumulative-SV2-Client-arm64-Retail","200","cd465a33-0cf3-419b-a8ea-42ed19382e2e","5031323","","Updates","cd5ffd1e-e932-4e3a-bf74-18bf0b1bbd83","Windows","Software",""
"2023-10 Cumulative Update for Windows 11 Version 22H2 for arm64-based Systems (KB5031354)","Windows 11","72e7624a-5b00-45d2-b92f-e561c0a6a160","2023/10/10 17:00:00","UUPv1","100","64e2498e-b45b-4329-89c9-2f1d59f4151e","5031354","","Security Updates","0fa1201d-4330-4fa8-8ae9-b877473b6441","Windows","Software",""
"2023-10 Cumulative Update for .NET Framework 3.5, 4.8 and 4.8.1 for Windows 11 for ARM64 (KB5031225)","Windows 11","72e7624a-5b00-45d2-b92f-e561c0a6a160","2023/10/10 17:00:00","KB5031225-DotNetCumulative-SV-Client-arm64-Retail","200","0505c862-79e3-4cf8-8c92-26fbc17a6624","5031225","","Updates","cd5ffd1e-e932-4e3a-bf74-18bf0b1bbd83","Windows","Software",""
"Windows 11, version 22H2 arm64 2023-10B","Windows 11","72e7624a-5b00-45d2-b92f-e561c0a6a160","2023/10/10 17:00:00","UUPv1","100","ca50fe2e-3bcb-4a86-8494-5c0f2fce6dca","5031354","","Upgrades","3689bdc8-b205-4af4-8d4a-a63924c5e9d5","Windows","Software",""
"2023-10 Cumulative Update for Windows 11 for ARM64-based Systems (KB5031358)","Windows 11","72e7624a-5b00-45d2-b92f-e561c0a6a160","2023/10/10 17:00:06","KB5031358-WindowsSV21H2-RTM-UnifiedCumulativeSecurity-ARM64-TSL-World","200","408db5fe-6dce-4027-8843-5477150af03b","5031358","","Security Updates","0fa1201d-4330-4fa8-8ae9-b877473b6441","Windows","Software",""
"Windows 11, version 23H2 arm64 2023-10B","Windows 11","72e7624a-5b00-45d2-b92f-e561c0a6a160","2023/10/31 17:00:00","UUPv1","100","9b9192a3-0b42-4f61-9afb-d116e72b298f","5031354","","Upgrades","3689bdc8-b205-4af4-8d4a-a63924c5e9d5","Windows","Software",""
"2023-10 Cumulative Update for Windows 11 Version 23H2 for arm64-based Systems (KB5031354)","Windows 11","72e7624a-5b00-45d2-b92f-e561c0a6a160","2023/10/31 17:00:00","UUPv1","100","316793b5-b889-454e-87d4-8acecbd179e5","5031354","","Security Updates","0fa1201d-4330-4fa8-8ae9-b877473b6441","Windows","Software",""
"2023-09 Cumulative Update for .NET Framework 3.5 and 4.8.1 for Windows 11, version 23H2 for ARM64 (KB5031086)","Windows 11","72e7624a-5b00-45d2-b92f-e561c0a6a160","2023/10/10 17:00:00","KB5031086-DotNetCumulative-SV3-Client-arm64-Retail","202","0e302da8-1d33-4a40-8f84-38f1b00600dc","5031086","","Security Updates","0fa1201d-4330-4fa8-8ae9-b877473b6441","Windows","Software",""
"2023-10 Cumulative Update for .NET Framework 3.5 and 4.8.1 for Windows 11, version 23H2 for ARM64 (KB5031324)","Windows 11","72e7624a-5b00-45d2-b92f-e561c0a6a160","2023/10/10 17:00:00","KB5031324-DotNetCumulative-SV3-Client-arm64-Retail","202","fcfda6a7-6802-4772-92eb-4bcd50659978","5031324","","Updates","cd5ffd1e-e932-4e3a-bf74-18bf0b1bbd83","Windows","Software",""
"2023-11 Cumulative Update for Windows 11 Version 22H2 for arm64-based Systems (KB5032190)","Windows 11","72e7624a-5b00-45d2-b92f-e561c0a6a160","2023/11/14 18:00:00","UUPv1","100","283849a9-0f54-408e-be7c-12449ee8760f","5032190","","Security Updates","0fa1201d-4330-4fa8-8ae9-b877473b6441","Windows","Software",""
"2023-11 Cumulative Update for .NET Framework 3.5 and 4.8.1 for Windows 11, version 23H2 for ARM64 (KB5032007)","Windows 11","72e7624a-5b00-45d2-b92f-e561c0a6a160","2023/11/14 18:00:00","KB5032007-DotNetCumulative-SV3-Client-arm64-Retail","200","7480fdf9-ad53-4ecb-93ec-d420991451a6","5032007","","Security Updates","0fa1201d-4330-4fa8-8ae9-b877473b6441","Windows","Software",""
"2023-11 Cumulative Update for Windows 11 Version 23H2 for arm64-based Systems (KB5032190)","Windows 11","72e7624a-5b00-45d2-b92f-e561c0a6a160","2023/11/14 18:00:00","UUPv1","100","c9146e16-af63-46e7-9e7c-1c4a0a786705","5032190","","Security Updates","0fa1201d-4330-4fa8-8ae9-b877473b6441","Windows","Software",""
"2023-11 Cumulative Update for .NET Framework 3.5, 4.8 and 4.8.1 for Windows 11 for ARM64 (KB5032340)","Windows 11","72e7624a-5b00-45d2-b92f-e561c0a6a160","2023/11/14 18:00:00","KB5032340-DotNetCumulative-SV-Client-arm64-Retail","201","13bae372-10f6-4069-aade-717f174ebc5d","5032340","","Security Updates","0fa1201d-4330-4fa8-8ae9-b877473b6441","Windows","Software",""
"2023-11 Cumulative Update for .NET Framework 3.5 and 4.8.1 for Windows 11, version 22H2 for ARM64 (KB5032007)","Windows 11","72e7624a-5b00-45d2-b92f-e561c0a6a160","2023/11/14 18:00:00","KB5032007-DotNetCumulative-SV2-Client-arm64-Retail","200","1e747a5d-bf63-4266-8b5d-3b5aa5182f75","5032007","","Security Updates","0fa1201d-4330-4fa8-8ae9-b877473b6441","Windows","Software",""
"Windows 11, version 22H2 arm64 2023-11B","Windows 11","72e7624a-5b00-45d2-b92f-e561c0a6a160","2023/11/14 18:00:00","UUPv1","100","09a81b93-86a5-4fa1-8300-ca46b862ed66","5032190","","Upgrades","3689bdc8-b205-4af4-8d4a-a63924c5e9d5","Windows","Software",""
"Windows 11, version 23H2 arm64 2023-11B","Windows 11","72e7624a-5b00-45d2-b92f-e561c0a6a160","2023/11/14 18:00:00","UUPv1","100","6589515a-0bcb-46e9-be52-0fe164a8b9d2","5032190","","Upgrades","3689bdc8-b205-4af4-8d4a-a63924c5e9d5","Windows","Software",""
"2023-11 Cumulative Update for Windows 11 for ARM64-based Systems (KB5032192)","Windows 11","72e7624a-5b00-45d2-b92f-e561c0a6a160","2023/11/14 18:00:06","KB5032192-WindowsSV21H2-RTM-UnifiedCumulativeSecurity-ARM64-TSL-World","200","4503bb1d-c47b-49c8-b5c6-883f6cfa146e","5032192","","Security Updates","0fa1201d-4330-4fa8-8ae9-b877473b6441","Windows","Software",""
"2023-12 Cumulative Update for Windows 11 Version 23H2 for arm64-based Systems (KB5033375)","Windows 11","72e7624a-5b00-45d2-b92f-e561c0a6a160","2023/12/12 18:00:00","UUPv1","100","2b263bc6-96c3-4542-b334-1a16453a3774","5033375","","Security Updates","0fa1201d-4330-4fa8-8ae9-b877473b6441","Windows","Software",""
"Windows 11, version 23H2 arm64 2023-12B","Windows 11","72e7624a-5b00-45d2-b92f-e561c0a6a160","2023/12/12 18:00:00","UUPv1","100","7150bd78-0100-4b97-8fd8-6bc70ac19c01","5033375","","Upgrades","3689bdc8-b205-4af4-8d4a-a63924c5e9d5","Windows","Software",""
"2023-12 Cumulative Update for Windows 11 Version 22H2 for arm64-based Systems (KB5033375)","Windows 11","72e7624a-5b00-45d2-b92f-e561c0a6a160","2023/12/12 18:00:00","UUPv1","100","2647b5a9-6acb-4122-8575-ab8ea1b7e032","5033375","","Security Updates","0fa1201d-4330-4fa8-8ae9-b877473b6441","Windows","Software",""
"Windows 11, version 22H2 arm64 2023-12B","Windows 11","72e7624a-5b00-45d2-b92f-e561c0a6a160","2023/12/12 18:00:00","UUPv1","100","d113d4b4-60b9-403d-a525-319b1b23e6bf","5033375","","Upgrades","3689bdc8-b205-4af4-8d4a-a63924c5e9d5","Windows","Software",""
"2023-12 Cumulative Update for Windows 11 for ARM64-based Systems (KB5033369)","Windows 11","72e7624a-5b00-45d2-b92f-e561c0a6a160","2023/12/12 18:00:06","KB5033369-WindowsSV21H2-RTM-UnifiedCumulativeSecurity-ARM64-TSL-World","200","d0a66064-f22b-4046-98a4-9b046582107c","5033369","","Security Updates","0fa1201d-4330-4fa8-8ae9-b877473b6441","Windows","Software",""
"2024-01 Cumulative Update for Windows 11 Version 23H2 for arm64-based Systems (KB5034123)","Windows 11","72e7624a-5b00-45d2-b92f-e561c0a6a160","2024/01/09 18:00:00","UUPv1","100","f8a92be4-e48a-46d0-8fd5-f8657f575608","5034123","","Security Updates","0fa1201d-4330-4fa8-8ae9-b877473b6441","Windows","Software",""
"2024-01 Cumulative Update for Windows 11 Version 22H2 for arm64-based Systems (KB5034123)","Windows 11","72e7624a-5b00-45d2-b92f-e561c0a6a160","2024/01/09 18:00:00","UUPv1","100","70f7bede-326f-4d78-bfb3-6e71ce1892df","5034123","","Security Updates","0fa1201d-4330-4fa8-8ae9-b877473b6441","Windows","Software",""
"2024-01 Cumulative Update for .NET Framework 3.5 and 4.8.1 for Windows 11, version 22H2 for ARM64 (KB5033920)","Windows 11","72e7624a-5b00-45d2-b92f-e561c0a6a160","2024/01/09 18:00:00","KB5033920-DotNetCumulative-SV2-Client-arm64-Retail","200","8fd82908-1110-4da1-90ea-5f2613b927a4","5033920","","Security Updates","0fa1201d-4330-4fa8-8ae9-b877473b6441","Windows","Software",""
"2024-01 Cumulative Update for .NET Framework 3.5 and 4.8.1 for Windows 11, version 23H2 for ARM64 (KB5033920)","Windows 11","72e7624a-5b00-45d2-b92f-e561c0a6a160","2024/01/09 18:00:00","KB5033920-DotNetCumulative-SV3-Client-arm64-Retail","200","c0c282ce-fd8b-45c1-a824-28e6ba456a00","5033920","","Security Updates","0fa1201d-4330-4fa8-8ae9-b877473b6441","Windows","Software",""
"2024-01 Cumulative Update for .NET Framework 3.5, 4.8 and 4.8.1 for Windows 11 for ARM64 (KB5034276)","Windows 11","72e7624a-5b00-45d2-b92f-e561c0a6a160","2024/01/09 18:00:00","KB5034276-DotNetCumulative-SV-Client-arm64-Retail","200","cc105bbd-832b-4403-ab7a-751c3ab7e677","5034276","","Security Updates","0fa1201d-4330-4fa8-8ae9-b877473b6441","Windows","Software",""
"Windows 11, version 23H2 arm64 2024-01B","Windows 11","72e7624a-5b00-45d2-b92f-e561c0a6a160","2024/01/09 18:00:00","UUPv1","100","82224c99-a98c-48bb-9d99-88a8bbb44605","5034123","","Upgrades","3689bdc8-b205-4af4-8d4a-a63924c5e9d5","Windows","Software",""
"Windows 11, version 22H2 arm64 2024-01B","Windows 11","72e7624a-5b00-45d2-b92f-e561c0a6a160","2024/01/09 18:00:00","UUPv1","100","5a69563e-01f0-47dd-a61e-99e5ae89756c","5034123","","Upgrades","3689bdc8-b205-4af4-8d4a-a63924c5e9d5","Windows","Software",""
"2024-01 Cumulative Update for Windows 11 for ARM64-based Systems (KB5034121)","Windows 11","72e7624a-5b00-45d2-b92f-e561c0a6a160","2024/01/09 18:00:06","KB5034121-WindowsSV21H2-RTM-UnifiedCumulativeSecurity-ARM64-TSL-World","200","f2225a86-ef39-440c-a755-583c0ff4f556","5034121","","Security Updates","0fa1201d-4330-4fa8-8ae9-b877473b6441","Windows","Software",""
"2024-02 Cumulative Update for Windows 11 Version 23H2 for arm64-based Systems (KB5034765)","Windows 11","72e7624a-5b00-45d2-b92f-e561c0a6a160","2024/02/13 18:00:00","UUPv1","100","69a94f53-d1f6-4432-827d-2c47c337cfbb","5034765","","Security Updates","0fa1201d-4330-4fa8-8ae9-b877473b6441","Windows","Software",""
"2024-02 Cumulative Update for .NET Framework 3.5 and 4.8.1 for Windows 11, version 23H2 for ARM64 (KB5034467)","Windows 11","72e7624a-5b00-45d2-b92f-e561c0a6a160","2024/02/13 18:00:00","KB5034467-DotNetCumulative-SV3-Client-arm64-Retail","200","5b2c4b73-12e8-44a4-9bf3-84297f27ddbd","5034467","","Updates","cd5ffd1e-e932-4e3a-bf74-18bf0b1bbd83","Windows","Software",""
"2024-02 Cumulative Update for .NET Framework 3.5 and 4.8.1 for Windows 11, version 22H2 for ARM64 (KB5034467)","Windows 11","72e7624a-5b00-45d2-b92f-e561c0a6a160","2024/02/13 18:00:00","KB5034467-DotNetCumulative-SV2-Client-arm64-Retail","200","9247f83f-3f22-453a-90a1-d1dbe91f4290","5034467","","Updates","cd5ffd1e-e932-4e3a-bf74-18bf0b1bbd83","Windows","Software",""
"2024-02 Cumulative Update for Windows 11 Version 22H2 for arm64-based Systems (KB5034765)","Windows 11","72e7624a-5b00-45d2-b92f-e561c0a6a160","2024/02/13 18:00:00","UUPv1","100","59142e65-245c-4d89-a5f5-82df38ff3f10","5034765","","Security Updates","0fa1201d-4330-4fa8-8ae9-b877473b6441","Windows","Software",""
"2024-02 Cumulative Update for .NET Framework 3.5, 4.8 and 4.8.1 for Windows 11 for ARM64 (KB5034686)","Windows 11","72e7624a-5b00-45d2-b92f-e561c0a6a160","2024/02/13 18:00:00","KB5034686-DotNetCumulative-SV-Client-arm64-Retail","200","8938eac3-870a-4ea0-90ee-e0b57e55d9f1","5034686","","Updates","cd5ffd1e-e932-4e3a-bf74-18bf0b1bbd83","Windows","Software",""
"2024-02 Cumulative Update for Windows 11 for ARM64-based Systems (KB5034766)","Windows 11","72e7624a-5b00-45d2-b92f-e561c0a6a160","2024/02/13 18:00:06","KB5034766-WindowsSV21H2-RTM-UnifiedCumulativeSecurity-ARM64-TSL-World","200","cafb3df6-d3fd-41f6-a027-bfcfe8de6657","5034766","","Security Updates","0fa1201d-4330-4fa8-8ae9-b877473b6441","Windows","Software",""
"Windows 11, version 23H2 arm64 2024-02B","Windows 11","72e7624a-5b00-45d2-b92f-e561c0a6a160","2024/02/13 18:00:00","UUPv1","100","620edd43-aa99-47f4-9dcd-010a3c6e5e66","5034765","","Upgrades","3689bdc8-b205-4af4-8d4a-a63924c5e9d5","Windows","Software",""
"Windows 11, version 22H2 arm64 2024-02B","Windows 11","72e7624a-5b00-45d2-b92f-e561c0a6a160","2024/02/13 18:00:00","UUPv1","100","518d3184-a5af-48e9-a0a3-1141a578ffa4","5034765","","Upgrades","3689bdc8-b205-4af4-8d4a-a63924c5e9d5","Windows","Software",""
"2024-03 Cumulative Update for Windows 11 Version 23H2 for arm64-based Systems (KB5035853)","Windows 11","72e7624a-5b00-45d2-b92f-e561c0a6a160","2024/03/12 17:00:00","UUPv1","100","dee071b9-df52-4c60-8417-8f7e8b13e774","5035853","","Security Updates","0fa1201d-4330-4fa8-8ae9-b877473b6441","Windows","Software",""
"Windows 11, version 23H2 arm64 2024-03B","Windows 11","72e7624a-5b00-45d2-b92f-e561c0a6a160","2024/03/12 17:00:00","UUPv1","100","3ab41899-5d18-45a2-9573-48db4273d601","5035853","","Upgrades","3689bdc8-b205-4af4-8d4a-a63924c5e9d5","Windows","Software",""
"2024-03 Cumulative Update for Windows 11 Version 22H2 for arm64-based Systems (KB5035853)","Windows 11","72e7624a-5b00-45d2-b92f-e561c0a6a160","2024/03/12 17:00:00","UUPv1","100","71b1fe37-4b87-4fcf-a63d-c89b8152ae5b","5035853","","Security Updates","0fa1201d-4330-4fa8-8ae9-b877473b6441","Windows","Software",""
"Windows 11, version 22H2 arm64 2024-03B","Windows 11","72e7624a-5b00-45d2-b92f-e561c0a6a160","2024/03/12 17:00:00","UUPv1","100","a9456a38-b36d-4ec6-9ce5-a5af9c94c769","5035853","","Upgrades","3689bdc8-b205-4af4-8d4a-a63924c5e9d5","Windows","Software",""
"2024-03 Cumulative Update for Windows 11 for ARM64-based Systems (KB5035854)","Windows 11","72e7624a-5b00-45d2-b92f-e561c0a6a160","2024/03/12 17:00:06","KB5035854-WindowsSV21H2-RTM-UnifiedCumulativeSecurity-ARM64-TSL-World","200","e84bc0c6-21b5-42be-b950-796084a27ab2","5035854","","Security Updates","0fa1201d-4330-4fa8-8ae9-b877473b6441","Windows","Software",""
"2024-04 Cumulative Update for .NET Framework 3.5 and 4.8.1 for Windows 11, version 23H2 for ARM64 (KB5036620)","Windows 11","72e7624a-5b00-45d2-b92f-e561c0a6a160","2024/04/09 17:00:00","KB5036620-DotNetCumulative-SV3-Client-arm64-Retail","200","d42193b0-679c-4fe9-98c5-cdc67583fae7","5036620","","Security Updates","0fa1201d-4330-4fa8-8ae9-b877473b6441","Windows","Software",""
"2024-04 Cumulative Update for .NET Framework 3.5 and 4.8.1 for Windows 11, version 22H2 for ARM64 (KB5036620)","Windows 11","72e7624a-5b00-45d2-b92f-e561c0a6a160","2024/04/09 17:00:00","KB5036620-DotNetCumulative-SV2-Client-arm64-Retail","201","99b54a48-f954-471e-96a1-0cf78d599c0e","5036620","","Security Updates","0fa1201d-4330-4fa8-8ae9-b877473b6441","Windows","Software",""
"2024-04 Cumulative Update for Windows 11 Version 23H2 for arm64-based Systems (KB5036893)","Windows 11","72e7624a-5b00-45d2-b92f-e561c0a6a160","2024/04/09 17:00:00","UUPv1","100","877188d6-fd0b-436d-b463-ef248bacb7d2","5036893","","Security Updates","0fa1201d-4330-4fa8-8ae9-b877473b6441","Windows","Software",""
"2024-04 Cumulative Update for Windows 11 for ARM64-based Systems (KB5036894)","Windows 11","72e7624a-5b00-45d2-b92f-e561c0a6a160","2024/04/09 17:00:06","KB5036894-WindowsSV21H2-RTM-UnifiedCumulativeSecurity-ARM64-TSL-World","200","63bcf740-dd35-4c4a-a5d8-19e9593d48a7","5036894","","Security Updates","0fa1201d-4330-4fa8-8ae9-b877473b6441","Windows","Software",""
"2024-04 Cumulative Update for Windows 11 Version 22H2 for arm64-based Systems (KB5036893)","Windows 11","72e7624a-5b00-45d2-b92f-e561c0a6a160","2024/04/09 17:00:00","UUPv1","100","7a8ddb9c-15e4-4b3d-b3f5-a593de39a05a","5036893","","Security Updates","0fa1201d-4330-4fa8-8ae9-b877473b6441","Windows","Software",""
"2024-04 Cumulative Update for .NET Framework 3.5, 4.8 and 4.8.1 for Windows 11 for ARM64 (KB5037037)","Windows 11","72e7624a-5b00-45d2-b92f-e561c0a6a160","2024/04/09 17:00:00","KB5037037-DotNetCumulative-SV-Client-arm64-Retail","200","03f5389a-4450-4ee4-b70b-49f9f84dc0f4","5037037","","Security Updates","0fa1201d-4330-4fa8-8ae9-b877473b6441","Windows","Software",""
"Windows 11, version 23H2 arm64 2024-04B","Windows 11","72e7624a-5b00-45d2-b92f-e561c0a6a160","2024/04/09 17:00:00","UUPv1","100","17ec964a-c0be-434d-a353-9eef6c334e38","5036893","","Upgrades","3689bdc8-b205-4af4-8d4a-a63924c5e9d5","Windows","Software",""
"Windows 11, version 22H2 arm64 2024-04B","Windows 11","72e7624a-5b00-45d2-b92f-e561c0a6a160","2024/04/09 17:00:00","UUPv1","100","22e84f7b-fe68-4a64-8a07-d61bdde08d21","5036893","","Upgrades","3689bdc8-b205-4af4-8d4a-a63924c5e9d5","Windows","Software",""
