﻿"Title","ProductTitles","ProductIds","CreationDate","LegacyName","Id.RevisionNumber","Id.UpdateId","KnowledgebaseArticles","SecurityBulletins","UpdateClassificationTitle","UpdateClassificationId","ProductFamilyTitles","UpdateType","Action"
"2018-04 Cumulative Update for Windows 10 Version 1607 for x64-based Systems (KB4093119)","Windows 10 LTSB
Windows 10","d2085b71-5f1f-43a9-880d-ed159016d5c6
a3c2375d-0c8a-42f9-bce0-28333e198407","2018/04/10 17:00:05","KB4093119-Windows10Rs1Client-RTM-X64-TSL-World","202","74292a2d-143e-450b-bdff-d56ac8c86c4f","4093119","","Security Updates","0fa1201d-4330-4fa8-8ae9-b877473b6441","Windows","Software",""
"2018-05 Update for Windows 10 Version 1607 for x64-based Systems (KB4132216)","Windows 10 LTSB
Windows 10","d2085b71-5f1f-43a9-880d-ed159016d5c6
a3c2375d-0c8a-42f9-bce0-28333e198407","2018/05/17 17:00:05","KB4132216-Windows10Rs1Client-RTM-ServicingStackUpdate-X64-TSL-World","202","8b2343b3-5cfb-411d-83cb-ff79625b9fcf","4132216","","Critical Updates","e6cf1350-c01b-414d-a61f-263d14d133b4","Windows","Software",""
"Dynamic Update for Windows 10 Version 1607 for x64-based Systems (KB3194623)","Windows 10 and later Dynamic Update
Windows Safe OS Dynamic Update","e4b04398-adbd-4b69-93b9-477322331cd3
dd1aa213-54e7-4173-8456-b278964a26b6","2016/12/26 14:00:00","KB3194623-Windows10Rs1Client-RTM-SafeOSDU-X64-TSL-World","201","134376bc-3328-4834-92ae-74b85f95e2fd","3194623","","Critical Updates","e6cf1350-c01b-414d-a61f-263d14d133b4","Windows","Software",""
"2018-05 Cumulative Update for Windows 10 Version 1607 for x64-based Systems (KB4103723)","Windows 10 LTSB
Windows 10","d2085b71-5f1f-43a9-880d-ed159016d5c6
a3c2375d-0c8a-42f9-bce0-28333e198407","2018/05/08 17:00:05","KB4103723-Windows10Rs1Client-RTM-X64-TSL-World","202","a74a9c4e-0823-4afc-8b58-cf1785a2e2b4","4103723","","Security Updates","0fa1201d-4330-4fa8-8ae9-b877473b6441","Windows","Software",""
"Dynamic Update for Windows 10 Version 1607 for x64-based Systems (KB4013419)","Windows 10 and later Dynamic Update
Windows Safe OS Dynamic Update","e4b04398-adbd-4b69-93b9-477322331cd3
dd1aa213-54e7-4173-8456-b278964a26b6","2017/03/14 17:00:03","KB4013419-Windows10Rs1Client-RTM-SafeOSDU-X64-TSL-World","202","93484ccb-6083-4a03-aaf0-bb9575b4ede6","4013419","","Critical Updates","e6cf1350-c01b-414d-a61f-263d14d133b4","Windows","Software",""
"2018-10 Cumulative Update for Windows 10 Version 1607 for x64-based Systems (KB4462917)","Windows 10 LTSB
Windows 10","d2085b71-5f1f-43a9-880d-ed159016d5c6
a3c2375d-0c8a-42f9-bce0-28333e198407","2018/10/09 17:00:05","KB4462917-Windows10Rs1Client-RTM-X64-TSL-World","200","1537e0af-0d85-401e-a8af-0bb249f1e93a","4462917","","Security Updates","0fa1201d-4330-4fa8-8ae9-b877473b6441","Windows","Software",""
"2019-05 Cumulative Update for Windows 10 Version 1607 for x64-based Systems (KB4494440)","Windows 10 LTSB
Windows 10","d2085b71-5f1f-43a9-880d-ed159016d5c6
a3c2375d-0c8a-42f9-bce0-28333e198407","2019/05/14 17:00:06","KB4494440-Windows10Rs1Client-RTM-X64-TSL-World","200","dd00e364-6182-4eb3-b4b3-49d6ca3f9d98","4494440","","Security Updates","0fa1201d-4330-4fa8-8ae9-b877473b6441","Windows","Software",""
"2019-05 Servicing Stack Update for Windows 10 Version 1607 for x64-based Systems (KB4498947)","Windows 10 LTSB
Windows 10","d2085b71-5f1f-43a9-880d-ed159016d5c6
a3c2375d-0c8a-42f9-bce0-28333e198407","2019/05/14 17:00:06","KB4498947-Windows10Rs1Client-RTM-ServicingStackUpdate-X64-TSL-World","200","3a6194c9-3044-4d95-90d5-78fff03093bf","4498947","","Security Updates","0fa1201d-4330-4fa8-8ae9-b877473b6441","Windows","Software",""
"2019-05 Cumulative Update for .NET Framework 4.8 for Windows 10 Version 1607 for x64 (KB4495610)","Windows 10 LTSB
Windows 10","d2085b71-5f1f-43a9-880d-ed159016d5c6
a3c2375d-0c8a-42f9-bce0-28333e198407","2019/05/14 17:00:00","KB4495610-DOTNET-X64-TSL","200","a743bc90-9261-4226-8f1d-6a1914e042a3","4495610","","Security Updates","0fa1201d-4330-4fa8-8ae9-b877473b6441","Windows","Software",""
"2018-11 Cumulative Update for Windows 10 Version 1607 for x64-based Systems (KB4467691)","Windows 10 LTSB
Windows 10","d2085b71-5f1f-43a9-880d-ed159016d5c6
a3c2375d-0c8a-42f9-bce0-28333e198407","2018/11/13 18:00:05","KB4467691-Windows10Rs1Client-RTM-X64-TSL-World","200","6cdb3985-d0f5-45c1-b02d-1c0d0a7a6331","4467691","","Security Updates","0fa1201d-4330-4fa8-8ae9-b877473b6441","Windows","Software",""
"2018-11 Update for Windows 10 Version 1607 for x64-based Systems (KB4465659)","Windows 10 LTSB
Windows 10","d2085b71-5f1f-43a9-880d-ed159016d5c6
a3c2375d-0c8a-42f9-bce0-28333e198407","2018/11/13 18:00:05","KB4465659-Windows10Rs1Client-RTM-ServicingStackUpdate-X64-TSL-World","201","49e4b54d-abe8-41ae-aa38-9e4e1f57ff58","4465659","","Security Updates","0fa1201d-4330-4fa8-8ae9-b877473b6441","Windows","Software",""
"2018-10 Update for Windows 10 Version 1607 for x64-based Systems (KB4091664)","Windows 10 LTSB
Windows 10","d2085b71-5f1f-43a9-880d-ed159016d5c6
a3c2375d-0c8a-42f9-bce0-28333e198407","2019/02/12 18:00:00","KB4091664-Windows10Rs1Client-RTM-X64-TSL-World","202","3d817f0f-39c3-4b51-a295-c7c52f9ab4fd","4091664","","Updates","cd5ffd1e-e932-4e3a-bf74-18bf0b1bbd83","Windows","Software",""
"2019-04 Cumulative Update for Windows 10 Version 1607 for x64-based Systems (KB4493470)","Windows 10 LTSB
Windows 10","d2085b71-5f1f-43a9-880d-ed159016d5c6
a3c2375d-0c8a-42f9-bce0-28333e198407","2019/04/09 17:00:06","KB4493470-Windows10Rs1Client-RTM-X64-TSL-World","200","48b60bdc-8a42-4ab2-9d6b-8abf391602c2","4493470","","Security Updates","0fa1201d-4330-4fa8-8ae9-b877473b6441","Windows","Software",""
"2019-02 Servicing Stack Update for Windows 10 Version 1607 for x64-based Systems (KB4485447)","Windows 10 LTSB
Windows 10","d2085b71-5f1f-43a9-880d-ed159016d5c6
a3c2375d-0c8a-42f9-bce0-28333e198407","2019/02/12 18:00:05","KB4485447-Windows10Rs1Client-RTM-ServicingStackUpdate-X64-TSL-World","200","b71b254a-b0de-4400-a80f-1bd23fa6587b","4485447","","Security Updates","0fa1201d-4330-4fa8-8ae9-b877473b6441","Windows","Software",""
"2019-06 Cumulative Update for .NET Framework 4.8 for Windows 10 Version 1607 for x64 (KB4502560)","Windows 10 LTSB
Windows 10","d2085b71-5f1f-43a9-880d-ed159016d5c6
a3c2375d-0c8a-42f9-bce0-28333e198407","2019/06/18 17:00:00","KB4502560-DOTNET-X64-TSL","200","8f837ec2-b241-476c-b982-1dbb194bcd1e","4502560","","Updates","cd5ffd1e-e932-4e3a-bf74-18bf0b1bbd83","Windows","Software",""
"2019-06 Servicing Stack Update for Windows 10 Version 1607 for x64-based Systems (KB4503537)","Windows 10 LTSB
Windows 10","d2085b71-5f1f-43a9-880d-ed159016d5c6
a3c2375d-0c8a-42f9-bce0-28333e198407","2019/06/11 17:00:06","KB4503537-Windows10Rs1Client-RTM-ServicingStackUpdate-X64-TSL-World","200","36852526-af22-4aea-95b7-57577327fa7a","4503537","","Security Updates","0fa1201d-4330-4fa8-8ae9-b877473b6441","Windows","Software",""
"2019-07 Servicing Stack Update for Windows 10 Version 1607 for x64-based Systems (KB4509091)","Windows 10 LTSB
Windows 10","d2085b71-5f1f-43a9-880d-ed159016d5c6
a3c2375d-0c8a-42f9-bce0-28333e198407","2019/07/09 17:00:06","KB4509091-Windows10Rs1Client-RTM-ServicingStackUpdate-X64-TSL-World","200","6b66faf3-b7d7-456e-be2a-d2363b833450","4509091","","Security Updates","0fa1201d-4330-4fa8-8ae9-b877473b6441","Windows","Software",""
"2019-02 Update for Windows 10 Version 1607 for x64-based Systems (KB4346087)","Windows 10 LTSB
Windows 10","d2085b71-5f1f-43a9-880d-ed159016d5c6
a3c2375d-0c8a-42f9-bce0-28333e198407","2019/05/16 17:00:00","KB4346087-Windows10Rs1Client-RTM-X64-TSL-World","207","dce72638-905a-45d8-bbb1-c1ea3c317f97","4346087","","Updates","cd5ffd1e-e932-4e3a-bf74-18bf0b1bbd83","Windows","Software",""
"2019-07 Cumulative Update for .NET Framework 4.8 for Windows 10 Version 1607 for x64 (KB4506986)","Windows 10 LTSB
Windows 10","d2085b71-5f1f-43a9-880d-ed159016d5c6
a3c2375d-0c8a-42f9-bce0-28333e198407","2019/07/09 17:00:00","KB4506986-DOTNET-X64-TSL","200","20b5a5b1-2f4c-46de-ba1f-f54f01dd1b91","4506986","","Security Updates","0fa1201d-4330-4fa8-8ae9-b877473b6441","Windows","Software",""
"2019-09 Cumulative Update for .NET Framework 4.8 for Windows 10 Version 1607 for x64 (KB4515839)","Windows 10 LTSB
Windows 10","d2085b71-5f1f-43a9-880d-ed159016d5c6
a3c2375d-0c8a-42f9-bce0-28333e198407","2019/09/24 17:00:00","KB4515839-DOTNET-X64-TSL","201","8477a410-a305-4c67-82f6-9b037bf8b03b","4515839","","Updates","cd5ffd1e-e932-4e3a-bf74-18bf0b1bbd83","Windows","Software",""
"2019-09 Servicing Stack Update for Windows 10 Version 1607 for x64-based Systems (KB4512574)","Windows 10 LTSB
Windows 10","d2085b71-5f1f-43a9-880d-ed159016d5c6
a3c2375d-0c8a-42f9-bce0-28333e198407","2019/09/10 17:00:06","KB4512574-Windows10Rs1Client-RTM-ServicingStackUpdate-X64-TSL-World","200","5e9ff6e3-ed76-404e-894b-50dcaa7b2e26","4512574","","Security Updates","0fa1201d-4330-4fa8-8ae9-b877473b6441","Windows","Software",""
"2019-09 Cumulative Update for .NET Framework 4.8 for Windows 10 Version 1607 for x64 (KB4514354)","Windows 10 LTSB
Windows 10","d2085b71-5f1f-43a9-880d-ed159016d5c6
a3c2375d-0c8a-42f9-bce0-28333e198407","2019/09/10 17:00:00","KB4514354-DOTNET-X64-TSL","200","4a142313-e490-4615-801a-502412fe5a70","4514354","","Security Updates","0fa1201d-4330-4fa8-8ae9-b877473b6441","Windows","Software",""
"2019-08 Cumulative Update for .NET Framework 4.8 for Windows 10 Version 1607 for x64 (KB4511518)","Windows 10 LTSB
Windows 10","d2085b71-5f1f-43a9-880d-ed159016d5c6
a3c2375d-0c8a-42f9-bce0-28333e198407","2019/08/20 17:00:00","KB4511518-DOTNET-X64-TSL","200","7011265b-afd8-45d5-aa27-ccf445656397","4511518","","Updates","cd5ffd1e-e932-4e3a-bf74-18bf0b1bbd83","Windows","Software",""
"2019-11 Servicing Stack Update for Windows 10 Version 1607 for x64-based Systems (KB4520724)","Windows 10 LTSB
Windows 10","d2085b71-5f1f-43a9-880d-ed159016d5c6
a3c2375d-0c8a-42f9-bce0-28333e198407","2019/11/12 18:00:06","KB4520724-Windows10Rs1Client-RTM-ServicingStackUpdate-X64-TSL-World","200","de8207e1-92f0-41fa-bc38-7c68187829a6","4520724","","Security Updates","0fa1201d-4330-4fa8-8ae9-b877473b6441","Windows","Software",""
"2019-10 Cumulative Update for .NET Framework 4.8 for Windows 10 Version 1607 for x64 (KB4524095)","Windows 10 LTSB
Windows 10","d2085b71-5f1f-43a9-880d-ed159016d5c6
a3c2375d-0c8a-42f9-bce0-28333e198407","2019/10/08 17:00:00","KB4524095-DOTNET-X64-TSL","201","589e3958-3816-46f8-b6b4-06852b2f5312","4524095","","Updates","cd5ffd1e-e932-4e3a-bf74-18bf0b1bbd83","Windows","Software",""
"2019-10 Cumulative Update for .NET Framework 4.8 for Windows 10 Version 1607 for x64 (KB4519562)","Windows 10 LTSB
Windows 10","d2085b71-5f1f-43a9-880d-ed159016d5c6
a3c2375d-0c8a-42f9-bce0-28333e198407","2019/10/15 17:00:00","KB4519562-DOTNET-X64-TSL","200","d1d99047-8c82-46b9-862d-7f1e8068880d","4519562","","Updates","cd5ffd1e-e932-4e3a-bf74-18bf0b1bbd83","Windows","Software",""
"2019-10 Servicing Stack Update for Windows 10 Version 1607 for x64-based Systems (KB4521858)","Windows 10 LTSB
Windows 10","d2085b71-5f1f-43a9-880d-ed159016d5c6
a3c2375d-0c8a-42f9-bce0-28333e198407","2019/10/08 17:00:06","KB4521858-Windows10Rs1Client-RTM-ServicingStackUpdate-X64-TSL-World","200","3767d7ce-29db-4d75-93b7-34922d49c9e3","4521858","","Security Updates","0fa1201d-4330-4fa8-8ae9-b877473b6441","Windows","Software",""
"2020-01 Cumulative Update for .NET Framework 4.8 for Windows 10 Version 1607 for x64 (KB4532933)","Windows 10 LTSB
Windows 10","d2085b71-5f1f-43a9-880d-ed159016d5c6
a3c2375d-0c8a-42f9-bce0-28333e198407","2020/01/14 18:00:00","KB4532933-DOTNET-X64-TSL","200","21dff0ee-f81a-4283-854e-450f6d0eda3e","4532933","","Security Updates","0fa1201d-4330-4fa8-8ae9-b877473b6441","Windows","Software",""
"2020-01 Cumulative Update for .NET Framework 4.8 for Windows 10 Version 1607 for x64 (KB4534126)","Windows 10 LTSB
Windows 10","d2085b71-5f1f-43a9-880d-ed159016d5c6
a3c2375d-0c8a-42f9-bce0-28333e198407","2020/01/23 22:00:00","KB4534126-DOTNET-X64-TSL","201","4a428216-c5e9-44fc-8b4b-5db53c6cc8bf","4534126","","Updates","cd5ffd1e-e932-4e3a-bf74-18bf0b1bbd83","Windows","Software",""
"2020-02 Cumulative Update for .NET Framework 4.8 for Windows 10 Version 1607 for x64 (KB4534126)","Windows 10 LTSB
Windows 10","d2085b71-5f1f-43a9-880d-ed159016d5c6
a3c2375d-0c8a-42f9-bce0-28333e198407","2020/02/11 18:00:00","KB4534126-DOTNET-X64-TSL","200","61e4aa45-bc95-41df-ab47-7216e0535da2","4534126","","Updates","cd5ffd1e-e932-4e3a-bf74-18bf0b1bbd83","Windows","Software",""
"2019-12 Cumulative Update for .NET Framework 4.8 for Windows 10 Version 1607 for x64 (KB4532997)","Windows 10 LTSB
Windows 10","d2085b71-5f1f-43a9-880d-ed159016d5c6
a3c2375d-0c8a-42f9-bce0-28333e198407","2019/12/10 18:00:00","KB4532997-DOTNET-X64-TSL","200","7e06a57b-059a-47d5-ac37-a6cfed09ba0b","4532997","","Updates","cd5ffd1e-e932-4e3a-bf74-18bf0b1bbd83","Windows","Software",""
"2020-03 Servicing Stack Update for Windows 10 Version 1607 for x64-based Systems (KB4540723)","Windows 10 LTSB
Windows 10","d2085b71-5f1f-43a9-880d-ed159016d5c6
a3c2375d-0c8a-42f9-bce0-28333e198407","2020/03/10 17:00:06","KB4540723-Windows10Rs1Client-RTM-ServicingStackUpdate-X64-TSL-World","200","c0885f01-8bdd-4573-a55c-11ccce02ee72","4540723","","Security Updates","0fa1201d-4330-4fa8-8ae9-b877473b6441","Windows","Software",""
"2020-02 Cumulative Update for .NET Framework 4.8 for Windows 10 Version 1607 for x64 (KB4537477)","Windows 10 LTSB
Windows 10","d2085b71-5f1f-43a9-880d-ed159016d5c6
a3c2375d-0c8a-42f9-bce0-28333e198407","2020/02/25 18:00:00","KB4537477-DOTNET-X64-TSL","202","ff8d91b0-e9b9-4b3e-838e-1f474892847b","4537477","","Updates","cd5ffd1e-e932-4e3a-bf74-18bf0b1bbd83","Windows","Software",""
"2020-05 Cumulative Update for .NET Framework 4.8 for Windows 10 Version 1607 for x64 (KB4552926)","Windows 10 LTSB
Windows 10","d2085b71-5f1f-43a9-880d-ed159016d5c6
a3c2375d-0c8a-42f9-bce0-28333e198407","2020/05/12 17:00:00","KB4552926-DOTNET-X64-TSL","201","ffc68d48-a70a-4ef2-8c65-4344290c7e2e","4552926","","Security Updates","0fa1201d-4330-4fa8-8ae9-b877473b6441","Windows","Software",""
"2020-06 Servicing Stack Update for Windows 10 Version 1607 for x64-based Systems (KB4562561)","Windows 10 LTSB
Windows 10","d2085b71-5f1f-43a9-880d-ed159016d5c6
a3c2375d-0c8a-42f9-bce0-28333e198407","2020/06/09 17:00:06","KB4562561-Windows10Rs1Client-RTM-ServicingStackUpdate-X64-TSL-World","200","1df381d0-a4fb-44e9-b5b2-2a94a783819f","4562561","","Security Updates","0fa1201d-4330-4fa8-8ae9-b877473b6441","Windows","Software",""
"2020-04 Servicing Stack Update for Windows 10 Version 1607 for x64-based Systems (KB4550994)","Windows 10 LTSB
Windows 10","d2085b71-5f1f-43a9-880d-ed159016d5c6
a3c2375d-0c8a-42f9-bce0-28333e198407","2020/04/14 17:00:06","KB4550994-Windows10Rs1Client-RTM-ServicingStackUpdate-X64-TSL-World","200","243c263f-22e2-40d4-a428-8354b83aab8d","4550994","","Security Updates","0fa1201d-4330-4fa8-8ae9-b877473b6441","Windows","Software",""
"2020-07 Cumulative Update for .NET Framework 4.8 for Windows 10 Version 1607 for x64 (KB4565628)","Windows 10 LTSB
Windows 10","d2085b71-5f1f-43a9-880d-ed159016d5c6
a3c2375d-0c8a-42f9-bce0-28333e198407","2020/07/14 17:00:00","KB4565628-DOTNET-X64-TSL","200","63a7d169-19a5-404f-b787-627a4ff58b2f","4565628","","Security Updates","0fa1201d-4330-4fa8-8ae9-b877473b6441","Windows","Software",""
"2020-07 Servicing Stack Update for Windows 10 Version 1607 for x64-based Systems (KB4565912)","Windows 10 LTSB
Windows 10","d2085b71-5f1f-43a9-880d-ed159016d5c6
a3c2375d-0c8a-42f9-bce0-28333e198407","2020/07/14 17:00:06","KB4565912-Windows10Rs1Client-RTM-ServicingStackUpdate-X64-TSL-World","200","086d2ec9-7c85-467c-a843-f1527d841b09","4565912","","Security Updates","0fa1201d-4330-4fa8-8ae9-b877473b6441","Windows","Software",""
"2020-08 Cumulative Update for .NET Framework 4.8 for Windows 10 Version 1607 for x64 (KB4569746)","Windows 10 LTSB
Windows 10","d2085b71-5f1f-43a9-880d-ed159016d5c6
a3c2375d-0c8a-42f9-bce0-28333e198407","2020/08/11 17:00:00","KB4569746-DOTNET-X64-TSL","200","50e4212b-ed73-49ac-8c5c-bd90af3f6a74","4569746","","Security Updates","0fa1201d-4330-4fa8-8ae9-b877473b6441","Windows","Software",""
"2020-09 Cumulative Update for .NET Framework 4.8 for Windows 10 Version 1607 for x64 (KB4576479)","Windows 10 LTSB
Windows 10","d2085b71-5f1f-43a9-880d-ed159016d5c6
a3c2375d-0c8a-42f9-bce0-28333e198407","2020/09/08 17:00:00","KB4576479-DOTNET-X64-TSL","200","7bbb49e8-94d6-463d-9e39-435c467efb8c","4576479","","Security Updates","0fa1201d-4330-4fa8-8ae9-b877473b6441","Windows","Software",""
"2020-10 Cumulative Update for .NET Framework 4.8 for Windows 10 Version 1607 for x64 (KB4578969)","Windows 10 LTSB
Windows 10","d2085b71-5f1f-43a9-880d-ed159016d5c6
a3c2375d-0c8a-42f9-bce0-28333e198407","2020/10/13 17:00:00","KB4578969-DOTNET-X64-TSL","200","a42a642e-2f6e-4315-bb1a-8ed0172e90bd","4578969","","Security Updates","0fa1201d-4330-4fa8-8ae9-b877473b6441","Windows","Software",""
"2020-09 Servicing Stack Update for Windows 10 Version 1607 for x64-based Systems (KB4576750)","Windows 10 LTSB
Windows 10","d2085b71-5f1f-43a9-880d-ed159016d5c6
a3c2375d-0c8a-42f9-bce0-28333e198407","2020/09/08 17:00:06","KB4576750-Windows10Rs1Client-RTM-ServicingStackUpdate-X64-TSL-World","201","ce3dd0eb-7f63-4329-949a-7b20d3edd941","4576750","","Security Updates","0fa1201d-4330-4fa8-8ae9-b877473b6441","Windows","Software",""
"2021-01 Cumulative Update for .NET Framework 4.8 for Windows 10 Version 1607 for x64 (KB4597247)","Windows 10 LTSB
Windows 10","d2085b71-5f1f-43a9-880d-ed159016d5c6
a3c2375d-0c8a-42f9-bce0-28333e198407","2021/01/12 18:00:00","KB4597247-DotNetCumulative-Client-x64-Retail","200","cfaebc60-adda-4438-acf9-619d8991c6e1","4597247","","Updates","cd5ffd1e-e932-4e3a-bf74-18bf0b1bbd83","Windows","Software",""
"2020-11 Cumulative Update for .NET Framework 4.8 for Windows 10 Version 1607 for x64 (KB4585207)","Windows 10 LTSB
Windows 10","d2085b71-5f1f-43a9-880d-ed159016d5c6
a3c2375d-0c8a-42f9-bce0-28333e198407","2021/01/12 18:00:00","KB4585207-DOTNET-X64-TSL","201","a1a7bee5-4b30-45c8-8c91-c08f9d5d30dd","4585207","","Updates","cd5ffd1e-e932-4e3a-bf74-18bf0b1bbd83","Windows","Software",""
"2021-02 Servicing Stack Update for Windows 10 Version 1607 for x64-based Systems (KB5001078)","Windows 10 LTSB
Windows 10","d2085b71-5f1f-43a9-880d-ed159016d5c6
a3c2375d-0c8a-42f9-bce0-28333e198407","2021/02/13 3:00:06","KB5001078-Windows10Rs1Client-RTM-ServicingStackUpdate-X64-TSL-World","201","15f69535-877f-4372-9abb-a96bd43b8fa0","5001078","","Security Updates","0fa1201d-4330-4fa8-8ae9-b877473b6441","Windows","Software",""
"2021-02 Cumulative Update for .NET Framework 4.8 for Windows 10 Version 1607 for x64 (KB4601051)","Windows 10 LTSB
Windows 10","d2085b71-5f1f-43a9-880d-ed159016d5c6
a3c2375d-0c8a-42f9-bce0-28333e198407","2021/02/09 18:00:00","KB4601051-DotNetCumulative-Client-x64-Retail","201","d737ed95-8ad6-4946-9fdb-bf894b9b536c","4601051","","Security Updates","0fa1201d-4330-4fa8-8ae9-b877473b6441","Windows","Software",""
"Update for Removal of Adobe Flash Player for Windows 10 Version 1607 for x64-based systems (KB4577586)","Windows 10 LTSB
Windows 10","d2085b71-5f1f-43a9-880d-ed159016d5c6
a3c2375d-0c8a-42f9-bce0-28333e198407","2021/03/09 22:03:15","KB4577586-Windows10Rs1Client-RTM-X64-TSL-World","205","ec2723ca-c688-4172-b062-178b8b940828","4577586","","Updates","cd5ffd1e-e932-4e3a-bf74-18bf0b1bbd83","Windows","Software",""
"2021-01 Update for Windows 10 Version 1607 for x64-based Systems (KB4589210)","Windows 10 LTSB
Windows 10","d2085b71-5f1f-43a9-880d-ed159016d5c6
a3c2375d-0c8a-42f9-bce0-28333e198407","2021/03/09 22:02:06","KB4589210-Windows10Rs1Client-RTM-X64-TSL-World","202","8856b843-27bc-4aee-9f36-fb6271507109","4589210","","Updates","cd5ffd1e-e932-4e3a-bf74-18bf0b1bbd83","Windows","Software",""
"2021-04 Servicing Stack Update for Windows 10 Version 1607 for x64-based Systems (KB5001402)","Windows 10 LTSB
Windows 10","d2085b71-5f1f-43a9-880d-ed159016d5c6
a3c2375d-0c8a-42f9-bce0-28333e198407","2021/04/13 17:00:06","KB5001402-Windows10Rs1Client-RTM-ServicingStackUpdate-X64-TSL-World","200","9fdcec2c-e6ce-4ac0-b672-768a7eb15567","5001402","","Security Updates","0fa1201d-4330-4fa8-8ae9-b877473b6441","Windows","Software",""
"2021-05 Cumulative Update for .NET Framework 4.8 for Windows 10 Version 1607 for x64 (KB5001841)","Windows 10 LTSB
Windows 10","d2085b71-5f1f-43a9-880d-ed159016d5c6
a3c2375d-0c8a-42f9-bce0-28333e198407","2021/05/11 17:00:00","KB5001841-DotNetCumulative-Client-x64-Retail","200","5342b08d-1dc1-4ddb-b354-a4c003ffc132","5001841","","Updates","cd5ffd1e-e932-4e3a-bf74-18bf0b1bbd83","Windows","Software",""
"2021-06 Cumulative Update for .NET Framework 4.8 for Windows 10 Version 1607 for x64 (KB5003542)","Windows 10 LTSB
Windows 10","d2085b71-5f1f-43a9-880d-ed159016d5c6
a3c2375d-0c8a-42f9-bce0-28333e198407","2021/06/08 17:00:00","KB5003542-DotNetCumulative-Client-x64-Retail","200","8ef0485c-dbec-42b3-b4b2-f0b52fa59a50","5003542","","Updates","cd5ffd1e-e932-4e3a-bf74-18bf0b1bbd83","Windows","Software",""
"2021-07 Cumulative Update for .NET Framework 4.8 for Windows 10 Version 1607 for x64 (KB5004115)","Windows 10 LTSB
Windows 10","d2085b71-5f1f-43a9-880d-ed159016d5c6
a3c2375d-0c8a-42f9-bce0-28333e198407","2021/07/13 17:00:00","KB5004115-DotNetCumulative-Client-x64-Retail","200","649f3b17-725d-4c33-a7ac-452b3ae92f2b","5004115","","Updates","cd5ffd1e-e932-4e3a-bf74-18bf0b1bbd83","Windows","Software",""
"2021-09 Servicing Stack Update for Windows 10 Version 1607 for x64-based Systems (KB5005698)","Windows 10 LTSB
Windows 10","d2085b71-5f1f-43a9-880d-ed159016d5c6
a3c2375d-0c8a-42f9-bce0-28333e198407","2021/09/14 17:00:06","KB5005698-Windows10Rs1Client-RTM-ServicingStackUpdate-X64-TSL-World","200","8c551e9a-6277-450d-8da7-2e3c22fd7f28","5005698","","Security Updates","0fa1201d-4330-4fa8-8ae9-b877473b6441","Windows","Software",""
"2021-08 Cumulative Update for .NET Framework 4.8 for Windows 10 Version 1607 for x64 (KB5004752)","Windows 10 LTSB
Windows 10","d2085b71-5f1f-43a9-880d-ed159016d5c6
a3c2375d-0c8a-42f9-bce0-28333e198407","2021/08/10 17:00:00","KB5004752-DotNetCumulative-Client-x64-Retail","200","3cd7325e-8550-414f-afb6-100dd9b4530a","5004752","","Updates","cd5ffd1e-e932-4e3a-bf74-18bf0b1bbd83","Windows","Software",""
"2021-10 Cumulative Update for .NET Framework 4.8 for Windows 10 Version 1607 for x64 (KB5006065)","Windows 10 LTSB
Windows 10","d2085b71-5f1f-43a9-880d-ed159016d5c6
a3c2375d-0c8a-42f9-bce0-28333e198407","2021/10/12 17:00:00","KB5006065-DotNetCumulative-Client-x64-Retail","200","bfe18462-5c73-46af-b5fa-2c5e3970123e","5006065","","Updates","cd5ffd1e-e932-4e3a-bf74-18bf0b1bbd83","Windows","Software",""
"2021-11 Cumulative Update for .NET Framework 4.8 for Windows 10 Version 1607 for x64 (KB5007152)","Windows 10 LTSB
Windows 10","d2085b71-5f1f-43a9-880d-ed159016d5c6
a3c2375d-0c8a-42f9-bce0-28333e198407","2021/11/09 18:00:00","KB5007152-DotNetCumulative-Client-x64-Retail","200","05ef9c16-4017-468d-b380-f1cdf9a58152","5007152","","Updates","cd5ffd1e-e932-4e3a-bf74-18bf0b1bbd83","Windows","Software",""
"2022-01 Security Update for Windows 10 Version 1607 for RSAT for x64-based Systems for (KB5009497)","Windows 10 LTSB","d2085b71-5f1f-43a9-880d-ed159016d5c6","2022/01/11 18:02:06","KB5009497-Windows10Rs1Client-RTM-StandaloneSecurity-X64-TSL-World","204","1f1b6061-3355-4ba6-ac92-5f4e625e2cc0","5009497","","Security Updates","0fa1201d-4330-4fa8-8ae9-b877473b6441","Windows","Software",""
"2022-01 Cumulative Update for .NET Framework 4.8 for Windows 10 Version 1607 for x64 (KB5008877)","Windows 10 LTSB
Windows 10","d2085b71-5f1f-43a9-880d-ed159016d5c6
a3c2375d-0c8a-42f9-bce0-28333e198407","2022/01/11 18:00:00","KB5008877-RS1-Client-x64-Retail","200","1edb4837-6ed9-4f05-93ef-258636f72cce","5008877","","Security Updates","0fa1201d-4330-4fa8-8ae9-b877473b6441","Windows","Software",""
"2022-02 Cumulative Update for .NET Framework 4.8 for Windows 10 Version 1607 for x64 (KB5010460)","Windows 10 LTSB
Windows 10","d2085b71-5f1f-43a9-880d-ed159016d5c6
a3c2375d-0c8a-42f9-bce0-28333e198407","2022/02/08 18:00:00","KB5010460-RS1-Client-x64-Retail","200","90cfcb37-3de5-4074-9694-0047d8c2af61","5010460","","Updates","cd5ffd1e-e932-4e3a-bf74-18bf0b1bbd83","Windows","Software",""
"2022-03 Servicing Stack Update for Windows 10 Version 1607 for x64-based Systems (KB5011570)","Windows 10 LTSB
Windows 10","d2085b71-5f1f-43a9-880d-ed159016d5c6
a3c2375d-0c8a-42f9-bce0-28333e198407","2022/03/08 18:00:06","KB5011570-Windows10Rs1Client-RTM-ServicingStackUpdate-X64-TSL-World","200","00a5d62d-73c5-4fed-acef-b4093be252b5","5011570","","Security Updates","0fa1201d-4330-4fa8-8ae9-b877473b6441","Windows","Software",""
"2022-04 Cumulative Update for .NET Framework 4.8 for Windows 10 Version 1607 for x64 (KB5012118)","Windows 10 LTSB
Windows 10","d2085b71-5f1f-43a9-880d-ed159016d5c6
a3c2375d-0c8a-42f9-bce0-28333e198407","2022/04/12 17:00:00","KB5012118-DotNetCumulative-RS1-Client-x64-Retail","200","fa47c421-609e-4527-8d42-3906e005390b","5012118","","Security Updates","0fa1201d-4330-4fa8-8ae9-b877473b6441","Windows","Software",""
"2022-04 Cumulative Update for Windows 10 Version 1607 for x64-based Systems (KB5012596)","Windows 10 LTSB
Windows 10","d2085b71-5f1f-43a9-880d-ed159016d5c6
a3c2375d-0c8a-42f9-bce0-28333e198407","2022/04/12 17:00:06","KB5012596-Windows10Rs1Client-RTM-X64-TSL-World","200","de090879-2927-4a2f-88a9-9c24bf3733e8","5012596","","Security Updates","0fa1201d-4330-4fa8-8ae9-b877473b6441","Windows","Software",""
"2022-05 Servicing Stack Update for Windows 10 Version 1607 for x64-based Systems (KB5014026)","Windows 10 LTSB
Windows 10","d2085b71-5f1f-43a9-880d-ed159016d5c6
a3c2375d-0c8a-42f9-bce0-28333e198407","2022/05/10 17:00:06","KB5014026-Windows10Rs1Client-RTM-ServicingStackUpdate-X64-TSL-World","200","ac39381d-133c-4b34-8f97-287ab754f6a3","5014026","","Security Updates","0fa1201d-4330-4fa8-8ae9-b877473b6441","Windows","Software",""
"2022-05 Cumulative Update for .NET Framework 4.8 for Windows 10 Version 1607 for x64 (KB5013625)","Windows 10 LTSB
Windows 10","d2085b71-5f1f-43a9-880d-ed159016d5c6
a3c2375d-0c8a-42f9-bce0-28333e198407","2022/05/10 17:00:00","KB5013625-DotNetCumulative-RS1-Client-x64-Retail","200","9bde2806-0883-408e-a367-297989533cc1","5013625","","Security Updates","0fa1201d-4330-4fa8-8ae9-b877473b6441","Windows","Software",""
"2022-05 Cumulative Update for Windows 10 Version 1607 for x64-based Systems (KB5013952)","Windows 10 LTSB
Windows 10","d2085b71-5f1f-43a9-880d-ed159016d5c6
a3c2375d-0c8a-42f9-bce0-28333e198407","2022/05/10 17:00:06","KB5013952-Windows10Rs1Client-RTM-X64-TSL-World","200","aeff4771-257c-4637-a560-2fcfc6289aca","5013952","","Security Updates","0fa1201d-4330-4fa8-8ae9-b877473b6441","Windows","Software",""
"2022-06 Cumulative Update for .NET Framework 4.8 for Windows 10 Version 1607 for x64 (KB5014630)","Windows 10 LTSB
Windows 10","d2085b71-5f1f-43a9-880d-ed159016d5c6
a3c2375d-0c8a-42f9-bce0-28333e198407","2022/06/14 17:00:00","KB5014630-DotNetCumulative-RS1-Client-x64-Retail","200","eb52fa6b-e771-4d60-9b4b-991aaaaaec02","5014630","","Updates","cd5ffd1e-e932-4e3a-bf74-18bf0b1bbd83","Windows","Software",""
"2022-07 Cumulative Update for Windows 10 Version 1607 for x64-based Systems (KB5015808)","Windows 10 LTSB
Windows 10","d2085b71-5f1f-43a9-880d-ed159016d5c6
a3c2375d-0c8a-42f9-bce0-28333e198407","2022/07/12 17:00:06","KB5015808-Windows10Rs1Client-RTM-X64-TSL-World","200","f7c1f742-1565-4d89-9b76-a43189c4d964","5015808","","Security Updates","0fa1201d-4330-4fa8-8ae9-b877473b6441","Windows","Software",""
"2022-06 Cumulative Update for Windows 10 Version 1607 for x64-based Systems (KB5014702)","Windows 10 LTSB
Windows 10","d2085b71-5f1f-43a9-880d-ed159016d5c6
a3c2375d-0c8a-42f9-bce0-28333e198407","2022/06/14 17:00:06","KB5014702-Windows10Rs1Client-RTM-X64-TSL-World","200","88280d98-dd5e-446f-b71d-dc91f3df5da5","5014702","","Security Updates","0fa1201d-4330-4fa8-8ae9-b877473b6441","Windows","Software",""
"2022-07 Servicing Stack Update for Windows 10 Version 1607 for x64-based Systems (KB5016058)","Windows 10 LTSB
Windows 10","d2085b71-5f1f-43a9-880d-ed159016d5c6
a3c2375d-0c8a-42f9-bce0-28333e198407","2022/07/12 17:00:06","KB5016058-Windows10Rs1Client-RTM-ServicingStackUpdate-X64-TSL-World","200","6f914e9d-ce5e-4189-bfee-a39a936a3d1b","5016058","","Security Updates","0fa1201d-4330-4fa8-8ae9-b877473b6441","Windows","Software",""
"2022-08 Servicing Stack Update for Windows 10 Version 1607 for x64-based Systems (KB5017095)","Windows 10 LTSB
Windows 10","d2085b71-5f1f-43a9-880d-ed159016d5c6
a3c2375d-0c8a-42f9-bce0-28333e198407","2022/08/09 17:00:06","KB5017095-Windows10Rs1Client-RTM-ServicingStackUpdate-X64-TSL-World","200","bfb29625-4aed-4db5-9101-aceaa928a5fe","5017095","","Security Updates","0fa1201d-4330-4fa8-8ae9-b877473b6441","Windows","Software",""
"2022-08 Cumulative Update for .NET Framework 4.8 for Windows 10 Version 1607 for x64 (KB5016373)","Windows 10 LTSB
Windows 10","d2085b71-5f1f-43a9-880d-ed159016d5c6
a3c2375d-0c8a-42f9-bce0-28333e198407","2022/08/09 17:00:00","KB5016373-DotNetCumulative-RS1-Client-x64-Retail","200","ceb6395d-d3d8-459c-84e5-201a346bf123","5016373","","Updates","cd5ffd1e-e932-4e3a-bf74-18bf0b1bbd83","Windows","Software",""
"2022-08 Security Update for Windows 10 Version 1607 for x64-based Systems (KB5012170)","Windows 10 LTSB
Windows 10","d2085b71-5f1f-43a9-880d-ed159016d5c6
a3c2375d-0c8a-42f9-bce0-28333e198407","2022/08/09 17:00:07","KB5012170-Windows10Rs1Client-RTM-StandaloneSecurity-X64-TSL-World","200","1e5d7ddc-6834-4b7b-a5f9-fb769f9fde63","5012170","","Security Updates","0fa1201d-4330-4fa8-8ae9-b877473b6441","Windows","Software",""
"2022-08 Cumulative Update for Windows 10 Version 1607 for x64-based Systems (KB5016622)","Windows 10 LTSB
Windows 10","d2085b71-5f1f-43a9-880d-ed159016d5c6
a3c2375d-0c8a-42f9-bce0-28333e198407","2022/08/09 17:00:06","KB5016622-Windows10Rs1Client-RTM-X64-TSL-World","200","9adbc53e-6989-47db-8196-39572a5ad7c6","5016622","","Security Updates","0fa1201d-4330-4fa8-8ae9-b877473b6441","Windows","Software",""
"2022-09 Cumulative Update for .NET Framework 4.8 for Windows 10 Version 1607 for x64 (KB5017035)","Windows 10 LTSB
Windows 10","d2085b71-5f1f-43a9-880d-ed159016d5c6
a3c2375d-0c8a-42f9-bce0-28333e198407","2022/09/13 17:00:00","KB5017035-DotNetCumulative-RS1-Client-x64-Retail","200","4077d314-a7f2-4a06-9752-26ecf8161d86","5017035","","Updates","cd5ffd1e-e932-4e3a-bf74-18bf0b1bbd83","Windows","Software",""
"2022-09 Cumulative Update for Windows 10 Version 1607 for x64-based Systems (KB5017305)","Windows 10 LTSB
Windows 10","d2085b71-5f1f-43a9-880d-ed159016d5c6
a3c2375d-0c8a-42f9-bce0-28333e198407","2022/09/13 17:00:06","KB5017305-Windows10Rs1Client-RTM-X64-TSL-World","200","2d2b5397-4ebe-4e7f-9dd2-bf5ed0e71fdf","5017305","","Security Updates","0fa1201d-4330-4fa8-8ae9-b877473b6441","Windows","Software",""
"2022-09 Servicing Stack Update for Windows 10 Version 1607 for x64-based Systems (KB5017396)","Windows 10 LTSB
Windows 10","d2085b71-5f1f-43a9-880d-ed159016d5c6
a3c2375d-0c8a-42f9-bce0-28333e198407","2022/09/13 17:00:06","KB5017396-Windows10Rs1Client-RTM-ServicingStackUpdate-X64-TSL-World","200","64441b6c-46bf-496f-9c2d-0c6192610215","5017396","","Security Updates","0fa1201d-4330-4fa8-8ae9-b877473b6441","Windows","Software",""
"2022-10 Cumulative Update for .NET Framework 4.8 for Windows 10 Version 1607 for x64 (KB5018515)","Windows 10 LTSB
Windows 10","d2085b71-5f1f-43a9-880d-ed159016d5c6
a3c2375d-0c8a-42f9-bce0-28333e198407","2022/10/11 17:00:00","KB5018515-DotNetCumulative-RS1-Client-x64-Retail","200","75bf0c5c-37e7-4c28-9ad1-2a7bd55ebaaa","5018515","","Updates","cd5ffd1e-e932-4e3a-bf74-18bf0b1bbd83","Windows","Software",""
"2022-10 Cumulative Update for Windows 10 Version 1607 for x64-based Systems (KB5018411)","Windows 10 LTSB
Windows 10","d2085b71-5f1f-43a9-880d-ed159016d5c6
a3c2375d-0c8a-42f9-bce0-28333e198407","2022/10/11 17:00:06","KB5018411-Windows10Rs1Client-RTM-X64-TSL-World","200","5a3d90f6-b969-4c8d-90d2-f824d05edf83","5018411","","Security Updates","0fa1201d-4330-4fa8-8ae9-b877473b6441","Windows","Software",""
"2022-11 Cumulative Update for .NET Framework 4.8 for Windows 10 Version 1607 for x64 (KB5020614)","Windows 10 LTSB
Windows 10","d2085b71-5f1f-43a9-880d-ed159016d5c6
a3c2375d-0c8a-42f9-bce0-28333e198407","2022/11/08 18:00:00","KB5020614-DotNetCumulative-RS1-Client-x64-Retail","200","357b6552-69cc-45a5-a693-16211ea3b799","5020614","","Security Updates","0fa1201d-4330-4fa8-8ae9-b877473b6441","Windows","Software",""
"2022-11 Cumulative Update for Windows 10 Version 1607 for x64-based Systems (KB5019964)","Windows 10 LTSB
Windows 10","d2085b71-5f1f-43a9-880d-ed159016d5c6
a3c2375d-0c8a-42f9-bce0-28333e198407","2022/11/08 18:00:06","KB5019964-Windows10Rs1Client-RTM-X64-TSL-World","200","1939638e-47ce-449d-8205-bc052cba0f71","5019964","","Security Updates","0fa1201d-4330-4fa8-8ae9-b877473b6441","Windows","Software",""
"2022-12 Cumulative Update for .NET Framework 4.8 for Windows 10 Version 1607 for x64 (KB5020873)","Windows 10 LTSB
Windows 10","d2085b71-5f1f-43a9-880d-ed159016d5c6
a3c2375d-0c8a-42f9-bce0-28333e198407","2022/12/13 18:00:00","KB5020873-DotNetCumulative-RS1-Client-x64-Retail","200","e7cff197-026d-44e4-9284-bc03c1f29df7","5020873","","Security Updates","0fa1201d-4330-4fa8-8ae9-b877473b6441","Windows","Software",""
"2022-12 Cumulative Update for Windows 10 Version 1607 for x64-based Systems (KB5021235)","Windows 10 LTSB
Windows 10","d2085b71-5f1f-43a9-880d-ed159016d5c6
a3c2375d-0c8a-42f9-bce0-28333e198407","2022/12/13 18:00:06","KB5021235-Windows10Rs1Client-RTM-X64-TSL-World","200","63681afd-6fe5-4f19-b349-845c76194a96","5021235","","Security Updates","0fa1201d-4330-4fa8-8ae9-b877473b6441","Windows","Software",""
"2023-01 Cumulative Update for Windows 10 Version 1607 for x64-based Systems (KB5022289)","Windows 10 LTSB
Windows 10","d2085b71-5f1f-43a9-880d-ed159016d5c6
a3c2375d-0c8a-42f9-bce0-28333e198407","2023/01/10 18:00:06","KB5022289-Windows10Rs1Client-RTM-X64-TSL-World","200","fb78ebb3-2dee-4eb7-b519-812248123051","5022289","","Security Updates","0fa1201d-4330-4fa8-8ae9-b877473b6441","Windows","Software",""
"2023-02 Cumulative Update for .NET Framework 4.8 for Windows 10 Version 1607 for x64 (KB5022503)","Windows 10 LTSB
Windows 10","d2085b71-5f1f-43a9-880d-ed159016d5c6
a3c2375d-0c8a-42f9-bce0-28333e198407","2023/02/14 18:00:00","KB5022503-DotNetCumulative-RS1-Client-x64-Retail","201","9356c643-7b1f-41f3-ac06-4a35cba1bcf1","5022503","","Security Updates","0fa1201d-4330-4fa8-8ae9-b877473b6441","Windows","Software",""
"2023-02 Cumulative Update for Windows 10 Version 1607 for x64-based Systems (KB5022838)","Windows 10 LTSB
Windows 10","d2085b71-5f1f-43a9-880d-ed159016d5c6
a3c2375d-0c8a-42f9-bce0-28333e198407","2023/02/14 18:00:06","KB5022838-Windows10Rs1Client-RTM-X64-TSL-World","200","478539ad-8231-4c0f-8b1a-b9c0f987b55c","5022838","","Security Updates","0fa1201d-4330-4fa8-8ae9-b877473b6441","Windows","Software",""
"2023-03 Servicing Stack Update for Windows 10 Version 1607 for x64-based Systems (KB5023788)","Windows 10 LTSB
Windows 10","d2085b71-5f1f-43a9-880d-ed159016d5c6
a3c2375d-0c8a-42f9-bce0-28333e198407","2023/03/14 17:00:06","KB5023788-Windows10Rs1Client-RTM-ServicingStackUpdate-X64-TSL-World","200","0e743c01-413b-4db8-8851-a15ae6d38050","5023788","","Security Updates","0fa1201d-4330-4fa8-8ae9-b877473b6441","Windows","Software",""
"2023-03 Cumulative Update for Windows 10 Version 1607 for x64-based Systems (KB5023697)","Windows 10 LTSB
Windows 10","d2085b71-5f1f-43a9-880d-ed159016d5c6
a3c2375d-0c8a-42f9-bce0-28333e198407","2023/03/14 17:00:06","KB5023697-Windows10Rs1Client-RTM-X64-TSL-World","200","c1f7f2a1-6c0b-4e31-94f1-f2b20cd2786b","5023697","","Security Updates","0fa1201d-4330-4fa8-8ae9-b877473b6441","Windows","Software",""
"2023-04 Cumulative Update for Windows 10 Version 1607 for x64-based Systems (KB5025228)","Windows 10 LTSB
Windows 10","d2085b71-5f1f-43a9-880d-ed159016d5c6
a3c2375d-0c8a-42f9-bce0-28333e198407","2023/04/11 17:00:06","KB5025228-Windows10Rs1Client-RTM-X64-TSL-World","200","6fa20c6b-a053-4cb7-87fd-b4c8a579c79b","5025228","","Security Updates","0fa1201d-4330-4fa8-8ae9-b877473b6441","Windows","Software",""
"2023-05 Cumulative Update for Windows 10 Version 1607 for x64-based Systems (KB5026363)","Windows 10 LTSB
Windows 10","d2085b71-5f1f-43a9-880d-ed159016d5c6
a3c2375d-0c8a-42f9-bce0-28333e198407","2023/05/09 17:00:06","KB5026363-Windows10Rs1Client-RTM-X64-TSL-World","200","b2fd3cf6-cd77-4dbe-990d-0bd9b03f95fb","5026363","","Security Updates","0fa1201d-4330-4fa8-8ae9-b877473b6441","Windows","Software",""
"2023-06 Cumulative Update for .NET Framework 4.8 for Windows 10 Version 1607 for x64 (KB5027123)","Windows 10 LTSB
Windows 10","d2085b71-5f1f-43a9-880d-ed159016d5c6
a3c2375d-0c8a-42f9-bce0-28333e198407","2023/06/13 17:00:00","KB5027123-DotNetCumulative-RS1-Client-x64-Retail","200","0b8ef3c7-e221-4e25-8e31-a053bd99519f","5027123","","Security Updates","0fa1201d-4330-4fa8-8ae9-b877473b6441","Windows","Software",""
"2023-06 Cumulative Update for Windows 10 Version 1607 for x64-based Systems (KB5027219)","Windows 10 LTSB
Windows 10","d2085b71-5f1f-43a9-880d-ed159016d5c6
a3c2375d-0c8a-42f9-bce0-28333e198407","2023/06/13 17:00:06","KB5027219-Windows10Rs1Client-RTM-X64-TSL-World","200","474462f9-61e6-4b2a-8362-bba10798b8f6","5027219","","Security Updates","0fa1201d-4330-4fa8-8ae9-b877473b6441","Windows","Software",""
"2023-07 Cumulative Update for .NET Framework 4.8 for Windows 10 Version 1607 for x64 (KB5028854)","Windows 10 LTSB
Windows 10","d2085b71-5f1f-43a9-880d-ed159016d5c6
a3c2375d-0c8a-42f9-bce0-28333e198407","2023/07/11 17:00:00","KB5028854-DotNetCumulative-RS1-Client-x64-Retail","200","2ce91164-0d7f-4148-903e-1815ff9341f7","5028854","","Updates","cd5ffd1e-e932-4e3a-bf74-18bf0b1bbd83","Windows","Software",""
"2023-07 Cumulative Update for Windows 10 Version 1607 for x64-based Systems (KB5028169)","Windows 10 LTSB
Windows 10","d2085b71-5f1f-43a9-880d-ed159016d5c6
a3c2375d-0c8a-42f9-bce0-28333e198407","2023/07/11 17:00:06","KB5028169-Windows10Rs1Client-RTM-X64-TSL-World","200","d50cb724-3fd4-487f-961a-ff38ce018841","5028169","","Security Updates","0fa1201d-4330-4fa8-8ae9-b877473b6441","Windows","Software",""
"2023-08 Cumulative Update for Windows 10 Version 1607 for x64-based Systems (KB5029242)","Windows 10 LTSB
Windows 10","d2085b71-5f1f-43a9-880d-ed159016d5c6
a3c2375d-0c8a-42f9-bce0-28333e198407","2023/08/08 17:00:06","KB5029242-Windows10Rs1Client-RTM-X64-TSL-World","200","b7a7b576-d3d9-4db3-8998-41f421fec734","5029242","","Security Updates","0fa1201d-4330-4fa8-8ae9-b877473b6441","Windows","Software",""
"2023-08 Cumulative Update for .NET Framework 4.8 for Windows 10 Version 1607 for x64 (KB5028952)","Windows 10 LTSB
Windows 10","d2085b71-5f1f-43a9-880d-ed159016d5c6
a3c2375d-0c8a-42f9-bce0-28333e198407","2023/08/08 17:00:00","KB5028952-DotNetCumulative-RS1-Client-x64-Retail","200","17c4cc14-68d0-46b0-acc6-fc72f939e909","5028952","","Security Updates","0fa1201d-4330-4fa8-8ae9-b877473b6441","Windows","Software",""
"2023-09 Cumulative Update for .NET Framework 4.8 for Windows 10 Version 1607 for x64 (KB5029924)","Windows 10 LTSB
Windows 10","d2085b71-5f1f-43a9-880d-ed159016d5c6
a3c2375d-0c8a-42f9-bce0-28333e198407","2023/09/12 17:00:00","KB5029924-DotNetCumulative-RS1-Client-x64-Retail","200","82f31d43-9c11-43ff-8019-d86828e642dc","5029924","","Security Updates","0fa1201d-4330-4fa8-8ae9-b877473b6441","Windows","Software",""
"2023-09 Cumulative Update for Windows 10 Version 1607 for x64-based Systems (KB5030213)","Windows 10 LTSB
Windows 10","d2085b71-5f1f-43a9-880d-ed159016d5c6
a3c2375d-0c8a-42f9-bce0-28333e198407","2023/09/12 17:00:06","KB5030213-Windows10Rs1Client-RTM-X64-TSL-World","200","d028e1ce-791f-4d9d-b797-dba0788453c4","5030213","","Security Updates","0fa1201d-4330-4fa8-8ae9-b877473b6441","Windows","Software",""
"2023-09 Servicing Stack Update for Windows 10 Version 1607 for x64-based Systems (KB5030504)","Windows 10 LTSB
Windows 10","d2085b71-5f1f-43a9-880d-ed159016d5c6
a3c2375d-0c8a-42f9-bce0-28333e198407","2023/09/12 17:00:06","KB5030504-Windows10Rs1Client-RTM-ServicingStackUpdate-X64-TSL-World","200","5ee2c73b-df0c-44e3-a998-5ea8b6d5598d","5030504","","Security Updates","0fa1201d-4330-4fa8-8ae9-b877473b6441","Windows","Software",""
"2023-10 Cumulative Update for .NET Framework 4.8 for Windows 10 Version 1607 for x64 (KB5031000)","Windows 10 LTSB
Windows 10","d2085b71-5f1f-43a9-880d-ed159016d5c6
a3c2375d-0c8a-42f9-bce0-28333e198407","2023/10/10 17:00:00","KB5031000-DotNetCumulative-RS1-Client-x64-Retail","200","519ab922-8759-4534-97a1-b71144e0caf5","5031000","","Updates","cd5ffd1e-e932-4e3a-bf74-18bf0b1bbd83","Windows","Software",""
"2023-10 Cumulative Update for Windows 10 Version 1607 for x64-based Systems (KB5031362)","Windows 10 LTSB
Windows 10","d2085b71-5f1f-43a9-880d-ed159016d5c6
a3c2375d-0c8a-42f9-bce0-28333e198407","2023/10/10 17:00:06","KB5031362-Windows10Rs1Client-RTM-X64-TSL-World","200","8fb3e8f1-e50e-4949-978a-8b51e5d1a09d","5031362","","Security Updates","0fa1201d-4330-4fa8-8ae9-b877473b6441","Windows","Software",""
"2023-11 Cumulative Update for .NET Framework 4.8 for Windows 10 Version 1607 for x64 (KB5031989)","Windows 10 LTSB
Windows 10","d2085b71-5f1f-43a9-880d-ed159016d5c6
a3c2375d-0c8a-42f9-bce0-28333e198407","2023/11/14 18:00:00","KB5031989-DotNetCumulative-RS1-Client-x64-Retail","200","f52e66f4-656f-47c8-91c1-2ebff5f6e929","5031989","","Security Updates","0fa1201d-4330-4fa8-8ae9-b877473b6441","Windows","Software",""
"2023-11 Cumulative Update for Windows 10 Version 1607 for x64-based Systems (KB5032197)","Windows 10 LTSB
Windows 10","d2085b71-5f1f-43a9-880d-ed159016d5c6
a3c2375d-0c8a-42f9-bce0-28333e198407","2023/11/14 18:00:06","KB5032197-Windows10Rs1Client-RTM-X64-TSL-World","200","01f50d2b-8e36-4e09-8525-c159c263ff14","5032197","","Security Updates","0fa1201d-4330-4fa8-8ae9-b877473b6441","Windows","Software",""
"2023-11 Servicing Stack Update for Windows 10 Version 1607 for x64-based Systems (KB5032391)","Windows 10 LTSB
Windows 10","d2085b71-5f1f-43a9-880d-ed159016d5c6
a3c2375d-0c8a-42f9-bce0-28333e198407","2023/11/14 18:00:06","KB5032391-Windows10Rs1Client-RTM-ServicingStackUpdate-X64-TSL-World","200","3f794819-a978-4ef2-a35b-d64ba1ffb541","5032391","","Security Updates","0fa1201d-4330-4fa8-8ae9-b877473b6441","Windows","Software",""
"2023-12 Cumulative Update for Windows 10 Version 1607 for x64-based Systems (KB5033373)","Windows 10 LTSB
Windows 10","d2085b71-5f1f-43a9-880d-ed159016d5c6
a3c2375d-0c8a-42f9-bce0-28333e198407","2023/12/12 18:00:06","KB5033373-Windows10Rs1Client-RTM-X64-TSL-World","200","f7314e4d-2eec-4692-975d-a8436116a638","5033373","","Security Updates","0fa1201d-4330-4fa8-8ae9-b877473b6441","Windows","Software",""
"2024-01 Cumulative Update for .NET Framework 4.8 for Windows 10 Version 1607 for x64 (KB5033910)","Windows 10 LTSB
Windows 10","d2085b71-5f1f-43a9-880d-ed159016d5c6
a3c2375d-0c8a-42f9-bce0-28333e198407","2024/01/09 18:00:00","KB5033910-DotNetCumulative-RS1-Client-x64-Retail","200","f1dc7267-8e38-49d3-9a67-d1e694806993","5033910","","Security Updates","0fa1201d-4330-4fa8-8ae9-b877473b6441","Windows","Software",""
"2024-01 Cumulative Update for Windows 10 Version 1607 for x64-based Systems (KB5034119)","Windows 10 LTSB
Windows 10","d2085b71-5f1f-43a9-880d-ed159016d5c6
a3c2375d-0c8a-42f9-bce0-28333e198407","2024/01/09 18:00:06","KB5034119-Windows10Rs1Client-RTM-X64-TSL-World","200","7370674d-0d8c-4399-8ad4-641de65a9c31","5034119","","Security Updates","0fa1201d-4330-4fa8-8ae9-b877473b6441","Windows","Software",""
"2024-01 Security Update for Windows 10 Version 1607 for RSAT  for x64-based Systems (KB5035238)","Windows 10 LTSB
Windows 10","d2085b71-5f1f-43a9-880d-ed159016d5c6
a3c2375d-0c8a-42f9-bce0-28333e198407","2024/01/31 22:00:06","KB5035238-Windows10Rs1Client-RTM-StandaloneSecurity-X64-TSL-World","203","6952a60e-ba94-42e2-967c-f899563154c8","5035238","","Security Updates","0fa1201d-4330-4fa8-8ae9-b877473b6441","Windows","Software",""
"2024-02 Cumulative Update for Windows 10 Version 1607 for x64-based Systems (KB5034767)","Windows 10 LTSB
Windows 10","d2085b71-5f1f-43a9-880d-ed159016d5c6
a3c2375d-0c8a-42f9-bce0-28333e198407","2024/02/13 18:00:06","KB5034767-Windows10Rs1Client-RTM-X64-TSL-World","200","1f0904b2-8001-402c-8af1-c1a919a38564","5034767","","Security Updates","0fa1201d-4330-4fa8-8ae9-b877473b6441","Windows","Software",""
"2024-02 Cumulative Update for .NET Framework 4.8 for Windows 10 Version 1607 for x64 (KB5034614)","Windows 10 LTSB
Windows 10","d2085b71-5f1f-43a9-880d-ed159016d5c6
a3c2375d-0c8a-42f9-bce0-28333e198407","2024/02/13 18:00:00","KB5034614-DotNetCumulative-RS1-Client-x64-Retail","200","3ba9e829-fcaa-4869-8415-c6836d73a1dc","5034614","","Updates","cd5ffd1e-e932-4e3a-bf74-18bf0b1bbd83","Windows","Software",""
"2024-02 Servicing Stack Update for Windows 10 Version 1607 for x64-based Systems (KB5034862)","Windows 10 LTSB
Windows 10","d2085b71-5f1f-43a9-880d-ed159016d5c6
a3c2375d-0c8a-42f9-bce0-28333e198407","2024/02/13 18:00:06","KB5034862-Windows10Rs1Client-RTM-ServicingStackUpdate-X64-TSL-World","200","97dc1a0e-a7dd-4532-a359-c3bed04ffe80","5034862","","Security Updates","0fa1201d-4330-4fa8-8ae9-b877473b6441","Windows","Software",""
"2024-03 Servicing Stack Update for Windows 10 Version 1607 for x64-based Systems (KB5035962)","Windows 10 LTSB
Windows 10","d2085b71-5f1f-43a9-880d-ed159016d5c6
a3c2375d-0c8a-42f9-bce0-28333e198407","2024/03/12 17:00:00","KB5035962-ServicingStackUpdate-RS1-Client-x64-Retail","200","786ec141-2c25-45c5-bef2-f59cfc72e11d","5035962","","Security Updates","0fa1201d-4330-4fa8-8ae9-b877473b6441","Windows","Software",""
"2024-03 Cumulative Update for Windows 10 Version 1607 for x64-based Systems (KB5035855)","Windows 10 LTSB
Windows 10","d2085b71-5f1f-43a9-880d-ed159016d5c6
a3c2375d-0c8a-42f9-bce0-28333e198407","2024/03/12 17:00:00","KB5035855-Cumulative-RS1-Client-x64-Retail","200","a8652c3e-561c-4dbe-be57-454c4abb46ce","5035855","","Security Updates","0fa1201d-4330-4fa8-8ae9-b877473b6441","Windows","Software",""
"2024-04 Cumulative Update for Windows 10 Version 1607 for x64-based Systems (KB5036899)","Windows 10 LTSB
Windows 10","d2085b71-5f1f-43a9-880d-ed159016d5c6
a3c2375d-0c8a-42f9-bce0-28333e198407","2024/04/09 17:00:00","KB5036899-Cumulative-RS1-Client-x64-Retail","200","fa8351b7-409a-41b0-831a-98f01401749a","5036899","","Security Updates","0fa1201d-4330-4fa8-8ae9-b877473b6441","Windows","Software",""
"2024-04 Servicing Stack Update for Windows 10 Version 1607 for x64-based Systems (KB5037016)","Windows 10 LTSB
Windows 10","d2085b71-5f1f-43a9-880d-ed159016d5c6
a3c2375d-0c8a-42f9-bce0-28333e198407","2024/04/09 17:00:00","KB5037016-ServicingStackUpdate-RS1-Client-x64-Retail","200","71280eca-958f-4b97-a088-5f5e0129c213","5037016","","Security Updates","0fa1201d-4330-4fa8-8ae9-b877473b6441","Windows","Software",""
"2024-04 Cumulative Update for .NET Framework 4.8 for Windows 10 Version 1607 for x64 (KB5036609)","Windows 10 LTSB
Windows 10","d2085b71-5f1f-43a9-880d-ed159016d5c6
a3c2375d-0c8a-42f9-bce0-28333e198407","2024/04/09 17:00:00","KB5036609-DotNetCumulative-RS1-Client-x64-Retail","200","b63646c6-1461-4540-b112-fa1c698e9cff","5036609","","Security Updates","0fa1201d-4330-4fa8-8ae9-b877473b6441","Windows","Software",""
"Dynamic Update for Windows 10 Version 1607 for x64-based Systems (KB3197099)","Windows 10 and later Dynamic Update","e4b04398-adbd-4b69-93b9-477322331cd3","2016/10/11 17:00:00","KB3197099-Windows10Rs1Client-RTM-CriticalDU-X64-TSL-World","201","a183ac97-382a-4c20-b958-da34de234d27","3197099","","Critical Updates","e6cf1350-c01b-414d-a61f-263d14d133b4","Windows","Software",""
"2017-09 Dynamic Update for Windows 10 Version 1607 for x64-based Systems (KB4039556)","Windows 10 and later Dynamic Update","e4b04398-adbd-4b69-93b9-477322331cd3","2017/09/12 17:00:03","KB4039556-Windows10Rs1Client-RTM-SetupDU-X64-TSL-World","202","fd66e2bc-0a04-4d34-9cea-78fd3d71056e","4039556","","Critical Updates","e6cf1350-c01b-414d-a61f-263d14d133b4","Windows","Software",""
