﻿"Title","ProductTitles","ProductIds","CreationDate","LegacyName","Id.RevisionNumber","Id.UpdateId","KnowledgebaseArticles","SecurityBulletins","UpdateClassificationTitle","UpdateClassificationId","ProductFamilyTitles","UpdateType","Action"
"GDR-DU: LanguageFeatureOnDemand - Windows 10 Insider Preview 14390 for AMD64-based Systems - (KB3179271) [kk-KZ]","Windows 10 and later GDR-DU","abc45868-0c9c-4bc0-a36d-03d54113baf4","2016/07/14 0:48:09","KB3179271-Win10-TH1-GDR-DU-RTM-LanguageFeatureOnDemand-X64-TSL-rs1_release-KKZ","201","3206bdc7-5dc0-4f09-bff7-478ae1ce8fab","3179271","","Updates","cd5ffd1e-e932-4e3a-bf74-18bf0b1bbd83","Windows","Software",""
"GDR-DU: LanguageFeatureOnDemand - Windows 10 Insider Preview 14390 for AMD64-based Systems - (KB3179271) [ne-NP]","Windows 10 and later GDR-DU","abc45868-0c9c-4bc0-a36d-03d54113baf4","2016/07/14 0:48:09","KB3179271-Win10-TH1-GDR-DU-RTM-LanguageFeatureOnDemand-X64-TSL-rs1_release-NEP","201","b0fc9707-c963-4f06-a840-232be7b70e53","3179271","","Updates","cd5ffd1e-e932-4e3a-bf74-18bf0b1bbd83","Windows","Software",""
"GDR-DU: LanguageFeatureOnDemand - Windows 10 Insider Preview 14390 for AMD64-based Systems - (KB3179271) [id-ID]","Windows 10 and later GDR-DU","abc45868-0c9c-4bc0-a36d-03d54113baf4","2016/07/14 0:48:09","KB3179271-Win10-TH1-GDR-DU-RTM-LanguageFeatureOnDemand-X64-TSL-rs1_release-IND","201","c378815f-0b31-4c5e-9d0d-52cf426db2de","3179271","","Updates","cd5ffd1e-e932-4e3a-bf74-18bf0b1bbd83","Windows","Software",""
"GDR-DU: LanguageFeatureOnDemand - Windows 10 Insider Preview 14390 for AMD64-based Systems - (KB3179271) [zu-ZA]","Windows 10 and later GDR-DU","abc45868-0c9c-4bc0-a36d-03d54113baf4","2016/07/14 0:48:09","KB3179271-Win10-TH1-GDR-DU-RTM-LanguageFeatureOnDemand-X64-TSL-rs1_release-ZUL","201","3207338d-31b0-4715-bb2c-06d5ecb0dd40","3179271","","Updates","cd5ffd1e-e932-4e3a-bf74-18bf0b1bbd83","Windows","Software",""
"GDR-DU: LanguageFeatureOnDemand - Windows 10 Insider Preview 14390 for AMD64-based Systems - (KB3179271) [ky-KG]","Windows 10 and later GDR-DU","abc45868-0c9c-4bc0-a36d-03d54113baf4","2016/07/14 0:48:09","KB3179271-Win10-TH1-GDR-DU-RTM-LanguageFeatureOnDemand-X64-TSL-rs1_release-KYR","201","de90e29b-65c8-4eab-bdf0-b52e8eb72de8","3179271","","Updates","cd5ffd1e-e932-4e3a-bf74-18bf0b1bbd83","Windows","Software",""
"GDR-DU: LanguageFeatureOnDemand - Windows 10 Insider Preview 14390 for AMD64-based Systems - (KB3179271) [mk-MK]","Windows 10 and later GDR-DU","abc45868-0c9c-4bc0-a36d-03d54113baf4","2016/07/14 0:48:09","KB3179271-Win10-TH1-GDR-DU-RTM-LanguageFeatureOnDemand-X64-TSL-rs1_release-MKI","201","e481e516-3bd5-4621-aa4f-08a96ef1d8e0","3179271","","Updates","cd5ffd1e-e932-4e3a-bf74-18bf0b1bbd83","Windows","Software",""
"GDR-DU: LanguageFeatureOnDemand - Windows 10 Insider Preview 14390 for AMD64-based Systems - (KB3179271) [ga-IE]","Windows 10 and later GDR-DU","abc45868-0c9c-4bc0-a36d-03d54113baf4","2016/07/14 0:48:09","KB3179271-Win10-TH1-GDR-DU-RTM-LanguageFeatureOnDemand-X64-TSL-rs1_release-IRE","201","e7cc3361-69d8-4a8d-b51f-6e4709e69f8b","3179271","","Updates","cd5ffd1e-e932-4e3a-bf74-18bf0b1bbd83","Windows","Software",""
"GDR-DU: LanguageFeatureOnDemand - Windows 10 Insider Preview 14390 for AMD64-based Systems - (KB3179271) [chr-CHER-US]","Windows 10 and later GDR-DU","abc45868-0c9c-4bc0-a36d-03d54113baf4","2016/07/14 0:48:09","KB3179271-Win10-TH1-GDR-DU-RTM-LanguageFeatureOnDemand-X64-TSL-rs1_release-CRE","201","e8d92628-f2f3-4d55-88a3-9fb6cba3ed51","3179271","","Updates","cd5ffd1e-e932-4e3a-bf74-18bf0b1bbd83","Windows","Software",""
"GDR-DU: LanguageFeatureOnDemand - Windows 10 Insider Preview 14390 for AMD64-based Systems - (KB3179271) [or-IN]","Windows 10 and later GDR-DU","abc45868-0c9c-4bc0-a36d-03d54113baf4","2016/07/14 0:48:09","KB3179271-Win10-TH1-GDR-DU-RTM-LanguageFeatureOnDemand-X64-TSL-rs1_release-ORI","201","11831092-62e4-4064-8b53-9f2f3308af25","3179271","","Updates","cd5ffd1e-e932-4e3a-bf74-18bf0b1bbd83","Windows","Software",""
"GDR-DU: LanguageFeatureOnDemand - Windows 10 Insider Preview 14390 for AMD64-based Systems - (KB3179271) [sq-AL]","Windows 10 and later GDR-DU","abc45868-0c9c-4bc0-a36d-03d54113baf4","2016/07/14 0:48:09","KB3179271-Win10-TH1-GDR-DU-RTM-LanguageFeatureOnDemand-X64-TSL-rs1_release-SQI","201","404ebd22-ea02-4260-9380-3281c71e65eb","3179271","","Updates","cd5ffd1e-e932-4e3a-bf74-18bf0b1bbd83","Windows","Software",""
"GDR-DU: LanguageFeatureOnDemand - Windows 10 Insider Preview 14390 for AMD64-based Systems - (KB3179271) [is-IS]","Windows 10 and later GDR-DU","abc45868-0c9c-4bc0-a36d-03d54113baf4","2016/07/14 0:48:09","KB3179271-Win10-TH1-GDR-DU-RTM-LanguageFeatureOnDemand-X64-TSL-rs1_release-ISL","201","38b22595-db48-4b60-ad2c-c5693852f3f4","3179271","","Updates","cd5ffd1e-e932-4e3a-bf74-18bf0b1bbd83","Windows","Software",""
"GDR-DU: LanguageFeatureOnDemand - Windows 10 Insider Preview 14390 for AMD64-based Systems - (KB3179271) [kok-IN]","Windows 10 and later GDR-DU","abc45868-0c9c-4bc0-a36d-03d54113baf4","2016/07/14 0:48:09","KB3179271-Win10-TH1-GDR-DU-RTM-LanguageFeatureOnDemand-X64-TSL-rs1_release-KNK","201","3bedc89c-b6ce-40ad-a859-76ddea93384f","3179271","","Updates","cd5ffd1e-e932-4e3a-bf74-18bf0b1bbd83","Windows","Software",""
"GDR-DU: LanguageFeatureOnDemand - Windows 10 Insider Preview 14390 for AMD64-based Systems - (KB3179271) [pt-PT]","Windows 10 and later GDR-DU","abc45868-0c9c-4bc0-a36d-03d54113baf4","2016/07/14 0:48:09","KB3179271-Win10-TH1-GDR-DU-RTM-LanguageFeatureOnDemand-X64-TSL-rs1_release-PTG","201","1e7e1370-c070-451c-82ad-800d7aca3aaf","3179271","","Updates","cd5ffd1e-e932-4e3a-bf74-18bf0b1bbd83","Windows","Software",""
"GDR-DU: LanguageFeatureOnDemand - Windows 10 Insider Preview 14390 for AMD64-based Systems - (KB3179271) [si-LK]","Windows 10 and later GDR-DU","abc45868-0c9c-4bc0-a36d-03d54113baf4","2016/07/14 0:48:09","KB3179271-Win10-TH1-GDR-DU-RTM-LanguageFeatureOnDemand-X64-TSL-rs1_release-SIN","201","f2ee3d76-f1ba-4474-8d2e-20f007ed6b1f","3179271","","Updates","cd5ffd1e-e932-4e3a-bf74-18bf0b1bbd83","Windows","Software",""
"GDR-DU: LanguageFeatureOnDemand - Windows 10 Insider Preview 14390 for AMD64-based Systems - (KB3179271) [as-IN]","Windows 10 and later GDR-DU","abc45868-0c9c-4bc0-a36d-03d54113baf4","2016/07/14 0:48:09","KB3179271-Win10-TH1-GDR-DU-RTM-LanguageFeatureOnDemand-X64-TSL-rs1_release-ASM","201","5166afdb-e877-4dc1-a17c-3c26725b8930","3179271","","Updates","cd5ffd1e-e932-4e3a-bf74-18bf0b1bbd83","Windows","Software",""
"GDR-DU: LanguageFeatureOnDemand - Windows 10 Insider Preview 14390 for AMD64-based Systems - (KB3179271) [sr-Cyrl-RS]","Windows 10 and later GDR-DU","abc45868-0c9c-4bc0-a36d-03d54113baf4","2016/07/14 0:48:09","KB3179271-Win10-TH1-GDR-DU-RTM-LanguageFeatureOnDemand-X64-TSL-rs1_release-SRB","201","b4e4d489-3ccd-4109-a99f-be61e54cb2d3","3179271","","Updates","cd5ffd1e-e932-4e3a-bf74-18bf0b1bbd83","Windows","Software",""
"GDR-DU: LanguageFeatureOnDemand - Windows 10 Insider Preview 14390 for AMD64-based Systems - (KB3179271) [pa-IN]","Windows 10 and later GDR-DU","abc45868-0c9c-4bc0-a36d-03d54113baf4","2016/07/14 0:48:09","KB3179271-Win10-TH1-GDR-DU-RTM-LanguageFeatureOnDemand-X64-TSL-rs1_release-PAN","201","20b21dd7-72cc-4e72-b605-2e050098fb27","3179271","","Updates","cd5ffd1e-e932-4e3a-bf74-18bf0b1bbd83","Windows","Software",""
"GDR-DU: LanguageFeatureOnDemand - Windows 10 Insider Preview 14390 for AMD64-based Systems - (KB3179271) [ro-RO]","Windows 10 and later GDR-DU","abc45868-0c9c-4bc0-a36d-03d54113baf4","2016/07/14 0:48:09","KB3179271-Win10-TH1-GDR-DU-RTM-LanguageFeatureOnDemand-X64-TSL-rs1_release-ROM","201","c0318202-1eba-4aad-831b-e93c48695441","3179271","","Updates","cd5ffd1e-e932-4e3a-bf74-18bf0b1bbd83","Windows","Software",""
"GDR-DU: LanguageFeatureOnDemand - Windows 10 Insider Preview 14390 for AMD64-based Systems - (KB3179271) [mr-IN]","Windows 10 and later GDR-DU","abc45868-0c9c-4bc0-a36d-03d54113baf4","2016/07/14 0:48:09","KB3179271-Win10-TH1-GDR-DU-RTM-LanguageFeatureOnDemand-X64-TSL-rs1_release-MAR","201","e0e1e811-eff6-40e6-a43b-5c13ebf3f89d","3179271","","Updates","cd5ffd1e-e932-4e3a-bf74-18bf0b1bbd83","Windows","Software",""
"GDR-DU: LanguageFeatureOnDemand - Windows 10 Insider Preview 14390 for AMD64-based Systems - (KB3179271) [ta-IN]","Windows 10 and later GDR-DU","abc45868-0c9c-4bc0-a36d-03d54113baf4","2016/07/14 0:48:09","KB3179271-Win10-TH1-GDR-DU-RTM-LanguageFeatureOnDemand-X64-TSL-rs1_release-TAM","201","87b3ba48-2340-4e01-b0fe-a87cc335c19a","3179271","","Updates","cd5ffd1e-e932-4e3a-bf74-18bf0b1bbd83","Windows","Software",""
"GDR-DU: LanguageFeatureOnDemand - Windows 10 Insider Preview 14390 for AMD64-based Systems - (KB3179271) [el-GR]","Windows 10 and later GDR-DU","abc45868-0c9c-4bc0-a36d-03d54113baf4","2016/07/14 0:48:09","KB3179271-Win10-TH1-GDR-DU-RTM-LanguageFeatureOnDemand-X64-TSL-rs1_release-ELL","201","35206dad-09ac-434d-8e26-0a656ae5aadd","3179271","","Updates","cd5ffd1e-e932-4e3a-bf74-18bf0b1bbd83","Windows","Software",""
"GDR-DU: LanguageFeatureOnDemand - Windows 10 Insider Preview 14390 for AMD64-based Systems - (KB3179271) [uk-UA]","Windows 10 and later GDR-DU","abc45868-0c9c-4bc0-a36d-03d54113baf4","2016/07/14 0:48:09","KB3179271-Win10-TH1-GDR-DU-RTM-LanguageFeatureOnDemand-X64-TSL-rs1_release-UKR","201","34ec2906-40f4-4402-a3ff-de540434fafe","3179271","","Updates","cd5ffd1e-e932-4e3a-bf74-18bf0b1bbd83","Windows","Software",""
"GDR-DU: LanguageFeatureOnDemand - Windows 10 Insider Preview 14390 for AMD64-based Systems - (KB3179271) [et-EE]","Windows 10 and later GDR-DU","abc45868-0c9c-4bc0-a36d-03d54113baf4","2016/07/14 0:48:09","KB3179271-Win10-TH1-GDR-DU-RTM-LanguageFeatureOnDemand-X64-TSL-rs1_release-ETI","201","8aecbe1d-8f24-4c77-a093-922620ce1042","3179271","","Updates","cd5ffd1e-e932-4e3a-bf74-18bf0b1bbd83","Windows","Software",""
"GDR-DU: LanguageFeatureOnDemand - Windows 10 Insider Preview 14390 for AMD64-based Systems - (KB3179271) [fa-IR]","Windows 10 and later GDR-DU","abc45868-0c9c-4bc0-a36d-03d54113baf4","2016/07/14 0:48:09","KB3179271-Win10-TH1-GDR-DU-RTM-LanguageFeatureOnDemand-X64-TSL-rs1_release-FAR","201","8bb88d5c-f317-426d-8e03-db9dd83f3dda","3179271","","Updates","cd5ffd1e-e932-4e3a-bf74-18bf0b1bbd83","Windows","Software",""
"GDR-DU: LanguageFeatureOnDemand - Windows 10 Insider Preview 14390 for AMD64-based Systems - (KB3179271) [ka-GE]","Windows 10 and later GDR-DU","abc45868-0c9c-4bc0-a36d-03d54113baf4","2016/07/14 0:48:09","KB3179271-Win10-TH1-GDR-DU-RTM-LanguageFeatureOnDemand-X64-TSL-rs1_release-KAT","201","899ffc5f-776f-4622-9eea-d9e52e757213","3179271","","Updates","cd5ffd1e-e932-4e3a-bf74-18bf0b1bbd83","Windows","Software",""
"GDR-DU: LanguageFeatureOnDemand - Windows 10 Insider Preview 14390 for AMD64-based Systems - (KB3179271) [en-in]","Windows 10 and later GDR-DU","abc45868-0c9c-4bc0-a36d-03d54113baf4","2016/07/14 0:48:09","KB3179271-Win10-TH1-GDR-DU-RTM-LanguageFeatureOnDemand-X64-TSL-rs1_release-ENN","201","82a5a6ab-3e9e-421d-84f4-d9ea6ecf6c2f","3179271","","Updates","cd5ffd1e-e932-4e3a-bf74-18bf0b1bbd83","Windows","Software",""
"GDR-DU: LanguageFeatureOnDemand - Windows 10 Insider Preview 14390 for AMD64-based Systems - (KB3179271) [kn-IN]","Windows 10 and later GDR-DU","abc45868-0c9c-4bc0-a36d-03d54113baf4","2016/07/14 0:48:09","KB3179271-Win10-TH1-GDR-DU-RTM-LanguageFeatureOnDemand-X64-TSL-rs1_release-KDI","201","002a442b-e3e7-4355-a1b9-6701e0bf8772","3179271","","Updates","cd5ffd1e-e932-4e3a-bf74-18bf0b1bbd83","Windows","Software",""
"GDR-DU: LanguageFeatureOnDemand - Windows 10 Insider Preview 14390 for AMD64-based Systems - (KB3179271) [am-ET]","Windows 10 and later GDR-DU","abc45868-0c9c-4bc0-a36d-03d54113baf4","2016/07/14 0:48:09","KB3179271-Win10-TH1-GDR-DU-RTM-LanguageFeatureOnDemand-X64-TSL-rs1_release-AMH","201","8a085b94-b59e-44b5-affb-30fb6a1c7786","3179271","","Updates","cd5ffd1e-e932-4e3a-bf74-18bf0b1bbd83","Windows","Software",""
"GDR-DU: LanguageFeatureOnDemand - Windows 10 Insider Preview 14390 for AMD64-based Systems - (KB3179271) [en-ca]","Windows 10 and later GDR-DU","abc45868-0c9c-4bc0-a36d-03d54113baf4","2016/07/14 0:48:09","KB3179271-Win10-TH1-GDR-DU-RTM-LanguageFeatureOnDemand-X64-TSL-rs1_release-CAN","201","9839c796-1c0e-418d-9c0e-8c947411a27e","3179271","","Updates","cd5ffd1e-e932-4e3a-bf74-18bf0b1bbd83","Windows","Software",""
"GDR-DU: LanguageFeatureOnDemand - Windows 10 Insider Preview 14390 for AMD64-based Systems - (KB3179271) [ur-PK]","Windows 10 and later GDR-DU","abc45868-0c9c-4bc0-a36d-03d54113baf4","2016/07/14 0:48:09","KB3179271-Win10-TH1-GDR-DU-RTM-LanguageFeatureOnDemand-X64-TSL-rs1_release-URD","201","04b11c28-18d2-45d9-a1c8-ef8033b02753","3179271","","Updates","cd5ffd1e-e932-4e3a-bf74-18bf0b1bbd83","Windows","Software",""
"GDR-DU: LanguageFeatureOnDemand - Windows 10 Insider Preview 14390 for AMD64-based Systems - (KB3179271) [af-ZA]","Windows 10 and later GDR-DU","abc45868-0c9c-4bc0-a36d-03d54113baf4","2016/07/14 0:48:09","KB3179271-Win10-TH1-GDR-DU-RTM-LanguageFeatureOnDemand-X64-TSL-rs1_release-AFK","201","005cfaf1-4fe0-4daa-a56b-4da0f1a34a19","3179271","","Updates","cd5ffd1e-e932-4e3a-bf74-18bf0b1bbd83","Windows","Software",""
"GDR-DU: LanguageFeatureOnDemand - Windows 10 Insider Preview 14390 for AMD64-based Systems - (KB3179271) [sl-SI]","Windows 10 and later GDR-DU","abc45868-0c9c-4bc0-a36d-03d54113baf4","2016/07/14 0:48:09","KB3179271-Win10-TH1-GDR-DU-RTM-LanguageFeatureOnDemand-X64-TSL-rs1_release-SLV","201","8be0c64e-4f17-4658-8756-5b15537fcfd4","3179271","","Updates","cd5ffd1e-e932-4e3a-bf74-18bf0b1bbd83","Windows","Software",""
"GDR-DU: LanguageFeatureOnDemand - Windows 10 Insider Preview 14390 for AMD64-based Systems - (KB3179271) [tt-RU]","Windows 10 and later GDR-DU","abc45868-0c9c-4bc0-a36d-03d54113baf4","2016/07/14 0:48:09","KB3179271-Win10-TH1-GDR-DU-RTM-LanguageFeatureOnDemand-X64-TSL-rs1_release-TTT","201","5c4729f8-abae-4962-9863-c9513523ca6d","3179271","","Updates","cd5ffd1e-e932-4e3a-bf74-18bf0b1bbd83","Windows","Software",""
"GDR-DU: LanguageFeatureOnDemand - Windows 10 Insider Preview 14390 for AMD64-based Systems - (KB3179271) [sk-SK]","Windows 10 and later GDR-DU","abc45868-0c9c-4bc0-a36d-03d54113baf4","2016/07/14 0:48:09","KB3179271-Win10-TH1-GDR-DU-RTM-LanguageFeatureOnDemand-X64-TSL-rs1_release-SKY","201","59eee220-b56f-4024-8995-4d7edd368d5a","3179271","","Updates","cd5ffd1e-e932-4e3a-bf74-18bf0b1bbd83","Windows","Software",""
"GDR-DU: LanguageFeatureOnDemand - Windows 10 Insider Preview 14390 for AMD64-based Systems - (KB3179271) [en-US]","Windows 10 and later GDR-DU","abc45868-0c9c-4bc0-a36d-03d54113baf4","2016/07/14 0:48:09","KB3179271-Win10-TH1-GDR-DU-RTM-LanguageFeatureOnDemand-X64-TSL-rs1_release-ENU","201","189a47c4-7a5d-46bb-b04c-414149baedec","3179271","","Updates","cd5ffd1e-e932-4e3a-bf74-18bf0b1bbd83","Windows","Software",""
"GDR-DU: LanguageFeatureOnDemand - Windows 10 Insider Preview 14390 for AMD64-based Systems - (KB3179271) [nl-be]","Windows 10 and later GDR-DU","abc45868-0c9c-4bc0-a36d-03d54113baf4","2016/07/14 0:48:09","KB3179271-Win10-TH1-GDR-DU-RTM-LanguageFeatureOnDemand-X64-TSL-rs1_release-nl-be","201","4dfb1317-5bc1-4a11-901a-c7ebb0de299b","3179271","","Updates","cd5ffd1e-e932-4e3a-bf74-18bf0b1bbd83","Windows","Software",""
"GDR-DU: LanguageFeatureOnDemand - Windows 10 Insider Preview 14390 for AMD64-based Systems - (KB3179271) [tn-ZA]","Windows 10 and later GDR-DU","abc45868-0c9c-4bc0-a36d-03d54113baf4","2016/07/14 0:48:09","KB3179271-Win10-TH1-GDR-DU-RTM-LanguageFeatureOnDemand-X64-TSL-rs1_release-TSN","201","4ad7d2f8-5585-4b05-9dc0-1a795b3cc3db","3179271","","Updates","cd5ffd1e-e932-4e3a-bf74-18bf0b1bbd83","Windows","Software",""
"GDR-DU: LanguageFeatureOnDemand - Windows 10 Insider Preview 14390 for AMD64-based Systems - (KB3179271) [sv-SE]","Windows 10 and later GDR-DU","abc45868-0c9c-4bc0-a36d-03d54113baf4","2016/07/14 0:48:09","KB3179271-Win10-TH1-GDR-DU-RTM-LanguageFeatureOnDemand-X64-TSL-rs1_release-SVE","201","57497523-9bf5-41b1-b251-f7c0ac089938","3179271","","Updates","cd5ffd1e-e932-4e3a-bf74-18bf0b1bbd83","Windows","Software",""
"GDR-DU: LanguageFeatureOnDemand - Windows 10 Insider Preview 14390 for AMD64-based Systems - (KB3179271) [gl-ES]","Windows 10 and later GDR-DU","abc45868-0c9c-4bc0-a36d-03d54113baf4","2016/07/14 0:48:09","KB3179271-Win10-TH1-GDR-DU-RTM-LanguageFeatureOnDemand-X64-TSL-rs1_release-GLC","201","20c5395a-a475-4969-bb26-567bde16c6b3","3179271","","Updates","cd5ffd1e-e932-4e3a-bf74-18bf0b1bbd83","Windows","Software",""
"GDR-DU: LanguageFeatureOnDemand - Windows 10 Insider Preview 14390 for AMD64-based Systems - (KB3179271) [bn-IN]","Windows 10 and later GDR-DU","abc45868-0c9c-4bc0-a36d-03d54113baf4","2016/07/14 0:48:09","KB3179271-Win10-TH1-GDR-DU-RTM-LanguageFeatureOnDemand-X64-TSL-rs1_release-BNG","201","599e58c3-ed56-467a-8cb2-077ef03fcd85","3179271","","Updates","cd5ffd1e-e932-4e3a-bf74-18bf0b1bbd83","Windows","Software",""
"GDR-DU: LanguageFeatureOnDemand - Windows 10 Insider Preview 14390 for AMD64-based Systems - (KB3179271) [bg-BG]","Windows 10 and later GDR-DU","abc45868-0c9c-4bc0-a36d-03d54113baf4","2016/07/14 0:48:09","KB3179271-Win10-TH1-GDR-DU-RTM-LanguageFeatureOnDemand-X64-TSL-rs1_release-BGR","201","ac72a2b8-952d-4a72-99c7-486810abf713","3179271","","Updates","cd5ffd1e-e932-4e3a-bf74-18bf0b1bbd83","Windows","Software",""
"GDR-DU: LanguageFeatureOnDemand - Windows 10 Insider Preview 14390 for AMD64-based Systems - (KB3179271) [hy-AM]","Windows 10 and later GDR-DU","abc45868-0c9c-4bc0-a36d-03d54113baf4","2016/07/14 0:48:09","KB3179271-Win10-TH1-GDR-DU-RTM-LanguageFeatureOnDemand-X64-TSL-rs1_release-HYE","201","3e039e91-9c56-438c-a612-4239f4639a76","3179271","","Updates","cd5ffd1e-e932-4e3a-bf74-18bf0b1bbd83","Windows","Software",""
"GDR-DU: LanguageFeatureOnDemand - Windows 10 Insider Preview 14390 for AMD64-based Systems - (KB3179271) [mt-MT]","Windows 10 and later GDR-DU","abc45868-0c9c-4bc0-a36d-03d54113baf4","2016/07/14 0:48:09","KB3179271-Win10-TH1-GDR-DU-RTM-LanguageFeatureOnDemand-X64-TSL-rs1_release-MLT","201","832dd954-62fd-4edd-9220-e598265c50c7","3179271","","Updates","cd5ffd1e-e932-4e3a-bf74-18bf0b1bbd83","Windows","Software",""
"GDR-DU: LanguageFeatureOnDemand - Windows 10 Insider Preview 14390 for AMD64-based Systems - (KB3179271) [hi-IN]","Windows 10 and later GDR-DU","abc45868-0c9c-4bc0-a36d-03d54113baf4","2016/07/14 0:48:09","KB3179271-Win10-TH1-GDR-DU-RTM-LanguageFeatureOnDemand-X64-TSL-rs1_release-HIN","201","7eb094db-41b3-4245-a878-026a9f71b4ad","3179271","","Updates","cd5ffd1e-e932-4e3a-bf74-18bf0b1bbd83","Windows","Software",""
"GDR-DU: LanguageFeatureOnDemand - Windows 10 Insider Preview 14390 for AMD64-based Systems - (KB3179271) [ru-RU]","Windows 10 and later GDR-DU","abc45868-0c9c-4bc0-a36d-03d54113baf4","2016/07/14 0:48:09","KB3179271-Win10-TH1-GDR-DU-RTM-LanguageFeatureOnDemand-X64-TSL-rs1_release-RUS","201","7c1291bf-1cae-4d29-947d-4a6adb7e6b1c","3179271","","Updates","cd5ffd1e-e932-4e3a-bf74-18bf0b1bbd83","Windows","Software",""
"GDR-DU: LanguageFeatureOnDemand - Windows 10 Insider Preview 14390 for AMD64-based Systems - (KB3179271) [es-MX]","Windows 10 and later GDR-DU","abc45868-0c9c-4bc0-a36d-03d54113baf4","2016/07/14 0:48:09","KB3179271-Win10-TH1-GDR-DU-RTM-LanguageFeatureOnDemand-X64-TSL-rs1_release-ESM","201","fee0aaf2-00dc-4445-a220-811747b9ea07","3179271","","Updates","cd5ffd1e-e932-4e3a-bf74-18bf0b1bbd83","Windows","Software",""
"GDR-DU: LanguageFeatureOnDemand - Windows 10 Insider Preview 14390 for AMD64-based Systems - (KB3179271) [nso-ZA]","Windows 10 and later GDR-DU","abc45868-0c9c-4bc0-a36d-03d54113baf4","2016/07/14 0:48:09","KB3179271-Win10-TH1-GDR-DU-RTM-LanguageFeatureOnDemand-X64-TSL-rs1_release-NSO","201","77c63166-214f-4c7b-818e-6b9dfa057cb6","3179271","","Updates","cd5ffd1e-e932-4e3a-bf74-18bf0b1bbd83","Windows","Software",""
"GDR-DU: LanguageFeatureOnDemand - Windows 10 Insider Preview 14390 for AMD64-based Systems - (KB3179271) [eu-ES]","Windows 10 and later GDR-DU","abc45868-0c9c-4bc0-a36d-03d54113baf4","2016/07/14 0:48:09","KB3179271-Win10-TH1-GDR-DU-RTM-LanguageFeatureOnDemand-X64-TSL-rs1_release-EUQ","201","9f1ab94c-ae97-49e8-a6e1-9187b7829956","3179271","","Updates","cd5ffd1e-e932-4e3a-bf74-18bf0b1bbd83","Windows","Software",""
"GDR-DU: LanguageFeatureOnDemand - Windows 10 Insider Preview 14390 for AMD64-based Systems - (KB3179271) [en-au]","Windows 10 and later GDR-DU","abc45868-0c9c-4bc0-a36d-03d54113baf4","2016/07/14 0:48:09","KB3179271-Win10-TH1-GDR-DU-RTM-LanguageFeatureOnDemand-X64-TSL-rs1_release-AUS","201","7369876b-904c-4a00-b1e9-9d3a81918883","3179271","","Updates","cd5ffd1e-e932-4e3a-bf74-18bf0b1bbd83","Windows","Software",""
"GDR-DU: LanguageFeatureOnDemand - Windows 10 Insider Preview 14390 for AMD64-based Systems - (KB3179271) [vi-VN]","Windows 10 and later GDR-DU","abc45868-0c9c-4bc0-a36d-03d54113baf4","2016/07/14 0:48:09","KB3179271-Win10-TH1-GDR-DU-RTM-LanguageFeatureOnDemand-X64-TSL-rs1_release-VIT","201","6fdb1eab-487b-428a-be7a-28141d099527","3179271","","Updates","cd5ffd1e-e932-4e3a-bf74-18bf0b1bbd83","Windows","Software",""
"GDR-DU: LanguageFeatureOnDemand - Windows 10 Insider Preview 14390 for AMD64-based Systems - (KB3179271) [yo-NG]","Windows 10 and later GDR-DU","abc45868-0c9c-4bc0-a36d-03d54113baf4","2016/07/14 0:48:09","KB3179271-Win10-TH1-GDR-DU-RTM-LanguageFeatureOnDemand-X64-TSL-rs1_release-YOR","201","69b5b476-5a28-4ceb-b0da-89b5b59f1de8","3179271","","Updates","cd5ffd1e-e932-4e3a-bf74-18bf0b1bbd83","Windows","Software",""
"GDR-DU: LanguageFeatureOnDemand - Windows 10 Insider Preview 14390 for AMD64-based Systems - (KB3179271) [fi-FI]","Windows 10 and later GDR-DU","abc45868-0c9c-4bc0-a36d-03d54113baf4","2016/07/14 0:48:09","KB3179271-Win10-TH1-GDR-DU-RTM-LanguageFeatureOnDemand-X64-TSL-rs1_release-FIN","201","0e0ea725-42e0-4d35-86c1-3f7d946c179b","3179271","","Updates","cd5ffd1e-e932-4e3a-bf74-18bf0b1bbd83","Windows","Software",""
"GDR-DU: LanguageFeatureOnDemand - Windows 10 Insider Preview 14390 for AMD64-based Systems - (KB3179271) [hr-HR]","Windows 10 and later GDR-DU","abc45868-0c9c-4bc0-a36d-03d54113baf4","2016/07/14 0:48:09","KB3179271-Win10-TH1-GDR-DU-RTM-LanguageFeatureOnDemand-X64-TSL-rs1_release-HRV","201","6719bd47-dff8-4592-8f67-272f3cb1b5f9","3179271","","Updates","cd5ffd1e-e932-4e3a-bf74-18bf0b1bbd83","Windows","Software",""
"GDR-DU: LanguageFeatureOnDemand - Windows 10 Insider Preview 14390 for AMD64-based Systems - (KB3179271) [lv-LV]","Windows 10 and later GDR-DU","abc45868-0c9c-4bc0-a36d-03d54113baf4","2016/07/14 0:48:09","KB3179271-Win10-TH1-GDR-DU-RTM-LanguageFeatureOnDemand-X64-TSL-rs1_release-LVI","201","fbc3640a-35c6-4a28-a44f-7cb29c7bb04a","3179271","","Updates","cd5ffd1e-e932-4e3a-bf74-18bf0b1bbd83","Windows","Software",""
"GDR-DU: LanguageFeatureOnDemand - Windows 10 Insider Preview 14390 for AMD64-based Systems - (KB3179271) [ca-ES]","Windows 10 and later GDR-DU","abc45868-0c9c-4bc0-a36d-03d54113baf4","2016/07/14 0:48:09","KB3179271-Win10-TH1-GDR-DU-RTM-LanguageFeatureOnDemand-X64-TSL-rs1_release-CAT","201","973885cd-eab2-486f-b330-684bdeac4e97","3179271","","Updates","cd5ffd1e-e932-4e3a-bf74-18bf0b1bbd83","Windows","Software",""
"GDR-DU: LanguageFeatureOnDemand - Windows 10 Insider Preview 14390 for AMD64-based Systems - (KB3179271) [ig-NG]","Windows 10 and later GDR-DU","abc45868-0c9c-4bc0-a36d-03d54113baf4","2016/07/14 0:48:09","KB3179271-Win10-TH1-GDR-DU-RTM-LanguageFeatureOnDemand-X64-TSL-rs1_release-IBO","201","fd24123e-27c6-47bc-81d1-83d93a927af7","3179271","","Updates","cd5ffd1e-e932-4e3a-bf74-18bf0b1bbd83","Windows","Software",""
"GDR-DU: LanguageFeatureOnDemand - Windows 10 Insider Preview 14390 for AMD64-based Systems - (KB3179271) [wo-SN]","Windows 10 and later GDR-DU","abc45868-0c9c-4bc0-a36d-03d54113baf4","2016/07/14 0:48:09","KB3179271-Win10-TH1-GDR-DU-RTM-LanguageFeatureOnDemand-X64-TSL-rs1_release-WOL","201","9e8d90b2-a70b-45eb-86ea-07dee3f46e78","3179271","","Updates","cd5ffd1e-e932-4e3a-bf74-18bf0b1bbd83","Windows","Software",""
"GDR-DU: LanguageFeatureOnDemand - Windows 10 Insider Preview 14390 for AMD64-based Systems - (KB3179271) [bn-BD]","Windows 10 and later GDR-DU","abc45868-0c9c-4bc0-a36d-03d54113baf4","2016/07/14 0:48:09","KB3179271-Win10-TH1-GDR-DU-RTM-LanguageFeatureOnDemand-X64-TSL-rs1_release-BNG","201","0abee16e-c891-4abb-a244-72abe248e011","3179271","","Updates","cd5ffd1e-e932-4e3a-bf74-18bf0b1bbd83","Windows","Software",""
"GDR-DU: LanguageFeatureOnDemand - Windows 10 Insider Preview 14390 for AMD64-based Systems - (KB3179271) [tr-TR]","Windows 10 and later GDR-DU","abc45868-0c9c-4bc0-a36d-03d54113baf4","2016/07/14 0:48:09","KB3179271-Win10-TH1-GDR-DU-RTM-LanguageFeatureOnDemand-X64-TSL-rs1_release-TRK","201","0ffc405c-8c64-45d2-88e4-8dcc932ce9f9","3179271","","Updates","cd5ffd1e-e932-4e3a-bf74-18bf0b1bbd83","Windows","Software",""
"GDR-DU: LanguageFeatureOnDemand - Windows 10 Insider Preview 14390 for AMD64-based Systems - (KB3179271) [it-IT]","Windows 10 and later GDR-DU","abc45868-0c9c-4bc0-a36d-03d54113baf4","2016/07/14 0:48:09","KB3179271-Win10-TH1-GDR-DU-RTM-LanguageFeatureOnDemand-X64-TSL-rs1_release-ITA","201","102b99bf-25b0-48a5-a38f-8a48a372b757","3179271","","Updates","cd5ffd1e-e932-4e3a-bf74-18bf0b1bbd83","Windows","Software",""
"GDR-DU: LanguageFeatureOnDemand - Windows 10 Insider Preview 14390 for AMD64-based Systems - (KB3179271) [mi-NZ]","Windows 10 and later GDR-DU","abc45868-0c9c-4bc0-a36d-03d54113baf4","2016/07/14 0:48:09","KB3179271-Win10-TH1-GDR-DU-RTM-LanguageFeatureOnDemand-X64-TSL-rs1_release-MRI","201","da7b1dc2-c6ff-4ed2-9b75-7f5cb13e675a","3179271","","Updates","cd5ffd1e-e932-4e3a-bf74-18bf0b1bbd83","Windows","Software",""
"GDR-DU: LanguageFeatureOnDemand - Windows 10 Insider Preview 14390 for AMD64-based Systems - (KB3179271) [az-Latn-AZ]","Windows 10 and later GDR-DU","abc45868-0c9c-4bc0-a36d-03d54113baf4","2016/07/14 0:48:09","KB3179271-Win10-TH1-GDR-DU-RTM-LanguageFeatureOnDemand-X64-TSL-rs1_release-AZE","201","a38eb5ee-e0d1-41c3-83e1-0a77827c9977","3179271","","Updates","cd5ffd1e-e932-4e3a-bf74-18bf0b1bbd83","Windows","Software",""
"GDR-DU: LanguageFeatureOnDemand - Windows 10 Insider Preview 14390 for AMD64-based Systems - (KB3179271) [da-DK]","Windows 10 and later GDR-DU","abc45868-0c9c-4bc0-a36d-03d54113baf4","2016/07/14 0:48:09","KB3179271-Win10-TH1-GDR-DU-RTM-LanguageFeatureOnDemand-X64-TSL-rs1_release-DAN","201","a8f5ef3c-cac9-441a-993f-40fa0a39b815","3179271","","Updates","cd5ffd1e-e932-4e3a-bf74-18bf0b1bbd83","Windows","Software",""
"GDR-DU: LanguageFeatureOnDemand - Windows 10 Insider Preview 14390 for AMD64-based Systems - (KB3179271) [ha-Latn-NG]","Windows 10 and later GDR-DU","abc45868-0c9c-4bc0-a36d-03d54113baf4","2016/07/14 0:48:09","KB3179271-Win10-TH1-GDR-DU-RTM-LanguageFeatureOnDemand-X64-TSL-rs1_release-HAU","201","aa16ecf6-24a9-4178-97ae-14df8f9dbbf2","3179271","","Updates","cd5ffd1e-e932-4e3a-bf74-18bf0b1bbd83","Windows","Software",""
"GDR-DU: LanguageFeatureOnDemand - Windows 10 Insider Preview 14390 for AMD64-based Systems - (KB3179271) [zh-CN]","Windows 10 and later GDR-DU","abc45868-0c9c-4bc0-a36d-03d54113baf4","2016/07/14 0:48:09","KB3179271-Win10-TH1-GDR-DU-RTM-LanguageFeatureOnDemand-X64-TSL-rs1_release-CHS","201","4e9b2e7e-e8e6-4db3-ab5f-f89157ff8cf5","3179271","","Updates","cd5ffd1e-e932-4e3a-bf74-18bf0b1bbd83","Windows","Software",""
"GDR-DU: LanguageFeatureOnDemand - Windows 10 Insider Preview 14390 for AMD64-based Systems - (KB3179271) [lb-LU]","Windows 10 and later GDR-DU","abc45868-0c9c-4bc0-a36d-03d54113baf4","2016/07/14 0:48:09","KB3179271-Win10-TH1-GDR-DU-RTM-LanguageFeatureOnDemand-X64-TSL-rs1_release-LBX","201","496f0be6-4144-48dc-86bc-a2b5adff5cf5","3179271","","Updates","cd5ffd1e-e932-4e3a-bf74-18bf0b1bbd83","Windows","Software",""
"GDR-DU: LanguageFeatureOnDemand - Windows 10 Insider Preview 14390 for AMD64-based Systems - (KB3179271) [de-DE]","Windows 10 and later GDR-DU","abc45868-0c9c-4bc0-a36d-03d54113baf4","2016/07/14 0:48:09","KB3179271-Win10-TH1-GDR-DU-RTM-LanguageFeatureOnDemand-X64-TSL-rs1_release-DEU","201","f8c47c81-7d37-4e09-ac58-26883b20957b","3179271","","Updates","cd5ffd1e-e932-4e3a-bf74-18bf0b1bbd83","Windows","Software",""
"GDR-DU: LanguageFeatureOnDemand - Windows 10 Insider Preview 14390 for AMD64-based Systems - (KB3179271) [pt-BR]","Windows 10 and later GDR-DU","abc45868-0c9c-4bc0-a36d-03d54113baf4","2016/07/14 0:48:09","KB3179271-Win10-TH1-GDR-DU-RTM-LanguageFeatureOnDemand-X64-TSL-rs1_release-PTB","201","c54b1290-e3ec-42eb-9ba5-9fc520417ced","3179271","","Updates","cd5ffd1e-e932-4e3a-bf74-18bf0b1bbd83","Windows","Software",""
"GDR-DU: LanguageFeatureOnDemand - Windows 10 Insider Preview 14390 for AMD64-based Systems - (KB3179271) [he-IL]","Windows 10 and later GDR-DU","abc45868-0c9c-4bc0-a36d-03d54113baf4","2016/07/14 0:48:09","KB3179271-Win10-TH1-GDR-DU-RTM-LanguageFeatureOnDemand-X64-TSL-rs1_release-HEB","201","b8262c22-50dc-4c2c-b200-69d653cd86c8","3179271","","Updates","cd5ffd1e-e932-4e3a-bf74-18bf0b1bbd83","Windows","Software",""
"GDR-DU: LanguageFeatureOnDemand - Windows 10 Insider Preview 14390 for AMD64-based Systems - (KB3179271) [ms-BN]","Windows 10 and later GDR-DU","abc45868-0c9c-4bc0-a36d-03d54113baf4","2016/07/14 0:48:09","KB3179271-Win10-TH1-GDR-DU-RTM-LanguageFeatureOnDemand-X64-TSL-rs1_release-MSB","201","1915950c-d01b-4863-95e5-83ce17535c36","3179271","","Updates","cd5ffd1e-e932-4e3a-bf74-18bf0b1bbd83","Windows","Software",""
"GDR-DU: LanguageFeatureOnDemand - Windows 10 Insider Preview 14390 for AMD64-based Systems - (KB3179271) [xh-ZA]","Windows 10 and later GDR-DU","abc45868-0c9c-4bc0-a36d-03d54113baf4","2016/07/14 0:48:09","KB3179271-Win10-TH1-GDR-DU-RTM-LanguageFeatureOnDemand-X64-TSL-rs1_release-XHO","201","4f659a92-fcb5-4101-9f62-85aa086c9266","3179271","","Updates","cd5ffd1e-e932-4e3a-bf74-18bf0b1bbd83","Windows","Software",""
"GDR-DU: LanguageFeatureOnDemand - Windows 10 Insider Preview 14390 for AMD64-based Systems - (KB3179271) [th-TH]","Windows 10 and later GDR-DU","abc45868-0c9c-4bc0-a36d-03d54113baf4","2016/07/14 0:48:09","KB3179271-Win10-TH1-GDR-DU-RTM-LanguageFeatureOnDemand-X64-TSL-rs1_release-THA","201","568f4802-b744-4a59-8fe5-4bc5b123a9e0","3179271","","Updates","cd5ffd1e-e932-4e3a-bf74-18bf0b1bbd83","Windows","Software",""
"GDR-DU: LanguageFeatureOnDemand - Windows 10 Insider Preview 14390 for AMD64-based Systems - (KB3179271) [ar-SA]","Windows 10 and later GDR-DU","abc45868-0c9c-4bc0-a36d-03d54113baf4","2016/07/14 0:48:09","KB3179271-Win10-TH1-GDR-DU-RTM-LanguageFeatureOnDemand-X64-TSL-rs1_release-ARA","201","202aec71-c6e2-4234-9123-4dd65be911dd","3179271","","Updates","cd5ffd1e-e932-4e3a-bf74-18bf0b1bbd83","Windows","Software",""
"GDR-DU: LanguageFeatureOnDemand - Windows 10 Insider Preview 14390 for AMD64-based Systems - (KB3179271) [sr-Latn-RS]","Windows 10 and later GDR-DU","abc45868-0c9c-4bc0-a36d-03d54113baf4","2016/07/14 0:48:09","KB3179271-Win10-TH1-GDR-DU-RTM-LanguageFeatureOnDemand-X64-TSL-rs1_release-SRL","201","f370e484-d873-47aa-8f0b-07908f7099f9","3179271","","Updates","cd5ffd1e-e932-4e3a-bf74-18bf0b1bbd83","Windows","Software",""
"GDR-DU: LanguageFeatureOnDemand - Windows 10 Insider Preview 14390 for AMD64-based Systems - (KB3179271) [cs-CZ]","Windows 10 and later GDR-DU","abc45868-0c9c-4bc0-a36d-03d54113baf4","2016/07/14 0:48:09","KB3179271-Win10-TH1-GDR-DU-RTM-LanguageFeatureOnDemand-X64-TSL-rs1_release-CSY","201","28de10a3-887b-4028-9775-f3c0ce612866","3179271","","Updates","cd5ffd1e-e932-4e3a-bf74-18bf0b1bbd83","Windows","Software",""
"GDR-DU: LanguageFeatureOnDemand - Windows 10 Insider Preview 14390 for AMD64-based Systems - (KB3179271) [lt-LT]","Windows 10 and later GDR-DU","abc45868-0c9c-4bc0-a36d-03d54113baf4","2016/07/14 0:48:09","KB3179271-Win10-TH1-GDR-DU-RTM-LanguageFeatureOnDemand-X64-TSL-rs1_release-LTH","201","59daae01-a1e1-4f27-8d40-4c633d7c505d","3179271","","Updates","cd5ffd1e-e932-4e3a-bf74-18bf0b1bbd83","Windows","Software",""
"GDR-DU: LanguageFeatureOnDemand - Windows 10 Insider Preview 14390 for AMD64-based Systems - (KB3179271) [ja-JP]","Windows 10 and later GDR-DU","abc45868-0c9c-4bc0-a36d-03d54113baf4","2016/07/14 0:48:09","KB3179271-Win10-TH1-GDR-DU-RTM-LanguageFeatureOnDemand-X64-TSL-rs1_release-JPN","201","f380cd7d-a1bd-47f2-9066-1a9653d330e3","3179271","","Updates","cd5ffd1e-e932-4e3a-bf74-18bf0b1bbd83","Windows","Software",""
"GDR-DU: LanguageFeatureOnDemand - Windows 10 Insider Preview 14390 for AMD64-based Systems - (KB3179271) [ps-AF]","Windows 10 and later GDR-DU","abc45868-0c9c-4bc0-a36d-03d54113baf4","2016/07/14 0:48:09","KB3179271-Win10-TH1-GDR-DU-RTM-LanguageFeatureOnDemand-X64-TSL-rs1_release-PAS","201","e1e7d6a7-275c-4b93-88a0-28c76008a7c0","3179271","","Updates","cd5ffd1e-e932-4e3a-bf74-18bf0b1bbd83","Windows","Software",""
"GDR-DU: LanguageFeatureOnDemand - Windows 10 Insider Preview 14390 for AMD64-based Systems - (KB3179271) [fr-FR]","Windows 10 and later GDR-DU","abc45868-0c9c-4bc0-a36d-03d54113baf4","2016/07/14 0:48:09","KB3179271-Win10-TH1-GDR-DU-RTM-LanguageFeatureOnDemand-X64-TSL-rs1_release-FRA","201","282b114c-8632-4212-a102-3a63b2077ec8","3179271","","Updates","cd5ffd1e-e932-4e3a-bf74-18bf0b1bbd83","Windows","Software",""
"GDR-DU: LanguageFeatureOnDemand - Windows 10 Insider Preview 14390 for AMD64-based Systems - (KB3179271) [rm-CH]","Windows 10 and later GDR-DU","abc45868-0c9c-4bc0-a36d-03d54113baf4","2016/07/14 0:48:09","KB3179271-Win10-TH1-GDR-DU-RTM-LanguageFeatureOnDemand-X64-TSL-rs1_release-RMC","201","336ffc3c-e337-4079-b34b-95684338312d","3179271","","Updates","cd5ffd1e-e932-4e3a-bf74-18bf0b1bbd83","Windows","Software",""
"GDR-DU: LanguageFeatureOnDemand - Windows 10 Insider Preview 14390 for AMD64-based Systems - (KB3179271) [nn-NO]","Windows 10 and later GDR-DU","abc45868-0c9c-4bc0-a36d-03d54113baf4","2016/07/14 0:48:09","KB3179271-Win10-TH1-GDR-DU-RTM-LanguageFeatureOnDemand-X64-TSL-rs1_release-NON","201","1b08ae25-9380-4742-a70f-e381b6228eab","3179271","","Updates","cd5ffd1e-e932-4e3a-bf74-18bf0b1bbd83","Windows","Software",""
"GDR-DU: LanguageFeatureOnDemand - Windows 10 Insider Preview 14390 for AMD64-based Systems - (KB3179271) [km-KH]","Windows 10 and later GDR-DU","abc45868-0c9c-4bc0-a36d-03d54113baf4","2016/07/14 0:48:09","KB3179271-Win10-TH1-GDR-DU-RTM-LanguageFeatureOnDemand-X64-TSL-rs1_release-KHM","201","39100689-73b8-4009-8142-f05c0e17f614","3179271","","Updates","cd5ffd1e-e932-4e3a-bf74-18bf0b1bbd83","Windows","Software",""
"GDR-DU: LanguageFeatureOnDemand - Windows 10 Insider Preview 14390 for AMD64-based Systems - (KB3179271) [uz-Latn-UZ]","Windows 10 and later GDR-DU","abc45868-0c9c-4bc0-a36d-03d54113baf4","2016/07/14 0:48:09","KB3179271-Win10-TH1-GDR-DU-RTM-LanguageFeatureOnDemand-X64-TSL-rs1_release-UZB","201","339c7caa-e88c-4f3d-87fb-60cdba0a045b","3179271","","Updates","cd5ffd1e-e932-4e3a-bf74-18bf0b1bbd83","Windows","Software",""
"GDR-DU: LanguageFeatureOnDemand - Windows 10 Insider Preview 14390 for AMD64-based Systems - (KB3179271) [en-GB]","Windows 10 and later GDR-DU","abc45868-0c9c-4bc0-a36d-03d54113baf4","2016/07/14 0:48:09","KB3179271-Win10-TH1-GDR-DU-RTM-LanguageFeatureOnDemand-X64-TSL-rs1_release-ENG","201","eb6a2e5b-d8ef-4045-a380-c38d348b8f56","3179271","","Updates","cd5ffd1e-e932-4e3a-bf74-18bf0b1bbd83","Windows","Software",""
"GDR-DU: LanguageFeatureOnDemand - Windows 10 Insider Preview 14390 for AMD64-based Systems - (KB3179271) [ar-EG]","Windows 10 and later GDR-DU","abc45868-0c9c-4bc0-a36d-03d54113baf4","2016/07/14 0:48:09","KB3179271-Win10-TH1-GDR-DU-RTM-LanguageFeatureOnDemand-X64-TSL-rs1_release-ar-EG","201","befcaff8-8397-4909-a7ac-22bba2c9a3f8","3179271","","Updates","cd5ffd1e-e932-4e3a-bf74-18bf0b1bbd83","Windows","Software",""
"GDR-DU: LanguageFeatureOnDemand - Windows 10 Insider Preview 14390 for AMD64-based Systems - (KB3179271) [pl-PL]","Windows 10 and later GDR-DU","abc45868-0c9c-4bc0-a36d-03d54113baf4","2016/07/14 0:48:09","KB3179271-Win10-TH1-GDR-DU-RTM-LanguageFeatureOnDemand-X64-TSL-rs1_release-PLK","201","bd8adb74-33ee-4865-b9e4-af5e9eb28864","3179271","","Updates","cd5ffd1e-e932-4e3a-bf74-18bf0b1bbd83","Windows","Software",""
"GDR-DU: LanguageFeatureOnDemand - Windows 10 Insider Preview 14390 for AMD64-based Systems - (KB3179271) [nb-NO]","Windows 10 and later GDR-DU","abc45868-0c9c-4bc0-a36d-03d54113baf4","2016/07/14 0:48:09","KB3179271-Win10-TH1-GDR-DU-RTM-LanguageFeatureOnDemand-X64-TSL-rs1_release-NOR","201","8c5da1de-fe99-443c-9384-22377a07f230","3179271","","Updates","cd5ffd1e-e932-4e3a-bf74-18bf0b1bbd83","Windows","Software",""
"GDR-DU: LanguageFeatureOnDemand - Windows 10 Insider Preview 14390 for AMD64-based Systems - (KB3179271) [sw-KE]","Windows 10 and later GDR-DU","abc45868-0c9c-4bc0-a36d-03d54113baf4","2016/07/14 0:48:09","KB3179271-Win10-TH1-GDR-DU-RTM-LanguageFeatureOnDemand-X64-TSL-rs1_release-SWK","201","0867f276-9286-4b77-a06c-c3de12f9be97","3179271","","Updates","cd5ffd1e-e932-4e3a-bf74-18bf0b1bbd83","Windows","Software",""
"GDR-DU: LanguageFeatureOnDemand - Windows 10 Insider Preview 14390 for AMD64-based Systems - (KB3179271) [cy-GB]","Windows 10 and later GDR-DU","abc45868-0c9c-4bc0-a36d-03d54113baf4","2016/07/14 0:48:09","KB3179271-Win10-TH1-GDR-DU-RTM-LanguageFeatureOnDemand-X64-TSL-rs1_release-CYM","201","8c75e263-8934-4d29-8221-c6583d35014e","3179271","","Updates","cd5ffd1e-e932-4e3a-bf74-18bf0b1bbd83","Windows","Software",""
"GDR-DU: LanguageFeatureOnDemand - Windows 10 Insider Preview 14390 for AMD64-based Systems - (KB3179271) [gd-GB]","Windows 10 and later GDR-DU","abc45868-0c9c-4bc0-a36d-03d54113baf4","2016/07/14 0:48:09","KB3179271-Win10-TH1-GDR-DU-RTM-LanguageFeatureOnDemand-X64-TSL-rs1_release-GLA","201","84b887a1-66fd-45d8-921b-88a9bd9ebb19","3179271","","Updates","cd5ffd1e-e932-4e3a-bf74-18bf0b1bbd83","Windows","Software",""
"GDR-DU: LanguageFeatureOnDemand - Windows 10 Insider Preview 14390 for AMD64-based Systems - (KB3179271) [es-ES]","Windows 10 and later GDR-DU","abc45868-0c9c-4bc0-a36d-03d54113baf4","2016/07/14 0:48:09","KB3179271-Win10-TH1-GDR-DU-RTM-LanguageFeatureOnDemand-X64-TSL-rs1_release-ESN","201","7d3e31ab-e399-49c5-9eb9-fa8cd4dc52a4","3179271","","Updates","cd5ffd1e-e932-4e3a-bf74-18bf0b1bbd83","Windows","Software",""
"GDR-DU: LanguageFeatureOnDemand - Windows 10 Insider Preview 14390 for AMD64-based Systems - (KB3179271) [ml-IN]","Windows 10 and later GDR-DU","abc45868-0c9c-4bc0-a36d-03d54113baf4","2016/07/14 0:48:09","KB3179271-Win10-TH1-GDR-DU-RTM-LanguageFeatureOnDemand-X64-TSL-rs1_release-MYM","201","bed3c9fe-932a-43f0-97e6-d3c0abadd3eb","3179271","","Updates","cd5ffd1e-e932-4e3a-bf74-18bf0b1bbd83","Windows","Software",""
"GDR-DU: LanguageFeatureOnDemand - Windows 10 Insider Preview 14390 for AMD64-based Systems - (KB3179271) [zh-TW]","Windows 10 and later GDR-DU","abc45868-0c9c-4bc0-a36d-03d54113baf4","2016/07/14 0:48:09","KB3179271-Win10-TH1-GDR-DU-RTM-LanguageFeatureOnDemand-X64-TSL-rs1_release-CHT","201","735f5c37-b1a4-4762-b5a9-8c6a8dd5bfc3","3179271","","Updates","cd5ffd1e-e932-4e3a-bf74-18bf0b1bbd83","Windows","Software",""
"GDR-DU: LanguageFeatureOnDemand - Windows 10 Insider Preview 14390 for AMD64-based Systems - (KB3179271) [fr-CA]","Windows 10 and later GDR-DU","abc45868-0c9c-4bc0-a36d-03d54113baf4","2016/07/14 0:48:09","KB3179271-Win10-TH1-GDR-DU-RTM-LanguageFeatureOnDemand-X64-TSL-rs1_release-FRC","201","a18c0cf8-97b8-431a-9ac6-10e79b8af9e0","3179271","","Updates","cd5ffd1e-e932-4e3a-bf74-18bf0b1bbd83","Windows","Software",""
"GDR-DU: LanguageFeatureOnDemand - Windows 10 Insider Preview 14390 for AMD64-based Systems - (KB3179271) [nl-NL]","Windows 10 and later GDR-DU","abc45868-0c9c-4bc0-a36d-03d54113baf4","2016/07/14 0:48:09","KB3179271-Win10-TH1-GDR-DU-RTM-LanguageFeatureOnDemand-X64-TSL-rs1_release-NLD","201","0def103c-69d3-4f4a-a9b9-ffaa65da4f48","3179271","","Updates","cd5ffd1e-e932-4e3a-bf74-18bf0b1bbd83","Windows","Software",""
"GDR-DU: LanguageFeatureOnDemand - Windows 10 Insider Preview 14390 for AMD64-based Systems - (KB3179271) [rw-RW]","Windows 10 and later GDR-DU","abc45868-0c9c-4bc0-a36d-03d54113baf4","2016/07/14 0:48:09","KB3179271-Win10-TH1-GDR-DU-RTM-LanguageFeatureOnDemand-X64-TSL-rs1_release-KIN","201","73cfa22a-3894-44b9-87da-f0735fa00b35","3179271","","Updates","cd5ffd1e-e932-4e3a-bf74-18bf0b1bbd83","Windows","Software",""
"GDR-DU: LanguageFeatureOnDemand - Windows 10 Insider Preview 14390 for AMD64-based Systems - (KB3179271) [ms-MY]","Windows 10 and later GDR-DU","abc45868-0c9c-4bc0-a36d-03d54113baf4","2016/07/14 0:48:09","KB3179271-Win10-TH1-GDR-DU-RTM-LanguageFeatureOnDemand-X64-TSL-rs1_release-MSL","201","58b7b2ba-fe89-4cf5-a389-c42706bdc2b9","3179271","","Updates","cd5ffd1e-e932-4e3a-bf74-18bf0b1bbd83","Windows","Software",""
"GDR-DU: LanguageFeatureOnDemand - Windows 10 Insider Preview 14390 for AMD64-based Systems - (KB3179271) [bs-Latn-BA]","Windows 10 and later GDR-DU","abc45868-0c9c-4bc0-a36d-03d54113baf4","2016/07/14 0:48:09","KB3179271-Win10-TH1-GDR-DU-RTM-LanguageFeatureOnDemand-X64-TSL-rs1_release-BSB","201","27e1b6f5-9d5f-4328-ab2b-16594c6ee688","3179271","","Updates","cd5ffd1e-e932-4e3a-bf74-18bf0b1bbd83","Windows","Software",""
"GDR-DU: LanguageFeatureOnDemand - Windows 10 Insider Preview 14390 for AMD64-based Systems - (KB3179271) [te-IN]","Windows 10 and later GDR-DU","abc45868-0c9c-4bc0-a36d-03d54113baf4","2016/07/14 0:48:09","KB3179271-Win10-TH1-GDR-DU-RTM-LanguageFeatureOnDemand-X64-TSL-rs1_release-TEL","201","3ed7d209-3218-413b-a668-0b84821b3efc","3179271","","Updates","cd5ffd1e-e932-4e3a-bf74-18bf0b1bbd83","Windows","Software",""
"GDR-DU: LanguageFeatureOnDemand - Windows 10 Insider Preview 14390 for AMD64-based Systems - (KB3179271) [hu-HU]","Windows 10 and later GDR-DU","abc45868-0c9c-4bc0-a36d-03d54113baf4","2016/07/14 0:48:09","KB3179271-Win10-TH1-GDR-DU-RTM-LanguageFeatureOnDemand-X64-TSL-rs1_release-HUN","201","cd34b884-62c8-441f-9860-0cfcfb9b6d94","3179271","","Updates","cd5ffd1e-e932-4e3a-bf74-18bf0b1bbd83","Windows","Software",""
"GDR-DU: LanguageFeatureOnDemand - Windows 10 Insider Preview 14390 for AMD64-based Systems - (KB3179271) [ko-KR]","Windows 10 and later GDR-DU","abc45868-0c9c-4bc0-a36d-03d54113baf4","2016/07/14 0:48:09","KB3179271-Win10-TH1-GDR-DU-RTM-LanguageFeatureOnDemand-X64-TSL-rs1_release-KOR","201","0dde0dfc-e9e6-4a0f-992c-e3191afd66c5","3179271","","Updates","cd5ffd1e-e932-4e3a-bf74-18bf0b1bbd83","Windows","Software",""
"GDR-DU: LanguageFeatureOnDemand - Windows 10 Insider Preview 14390 for AMD64-based Systems - (KB3179271) [gu-IN]","Windows 10 and later GDR-DU","abc45868-0c9c-4bc0-a36d-03d54113baf4","2016/07/14 0:48:09","KB3179271-Win10-TH1-GDR-DU-RTM-LanguageFeatureOnDemand-X64-TSL-rs1_release-GUJ","201","76e75dc2-92f6-41de-bef4-d7ddfba3e058","3179271","","Updates","cd5ffd1e-e932-4e3a-bf74-18bf0b1bbd83","Windows","Software",""
"GDR-DU: FeatureOnDemandDirectX - Windows 10 Insider Preview 14390 for AMD64-based Systems - (KB3179271)","Windows 10 and later GDR-DU","abc45868-0c9c-4bc0-a36d-03d54113baf4","2016/07/14 0:48:09","KB3179271-Win10-TH1-GDR-DU-RTM-FeatureOnDemandDirectX-X64-TSL-rs1_release","202","f459cd81-322a-4334-9499-c5a9ce1d0df1","3179271","","Updates","cd5ffd1e-e932-4e3a-bf74-18bf0b1bbd83","Windows","Software",""
