﻿"Title","ProductTitles","ProductIds","CreationDate","LegacyName","Id.RevisionNumber","Id.UpdateId","KnowledgebaseArticles","SecurityBulletins","UpdateClassificationTitle","UpdateClassificationId","ProductFamilyTitles","UpdateType","Action"
"2017-05 Dynamic Update for Windows 10 Version 1703 for x64-based Systems (KB4021572)","Windows 10 and later Dynamic Update
Windows Safe OS Dynamic Update","e4b04398-adbd-4b69-93b9-477322331cd3
dd1aa213-54e7-4173-8456-b278964a26b6","2017/05/23 17:00:03","KB4021572-Windows10Rs2Client-RTM-SafeOSDU-X64-TSL-World","201","35d8c88d-f287-4c47-9245-d28fcbff670c","4021572","","Critical Updates","e6cf1350-c01b-414d-a61f-263d14d133b4","Windows","Software",""
"GDR-DU: LanguageFeatureOnDemand - Windows 10 Version 1703 for x64-based Systems - (KB4016509) [es-ES]","Windows 10 and later GDR-DU","abc45868-0c9c-4bc0-a36d-03d54113baf4","2017/03/20 23:30:00","KB4016509-Win10-TH1-GDR-DU-RTM-LanguageFeatureOnDemand-X64-TSL-World-ESN","202","f4720364-4eb0-47b0-8fc1-22f10ee64a92","4016509","","Updates","cd5ffd1e-e932-4e3a-bf74-18bf0b1bbd83","Windows","Software",""
"GDR-DU: LanguageFeatureOnDemand - Windows 10 Version 1703 for x64-based Systems - (KB4016509) [de-DE]","Windows 10 and later GDR-DU","abc45868-0c9c-4bc0-a36d-03d54113baf4","2017/03/20 23:30:00","KB4016509-Win10-TH1-GDR-DU-RTM-LanguageFeatureOnDemand-X64-TSL-World-DEU","202","68a694e8-0a81-4082-9cec-e7fbb70b45ea","4016509","","Updates","cd5ffd1e-e932-4e3a-bf74-18bf0b1bbd83","Windows","Software",""
"GDR-DU: FeatureOnDemandAccessibilityBrailleSupport - Windows 10 Version 1703 for x64-based Systems - (KB4016509)","Windows 10 and later GDR-DU","abc45868-0c9c-4bc0-a36d-03d54113baf4","2017/03/20 23:30:00","KB4016509-Win10-TH1-GDR-DU-RTM-FeatureOnDemandAccessibilityBrailleSupport-X64-TSL-World","202","ffc0e35c-3c0e-4491-a20a-543855495880","4016509","","Updates","cd5ffd1e-e932-4e3a-bf74-18bf0b1bbd83","Windows","Software",""
"GDR-DU: FeatureOnDemandTaiwaneseCalendar - Windows 10 Version 1703 for x64-based Systems - (KB4016509) [zh-TW]","Windows 10 and later GDR-DU","abc45868-0c9c-4bc0-a36d-03d54113baf4","2017/03/20 23:30:00","KB4016509-Win10-TH1-GDR-DU-RTM-FeatureOnDemandTaiwaneseCalendar-X64-TSL-World-CHT","205","09b963cd-5376-4096-8c8c-3a9fa2010749","4016509","","Updates","cd5ffd1e-e932-4e3a-bf74-18bf0b1bbd83","Windows","Software",""
"GDR-DU: LanguageFeatureOnDemand - Windows 10 Version 1703 for x64-based Systems - (KB4016509) [en-in]","Windows 10 and later GDR-DU","abc45868-0c9c-4bc0-a36d-03d54113baf4","2017/03/20 23:30:00","KB4016509-Win10-TH1-GDR-DU-RTM-LanguageFeatureOnDemand-X64-TSL-World-ENN","202","4670ab23-d47b-46e3-9986-703fea5c341d","4016509","","Updates","cd5ffd1e-e932-4e3a-bf74-18bf0b1bbd83","Windows","Software",""
"GDR-DU: LanguageFeatureOnDemand - Windows 10 Version 1703 for x64-based Systems - (KB4016509) [da-DK]","Windows 10 and later GDR-DU","abc45868-0c9c-4bc0-a36d-03d54113baf4","2017/03/20 23:30:00","KB4016509-Win10-TH1-GDR-DU-RTM-LanguageFeatureOnDemand-X64-TSL-World-DAN","202","8653016b-aa3f-41b2-afd6-2b5431e0fb62","4016509","","Updates","cd5ffd1e-e932-4e3a-bf74-18bf0b1bbd83","Windows","Software",""
"GDR-DU: LanguageFeatureOnDemand - Windows 10 Version 1703 for x64-based Systems - (KB4016509) [te-IN]","Windows 10 and later GDR-DU","abc45868-0c9c-4bc0-a36d-03d54113baf4","2017/03/20 23:30:00","KB4016509-Win10-TH1-GDR-DU-RTM-LanguageFeatureOnDemand-X64-TSL-World-TEL","202","fc78d6b5-3a6c-4f52-9b5a-9700ce493846","4016509","","Updates","cd5ffd1e-e932-4e3a-bf74-18bf0b1bbd83","Windows","Software",""
"GDR-DU: LanguageFeatureOnDemand - Windows 10 Version 1703 for x64-based Systems - (KB4016509) [ml-IN]","Windows 10 and later GDR-DU","abc45868-0c9c-4bc0-a36d-03d54113baf4","2017/03/20 23:30:00","KB4016509-Win10-TH1-GDR-DU-RTM-LanguageFeatureOnDemand-X64-TSL-World-MYM","202","5fe3017b-c4c2-481f-b489-f5bc04b3a4dc","4016509","","Updates","cd5ffd1e-e932-4e3a-bf74-18bf0b1bbd83","Windows","Software",""
"GDR-DU: LanguageFeatureOnDemand - Windows 10 Version 1703 for x64-based Systems - (KB4016509) [es-MX]","Windows 10 and later GDR-DU","abc45868-0c9c-4bc0-a36d-03d54113baf4","2017/03/20 23:30:00","KB4016509-Win10-TH1-GDR-DU-RTM-LanguageFeatureOnDemand-X64-TSL-World-ESM","202","2d07703a-2961-46c1-96ad-7932f38c6516","4016509","","Updates","cd5ffd1e-e932-4e3a-bf74-18bf0b1bbd83","Windows","Software",""
"GDR-DU: LanguageFeatureOnDemand - Windows 10 Version 1703 for x64-based Systems - (KB4016509) [fr-CA]","Windows 10 and later GDR-DU","abc45868-0c9c-4bc0-a36d-03d54113baf4","2017/03/20 23:30:00","KB4016509-Win10-TH1-GDR-DU-RTM-LanguageFeatureOnDemand-X64-TSL-World-FRC","202","cf77069c-ceec-4ac7-8205-652c12c35191","4016509","","Updates","cd5ffd1e-e932-4e3a-bf74-18bf0b1bbd83","Windows","Software",""
"GDR-DU: LanguageFeatureOnDemand - Windows 10 Version 1703 for x64-based Systems - (KB4016509) [bn-IN]","Windows 10 and later GDR-DU","abc45868-0c9c-4bc0-a36d-03d54113baf4","2017/03/20 23:30:00","KB4016509-Win10-TH1-GDR-DU-RTM-LanguageFeatureOnDemand-X64-TSL-World-BNG","202","56691577-a40a-463c-9f03-3a2431225a9e","4016509","","Updates","cd5ffd1e-e932-4e3a-bf74-18bf0b1bbd83","Windows","Software",""
"GDR-DU: LanguageFeatureOnDemand - Windows 10 Version 1703 for x64-based Systems - (KB4016509) [en-US]","Windows 10 and later GDR-DU","abc45868-0c9c-4bc0-a36d-03d54113baf4","2017/03/20 23:30:00","KB4016509-Win10-TH1-GDR-DU-RTM-LanguageFeatureOnDemand-X64-TSL-World-ENU","202","e83f5112-0eab-4fff-b802-3dac35bcf534","4016509","","Updates","cd5ffd1e-e932-4e3a-bf74-18bf0b1bbd83","Windows","Software",""
"GDR-DU: LanguageFeatureOnDemand - Windows 10 Version 1703 for x64-based Systems - (KB4016509) [si-LK]","Windows 10 and later GDR-DU","abc45868-0c9c-4bc0-a36d-03d54113baf4","2017/03/20 23:30:00","KB4016509-Win10-TH1-GDR-DU-RTM-LanguageFeatureOnDemand-X64-TSL-World-SIN","202","628bb7b9-56dd-49f9-a871-771020670822","4016509","","Updates","cd5ffd1e-e932-4e3a-bf74-18bf0b1bbd83","Windows","Software",""
"GDR-DU: LanguageFeatureOnDemand - Windows 10 Version 1703 for x64-based Systems - (KB4016509) [ar-SA]","Windows 10 and later GDR-DU","abc45868-0c9c-4bc0-a36d-03d54113baf4","2017/03/20 23:30:00","KB4016509-Win10-TH1-GDR-DU-RTM-LanguageFeatureOnDemand-X64-TSL-World-ARA","202","708da64e-f42c-4450-b0c9-fede8c83461d","4016509","","Updates","cd5ffd1e-e932-4e3a-bf74-18bf0b1bbd83","Windows","Software",""
"GDR-DU: LanguageFeatureOnDemand - Windows 10 Version 1703 for x64-based Systems - (KB4016509) [en-GB]","Windows 10 and later GDR-DU","abc45868-0c9c-4bc0-a36d-03d54113baf4","2017/03/20 23:30:00","KB4016509-Win10-TH1-GDR-DU-RTM-LanguageFeatureOnDemand-X64-TSL-World-ENG","202","08da1cbc-9233-4e8e-b45c-0ba7e9064595","4016509","","Updates","cd5ffd1e-e932-4e3a-bf74-18bf0b1bbd83","Windows","Software",""
"GDR-DU: LanguageFeatureOnDemand - Windows 10 Version 1703 for x64-based Systems - (KB4016509) [th-TH]","Windows 10 and later GDR-DU","abc45868-0c9c-4bc0-a36d-03d54113baf4","2017/03/20 23:30:00","KB4016509-Win10-TH1-GDR-DU-RTM-LanguageFeatureOnDemand-X64-TSL-World-THA","202","09ac0f12-0250-4428-bc42-c6c6005003d3","4016509","","Updates","cd5ffd1e-e932-4e3a-bf74-18bf0b1bbd83","Windows","Software",""
"GDR-DU: LanguageFeatureOnDemand - Windows 10 Version 1703 for x64-based Systems - (KB4016509) [ko-KR]","Windows 10 and later GDR-DU","abc45868-0c9c-4bc0-a36d-03d54113baf4","2017/03/20 23:30:00","KB4016509-Win10-TH1-GDR-DU-RTM-LanguageFeatureOnDemand-X64-TSL-World-KOR","202","835f90d5-f4e7-4be3-86a5-a227ecf991db","4016509","","Updates","cd5ffd1e-e932-4e3a-bf74-18bf0b1bbd83","Windows","Software",""
"GDR-DU: LanguageFeatureOnDemand - Windows 10 Version 1703 for x64-based Systems - (KB4016509) [pa-IN]","Windows 10 and later GDR-DU","abc45868-0c9c-4bc0-a36d-03d54113baf4","2017/03/20 23:30:00","KB4016509-Win10-TH1-GDR-DU-RTM-LanguageFeatureOnDemand-X64-TSL-World-PAN","202","1df2f460-b78e-43ec-a409-0b49a06ced17","4016509","","Updates","cd5ffd1e-e932-4e3a-bf74-18bf0b1bbd83","Windows","Software",""
"GDR-DU: LanguageFeatureOnDemand - Windows 10 Version 1703 for x64-based Systems - (KB4016509) [he-IL]","Windows 10 and later GDR-DU","abc45868-0c9c-4bc0-a36d-03d54113baf4","2017/03/20 23:30:00","KB4016509-Win10-TH1-GDR-DU-RTM-LanguageFeatureOnDemand-X64-TSL-World-HEB","202","b8266eb9-7fa1-45bd-9b64-c82642a31d31","4016509","","Updates","cd5ffd1e-e932-4e3a-bf74-18bf0b1bbd83","Windows","Software",""
"GDR-DU: LanguageFeatureOnDemand - Windows 10 Version 1703 for x64-based Systems - (KB4016509) [zh-CN]","Windows 10 and later GDR-DU","abc45868-0c9c-4bc0-a36d-03d54113baf4","2017/03/20 23:30:00","KB4016509-Win10-TH1-GDR-DU-RTM-LanguageFeatureOnDemand-X64-TSL-World-CHS","202","a04c50d0-790e-4738-a5ed-bc45be26e758","4016509","","Updates","cd5ffd1e-e932-4e3a-bf74-18bf0b1bbd83","Windows","Software",""
"GDR-DU: LanguageFeatureOnDemand - Windows 10 Version 1703 for x64-based Systems - (KB4016509) [fr-FR]","Windows 10 and later GDR-DU","abc45868-0c9c-4bc0-a36d-03d54113baf4","2017/03/20 23:30:00","KB4016509-Win10-TH1-GDR-DU-RTM-LanguageFeatureOnDemand-X64-TSL-World-FRA","202","46d7a887-763a-4811-a709-03ba6cc2a83c","4016509","","Updates","cd5ffd1e-e932-4e3a-bf74-18bf0b1bbd83","Windows","Software",""
"GDR-DU: LanguageFeatureOnDemand - Windows 10 Version 1703 for x64-based Systems - (KB4016509) [chr-CHER-US]","Windows 10 and later GDR-DU","abc45868-0c9c-4bc0-a36d-03d54113baf4","2017/03/20 23:30:00","KB4016509-Win10-TH1-GDR-DU-RTM-LanguageFeatureOnDemand-X64-TSL-World-CRE","202","6d2985d9-9864-47c0-a023-2833a8bc8762","4016509","","Updates","cd5ffd1e-e932-4e3a-bf74-18bf0b1bbd83","Windows","Software",""
"GDR-DU: LanguageFeatureOnDemand - Windows 10 Version 1703 for x64-based Systems - (KB4016509) [pt-BR]","Windows 10 and later GDR-DU","abc45868-0c9c-4bc0-a36d-03d54113baf4","2017/03/20 23:30:00","KB4016509-Win10-TH1-GDR-DU-RTM-LanguageFeatureOnDemand-X64-TSL-World-PTB","202","d592de9d-2687-4319-bd50-a37373533701","4016509","","Updates","cd5ffd1e-e932-4e3a-bf74-18bf0b1bbd83","Windows","Software",""
"GDR-DU: LanguageFeatureOnDemand - Windows 10 Version 1703 for x64-based Systems - (KB4016509) [hi-IN]","Windows 10 and later GDR-DU","abc45868-0c9c-4bc0-a36d-03d54113baf4","2017/03/20 23:30:00","KB4016509-Win10-TH1-GDR-DU-RTM-LanguageFeatureOnDemand-X64-TSL-World-HIN","202","c7a7cc2d-e967-4935-8544-01b014b84eec","4016509","","Updates","cd5ffd1e-e932-4e3a-bf74-18bf0b1bbd83","Windows","Software",""
"GDR-DU: LanguageFeatureOnDemand - Windows 10 Version 1703 for x64-based Systems - (KB4016509) [it-IT]","Windows 10 and later GDR-DU","abc45868-0c9c-4bc0-a36d-03d54113baf4","2017/03/20 23:30:00","KB4016509-Win10-TH1-GDR-DU-RTM-LanguageFeatureOnDemand-X64-TSL-World-ITA","202","4f4b94bd-c633-438c-b092-9bb1f0c54131","4016509","","Updates","cd5ffd1e-e932-4e3a-bf74-18bf0b1bbd83","Windows","Software",""
"GDR-DU: LanguageFeatureOnDemand - Windows 10 Version 1703 for x64-based Systems - (KB4016509) [zh-HK]","Windows 10 and later GDR-DU","abc45868-0c9c-4bc0-a36d-03d54113baf4","2017/03/20 23:30:00","KB4016509-Win10-TH1-GDR-DU-RTM-LanguageFeatureOnDemand-X64-TSL-World-ZHH","202","94f06cde-ccd8-49fa-8e53-fe36a5ca193e","4016509","","Updates","cd5ffd1e-e932-4e3a-bf74-18bf0b1bbd83","Windows","Software",""
"GDR-DU: LanguageFeatureOnDemand - Windows 10 Version 1703 for x64-based Systems - (KB4016509) [et-EE]","Windows 10 and later GDR-DU","abc45868-0c9c-4bc0-a36d-03d54113baf4","2017/03/20 23:30:00","KB4016509-Win10-TH1-GDR-DU-RTM-LanguageFeatureOnDemand-X64-TSL-World-ETI","202","8063e086-1da4-48d1-b4f6-1d295383791f","4016509","","Updates","cd5ffd1e-e932-4e3a-bf74-18bf0b1bbd83","Windows","Software",""
"GDR-DU: FeatureOnDemandOasis - Windows 10 Version 1703 for x64-based Systems - (KB4016509)","Windows 10 and later GDR-DU","abc45868-0c9c-4bc0-a36d-03d54113baf4","2017/03/20 23:30:00","KB4016509-Win10-TH1-GDR-DU-RTM-FeatureOnDemandOasis-X64-TSL-World","202","89898c2f-53c4-4f07-b11d-eede8ceb7fc0","4016509","","Updates","cd5ffd1e-e932-4e3a-bf74-18bf0b1bbd83","Windows","Software",""
"GDR-DU: LanguageFeatureOnDemand - Windows 10 Version 1703 for x64-based Systems - (KB4016509) [ga-IE]","Windows 10 and later GDR-DU","abc45868-0c9c-4bc0-a36d-03d54113baf4","2017/03/20 23:30:00","KB4016509-Win10-TH1-GDR-DU-RTM-LanguageFeatureOnDemand-X64-TSL-World-IRE","202","7b08d151-7f77-4d21-ba93-0cf4fb9408bb","4016509","","Updates","cd5ffd1e-e932-4e3a-bf74-18bf0b1bbd83","Windows","Software",""
"GDR-DU: LanguageFeatureOnDemand - Windows 10 Version 1703 for x64-based Systems - (KB4016509) [as-IN]","Windows 10 and later GDR-DU","abc45868-0c9c-4bc0-a36d-03d54113baf4","2017/03/20 23:30:00","KB4016509-Win10-TH1-GDR-DU-RTM-LanguageFeatureOnDemand-X64-TSL-World-ASM","202","d8fd919c-f0a6-4381-a820-6983f74eaca7","4016509","","Updates","cd5ffd1e-e932-4e3a-bf74-18bf0b1bbd83","Windows","Software",""
"GDR-DU: LanguageFeatureOnDemand - Windows 10 Version 1703 for x64-based Systems - (KB4016509) [ta-IN]","Windows 10 and later GDR-DU","abc45868-0c9c-4bc0-a36d-03d54113baf4","2017/03/20 23:30:00","KB4016509-Win10-TH1-GDR-DU-RTM-LanguageFeatureOnDemand-X64-TSL-World-TAM","202","b14120e0-3014-4355-bc33-f350453f1745","4016509","","Updates","cd5ffd1e-e932-4e3a-bf74-18bf0b1bbd83","Windows","Software",""
"GDR-DU: LanguageFeatureOnDemand - Windows 10 Version 1703 for x64-based Systems - (KB4016509) [kn-IN]","Windows 10 and later GDR-DU","abc45868-0c9c-4bc0-a36d-03d54113baf4","2017/03/20 23:30:00","KB4016509-Win10-TH1-GDR-DU-RTM-LanguageFeatureOnDemand-X64-TSL-World-KDI","202","c489b78a-b31a-4a4c-908e-da1bb7babb82","4016509","","Updates","cd5ffd1e-e932-4e3a-bf74-18bf0b1bbd83","Windows","Software",""
"GDR-DU: LanguageFeatureOnDemand - Windows 10 Version 1703 for x64-based Systems - (KB4016509) [en-au]","Windows 10 and later GDR-DU","abc45868-0c9c-4bc0-a36d-03d54113baf4","2017/03/20 23:30:00","KB4016509-Win10-TH1-GDR-DU-RTM-LanguageFeatureOnDemand-X64-TSL-World-AUS","202","39e4ff22-0498-414e-a184-3c2f4fd8e48a","4016509","","Updates","cd5ffd1e-e932-4e3a-bf74-18bf0b1bbd83","Windows","Software",""
"GDR-DU: LanguageFeatureOnDemand - Windows 10 Version 1703 for x64-based Systems - (KB4016509) [az-Latn-AZ]","Windows 10 and later GDR-DU","abc45868-0c9c-4bc0-a36d-03d54113baf4","2017/03/20 23:30:00","KB4016509-Win10-TH1-GDR-DU-RTM-LanguageFeatureOnDemand-X64-TSL-World-AZE","202","cfaec4dc-4107-41be-9421-55752a6b5d2a","4016509","","Updates","cd5ffd1e-e932-4e3a-bf74-18bf0b1bbd83","Windows","Software",""
"GDR-DU: LanguageFeatureOnDemand - Windows 10 Version 1703 for x64-based Systems - (KB4016509) [fa-IR]","Windows 10 and later GDR-DU","abc45868-0c9c-4bc0-a36d-03d54113baf4","2017/03/20 23:30:00","KB4016509-Win10-TH1-GDR-DU-RTM-LanguageFeatureOnDemand-X64-TSL-World-FAR","202","fd8f8940-42ee-4d8f-ba74-92ec1be11e7d","4016509","","Updates","cd5ffd1e-e932-4e3a-bf74-18bf0b1bbd83","Windows","Software",""
"GDR-DU: LanguageFeatureOnDemand - Windows 10 Version 1703 for x64-based Systems - (KB4016509) [ca-ES]","Windows 10 and later GDR-DU","abc45868-0c9c-4bc0-a36d-03d54113baf4","2017/03/20 23:30:00","KB4016509-Win10-TH1-GDR-DU-RTM-LanguageFeatureOnDemand-X64-TSL-World-CAT","202","8898acfe-bfa2-44bd-8ef8-bad2451a83f2","4016509","","Updates","cd5ffd1e-e932-4e3a-bf74-18bf0b1bbd83","Windows","Software",""
"GDR-DU: LanguageFeatureOnDemand - Windows 10 Version 1703 for x64-based Systems - (KB4016509) [am-ET]","Windows 10 and later GDR-DU","abc45868-0c9c-4bc0-a36d-03d54113baf4","2017/03/20 23:30:00","KB4016509-Win10-TH1-GDR-DU-RTM-LanguageFeatureOnDemand-X64-TSL-World-AMH","202","0ef2ce05-4af2-4c63-8508-952e22730aab","4016509","","Updates","cd5ffd1e-e932-4e3a-bf74-18bf0b1bbd83","Windows","Software",""
"GDR-DU: LanguageFeatureOnDemand - Windows 10 Version 1703 for x64-based Systems - (KB4016509) [en-ca]","Windows 10 and later GDR-DU","abc45868-0c9c-4bc0-a36d-03d54113baf4","2017/03/20 23:30:00","KB4016509-Win10-TH1-GDR-DU-RTM-LanguageFeatureOnDemand-X64-TSL-World-CAN","202","9596e1ac-b0e7-4424-ba47-037ba3af36e0","4016509","","Updates","cd5ffd1e-e932-4e3a-bf74-18bf0b1bbd83","Windows","Software",""
"GDR-DU: LanguageFeatureOnDemand - Windows 10 Version 1703 for x64-based Systems - (KB4016509) [bs-Latn-BA]","Windows 10 and later GDR-DU","abc45868-0c9c-4bc0-a36d-03d54113baf4","2017/03/20 23:30:00","KB4016509-Win10-TH1-GDR-DU-RTM-LanguageFeatureOnDemand-X64-TSL-World-BSB","202","a8d3ecd7-5534-4aad-b888-ed5367d99ef2","4016509","","Updates","cd5ffd1e-e932-4e3a-bf74-18bf0b1bbd83","Windows","Software",""
"GDR-DU: LanguageFeatureOnDemand - Windows 10 Version 1703 for x64-based Systems - (KB4016509) [gl-ES]","Windows 10 and later GDR-DU","abc45868-0c9c-4bc0-a36d-03d54113baf4","2017/03/20 23:30:00","KB4016509-Win10-TH1-GDR-DU-RTM-LanguageFeatureOnDemand-X64-TSL-World-GLC","202","b3873085-708c-4714-a61e-69f221cce130","4016509","","Updates","cd5ffd1e-e932-4e3a-bf74-18bf0b1bbd83","Windows","Software",""
"GDR-DU: LanguageFeatureOnDemand - Windows 10 Version 1703 for x64-based Systems - (KB4016509) [eu-ES]","Windows 10 and later GDR-DU","abc45868-0c9c-4bc0-a36d-03d54113baf4","2017/03/20 23:30:00","KB4016509-Win10-TH1-GDR-DU-RTM-LanguageFeatureOnDemand-X64-TSL-World-EUQ","202","dabed32b-30ea-491c-a830-a93b0ff131b3","4016509","","Updates","cd5ffd1e-e932-4e3a-bf74-18bf0b1bbd83","Windows","Software",""
"GDR-DU: LanguageFeatureOnDemand - Windows 10 Version 1703 for x64-based Systems - (KB4016509) [gd-GB]","Windows 10 and later GDR-DU","abc45868-0c9c-4bc0-a36d-03d54113baf4","2017/03/20 23:30:00","KB4016509-Win10-TH1-GDR-DU-RTM-LanguageFeatureOnDemand-X64-TSL-World-GLA","202","d621d78e-7829-40d9-97fd-7509513e03a6","4016509","","Updates","cd5ffd1e-e932-4e3a-bf74-18bf0b1bbd83","Windows","Software",""
"GDR-DU: LanguageFeatureOnDemand - Windows 10 Version 1703 for x64-based Systems - (KB4016509) [id-ID]","Windows 10 and later GDR-DU","abc45868-0c9c-4bc0-a36d-03d54113baf4","2017/03/20 23:30:00","KB4016509-Win10-TH1-GDR-DU-RTM-LanguageFeatureOnDemand-X64-TSL-World-IND","202","bb62f3ca-e393-403e-be6a-ced01c1de811","4016509","","Updates","cd5ffd1e-e932-4e3a-bf74-18bf0b1bbd83","Windows","Software",""
"GDR-DU: LanguageFeatureOnDemand - Windows 10 Version 1703 for x64-based Systems - (KB4016509) [hy-AM]","Windows 10 and later GDR-DU","abc45868-0c9c-4bc0-a36d-03d54113baf4","2017/03/20 23:30:00","KB4016509-Win10-TH1-GDR-DU-RTM-LanguageFeatureOnDemand-X64-TSL-World-HYE","202","7284b004-6de6-4ab1-91e3-5a19b7cc9c21","4016509","","Updates","cd5ffd1e-e932-4e3a-bf74-18bf0b1bbd83","Windows","Software",""
"GDR-DU: LanguageFeatureOnDemand - Windows 10 Version 1703 for x64-based Systems - (KB4016509) [hr-HR]","Windows 10 and later GDR-DU","abc45868-0c9c-4bc0-a36d-03d54113baf4","2017/03/20 23:30:00","KB4016509-Win10-TH1-GDR-DU-RTM-LanguageFeatureOnDemand-X64-TSL-World-HRV","202","ec3d8cb3-809c-407f-9f3a-646dd442c4de","4016509","","Updates","cd5ffd1e-e932-4e3a-bf74-18bf0b1bbd83","Windows","Software",""
"GDR-DU: LanguageFeatureOnDemand - Windows 10 Version 1703 for x64-based Systems - (KB4016509) [bn-BD]","Windows 10 and later GDR-DU","abc45868-0c9c-4bc0-a36d-03d54113baf4","2017/03/20 23:30:00","KB4016509-Win10-TH1-GDR-DU-RTM-LanguageFeatureOnDemand-X64-TSL-World-BNG","202","e26b7206-22c9-4431-936a-797cf354859f","4016509","","Updates","cd5ffd1e-e932-4e3a-bf74-18bf0b1bbd83","Windows","Software",""
"GDR-DU: LanguageFeatureOnDemand - Windows 10 Version 1703 for x64-based Systems - (KB4016509) [km-KH]","Windows 10 and later GDR-DU","abc45868-0c9c-4bc0-a36d-03d54113baf4","2017/03/20 23:30:00","KB4016509-Win10-TH1-GDR-DU-RTM-LanguageFeatureOnDemand-X64-TSL-World-KHM","202","41b18641-c42c-4110-8717-092ee21be0a2","4016509","","Updates","cd5ffd1e-e932-4e3a-bf74-18bf0b1bbd83","Windows","Software",""
"GDR-DU: LanguageFeatureOnDemand - Windows 10 Version 1703 for x64-based Systems - (KB4016509) [el-GR]","Windows 10 and later GDR-DU","abc45868-0c9c-4bc0-a36d-03d54113baf4","2017/03/20 23:30:00","KB4016509-Win10-TH1-GDR-DU-RTM-LanguageFeatureOnDemand-X64-TSL-World-ELL","202","f43b7085-c73a-4301-914e-c128902a1909","4016509","","Updates","cd5ffd1e-e932-4e3a-bf74-18bf0b1bbd83","Windows","Software",""
"GDR-DU: FeatureOnDemandInternetExplorer - Windows 10 Version 1703 for x64-based Systems - (KB4016509)","Windows 10 and later GDR-DU","abc45868-0c9c-4bc0-a36d-03d54113baf4","2017/03/20 23:30:00","KB4016509-Win10-TH1-GDR-DU-RTM-FeatureOnDemandInternetExplorer-X64-TSL-World","202","532bea03-1f6b-4458-bb5c-236ec16e6f91","4016509","","Updates","cd5ffd1e-e932-4e3a-bf74-18bf0b1bbd83","Windows","Software",""
"GDR-DU: LanguageFeatureOnDemand - Windows 10 Version 1703 for x64-based Systems - (KB4016509) [ja-JP]","Windows 10 and later GDR-DU","abc45868-0c9c-4bc0-a36d-03d54113baf4","2017/03/20 23:30:00","KB4016509-Win10-TH1-GDR-DU-RTM-LanguageFeatureOnDemand-X64-TSL-World-JPN","202","f27fe2b0-0829-442e-9d77-dde09da92a1c","4016509","","Updates","cd5ffd1e-e932-4e3a-bf74-18bf0b1bbd83","Windows","Software",""
"GDR-DU: LanguageFeatureOnDemand - Windows 10 Version 1703 for x64-based Systems - (KB4016509) [fi-FI]","Windows 10 and later GDR-DU","abc45868-0c9c-4bc0-a36d-03d54113baf4","2017/03/20 23:30:00","KB4016509-Win10-TH1-GDR-DU-RTM-LanguageFeatureOnDemand-X64-TSL-World-FIN","202","0d4e1909-e9fd-4e77-b746-aabad599f861","4016509","","Updates","cd5ffd1e-e932-4e3a-bf74-18bf0b1bbd83","Windows","Software",""
"GDR-DU: LanguageFeatureOnDemand - Windows 10 Version 1703 for x64-based Systems - (KB4016509) [ha-Latn-NG]","Windows 10 and later GDR-DU","abc45868-0c9c-4bc0-a36d-03d54113baf4","2017/03/20 23:30:00","KB4016509-Win10-TH1-GDR-DU-RTM-LanguageFeatureOnDemand-X64-TSL-World-HAU","202","033a957c-aa7f-40a2-b4a8-bd416fa3b544","4016509","","Updates","cd5ffd1e-e932-4e3a-bf74-18bf0b1bbd83","Windows","Software",""
"GDR-DU: LanguageFeatureOnDemand - Windows 10 Version 1703 for x64-based Systems - (KB4016509) [cy-GB]","Windows 10 and later GDR-DU","abc45868-0c9c-4bc0-a36d-03d54113baf4","2017/03/20 23:30:00","KB4016509-Win10-TH1-GDR-DU-RTM-LanguageFeatureOnDemand-X64-TSL-World-CYM","203","d7ba3ad1-03ec-4172-b2a1-85a2abc35559","4016509","","Updates","cd5ffd1e-e932-4e3a-bf74-18bf0b1bbd83","Windows","Software",""
"GDR-DU: LanguageFeatureOnDemand - Windows 10 Version 1703 for x64-based Systems - (KB4016509) [zh-TW]","Windows 10 and later GDR-DU","abc45868-0c9c-4bc0-a36d-03d54113baf4","2017/03/20 23:30:00","KB4016509-Win10-TH1-GDR-DU-RTM-LanguageFeatureOnDemand-X64-TSL-World-CHT","203","51c4bc63-53f5-4b07-8bdb-37090781375d","4016509","","Updates","cd5ffd1e-e932-4e3a-bf74-18bf0b1bbd83","Windows","Software",""
"GDR-DU: LanguageFeatureOnDemand - Windows 10 Version 1703 for x64-based Systems - (KB4016509) [tr-TR]","Windows 10 and later GDR-DU","abc45868-0c9c-4bc0-a36d-03d54113baf4","2017/03/20 23:30:00","KB4016509-Win10-TH1-GDR-DU-RTM-LanguageFeatureOnDemand-X64-TSL-World-TRK","202","5cac4d34-bdec-4904-8d9b-9a8482420681","4016509","","Updates","cd5ffd1e-e932-4e3a-bf74-18bf0b1bbd83","Windows","Software",""
"GDR-DU: LanguageFeatureOnDemand - Windows 10 Version 1703 for x64-based Systems - (KB4016509) [or-IN]","Windows 10 and later GDR-DU","abc45868-0c9c-4bc0-a36d-03d54113baf4","2017/03/20 23:30:00","KB4016509-Win10-TH1-GDR-DU-RTM-LanguageFeatureOnDemand-X64-TSL-World-ORI","202","1ecc88ac-e644-421b-ac61-6c631d33dbc6","4016509","","Updates","cd5ffd1e-e932-4e3a-bf74-18bf0b1bbd83","Windows","Software",""
"GDR-DU: LanguageFeatureOnDemand - Windows 10 Version 1703 for x64-based Systems - (KB4016509) [ig-NG]","Windows 10 and later GDR-DU","abc45868-0c9c-4bc0-a36d-03d54113baf4","2017/03/20 23:30:00","KB4016509-Win10-TH1-GDR-DU-RTM-LanguageFeatureOnDemand-X64-TSL-World-IBO","202","6726438a-1b24-4983-95c1-9e547c2926f9","4016509","","Updates","cd5ffd1e-e932-4e3a-bf74-18bf0b1bbd83","Windows","Software",""
"GDR-DU: LanguageFeatureOnDemand - Windows 10 Version 1703 for x64-based Systems - (KB4016509) [mi-NZ]","Windows 10 and later GDR-DU","abc45868-0c9c-4bc0-a36d-03d54113baf4","2017/03/20 23:30:00","KB4016509-Win10-TH1-GDR-DU-RTM-LanguageFeatureOnDemand-X64-TSL-World-MRI","202","5b560cba-b6cf-4085-a7aa-09733dbc8b27","4016509","","Updates","cd5ffd1e-e932-4e3a-bf74-18bf0b1bbd83","Windows","Software",""
"GDR-DU: LanguageFeatureOnDemand - Windows 10 Version 1703 for x64-based Systems - (KB4016509) [is-IS]","Windows 10 and later GDR-DU","abc45868-0c9c-4bc0-a36d-03d54113baf4","2017/03/20 23:30:00","KB4016509-Win10-TH1-GDR-DU-RTM-LanguageFeatureOnDemand-X64-TSL-World-ISL","202","24139d3b-02be-462d-a0b9-bece246675fc","4016509","","Updates","cd5ffd1e-e932-4e3a-bf74-18bf0b1bbd83","Windows","Software",""
"GDR-DU: LanguageFeatureOnDemand - Windows 10 Version 1703 for x64-based Systems - (KB4016509) [ky-KG]","Windows 10 and later GDR-DU","abc45868-0c9c-4bc0-a36d-03d54113baf4","2017/03/20 23:30:00","KB4016509-Win10-TH1-GDR-DU-RTM-LanguageFeatureOnDemand-X64-TSL-World-KYR","203","fca15350-df7a-490f-bad3-aae52690eb0f","4016509","","Updates","cd5ffd1e-e932-4e3a-bf74-18bf0b1bbd83","Windows","Software",""
"GDR-DU: LanguageFeatureOnDemand - Windows 10 Version 1703 for x64-based Systems - (KB4016509) [sr-Cyrl-RS]","Windows 10 and later GDR-DU","abc45868-0c9c-4bc0-a36d-03d54113baf4","2017/03/20 23:30:00","KB4016509-Win10-TH1-GDR-DU-RTM-LanguageFeatureOnDemand-X64-TSL-World-SRB","202","25c49c27-2c46-468c-86cf-0dcacd9945bb","4016509","","Updates","cd5ffd1e-e932-4e3a-bf74-18bf0b1bbd83","Windows","Software",""
"GDR-DU: LanguageFeatureOnDemand - Windows 10 Version 1703 for x64-based Systems - (KB4016509) [mk-MK]","Windows 10 and later GDR-DU","abc45868-0c9c-4bc0-a36d-03d54113baf4","2017/03/20 23:30:00","KB4016509-Win10-TH1-GDR-DU-RTM-LanguageFeatureOnDemand-X64-TSL-World-MKI","202","01760bf3-f159-4d40-a22b-6c0a39ee4119","4016509","","Updates","cd5ffd1e-e932-4e3a-bf74-18bf0b1bbd83","Windows","Software",""
"GDR-DU: LanguageFeatureOnDemand - Windows 10 Version 1703 for x64-based Systems - (KB4016509) [mr-IN]","Windows 10 and later GDR-DU","abc45868-0c9c-4bc0-a36d-03d54113baf4","2017/03/20 23:30:00","KB4016509-Win10-TH1-GDR-DU-RTM-LanguageFeatureOnDemand-X64-TSL-World-MAR","202","8f5f293a-d498-4d31-93be-307e39f54e20","4016509","","Updates","cd5ffd1e-e932-4e3a-bf74-18bf0b1bbd83","Windows","Software",""
"GDR-DU: LanguageFeatureOnDemand - Windows 10 Version 1703 for x64-based Systems - (KB4016509) [vi-VN]","Windows 10 and later GDR-DU","abc45868-0c9c-4bc0-a36d-03d54113baf4","2017/03/20 23:30:00","KB4016509-Win10-TH1-GDR-DU-RTM-LanguageFeatureOnDemand-X64-TSL-World-VIT","202","5f523c88-6b97-40e0-8c38-3cc4ddc7f97e","4016509","","Updates","cd5ffd1e-e932-4e3a-bf74-18bf0b1bbd83","Windows","Software",""
"GDR-DU: LanguageFeatureOnDemand - Windows 10 Version 1703 for x64-based Systems - (KB4016509) [ne-NP]","Windows 10 and later GDR-DU","abc45868-0c9c-4bc0-a36d-03d54113baf4","2017/03/20 23:30:00","KB4016509-Win10-TH1-GDR-DU-RTM-LanguageFeatureOnDemand-X64-TSL-World-NEP","202","91b6ac9e-ca5d-4c1a-bb39-70323550fb1f","4016509","","Updates","cd5ffd1e-e932-4e3a-bf74-18bf0b1bbd83","Windows","Software",""
"GDR-DU: LanguageFeatureOnDemand - Windows 10 Version 1703 for x64-based Systems - (KB4016509) [ka-GE]","Windows 10 and later GDR-DU","abc45868-0c9c-4bc0-a36d-03d54113baf4","2017/03/20 23:30:00","KB4016509-Win10-TH1-GDR-DU-RTM-LanguageFeatureOnDemand-X64-TSL-World-KAT","202","6dd08def-e566-42e2-a0dd-fe0fd94d95cd","4016509","","Updates","cd5ffd1e-e932-4e3a-bf74-18bf0b1bbd83","Windows","Software",""
"GDR-DU: LanguageFeatureOnDemand - Windows 10 Version 1703 for x64-based Systems - (KB4016509) [tt-RU]","Windows 10 and later GDR-DU","abc45868-0c9c-4bc0-a36d-03d54113baf4","2017/03/20 23:30:00","KB4016509-Win10-TH1-GDR-DU-RTM-LanguageFeatureOnDemand-X64-TSL-World-TTT","202","88dfdb3d-9cb8-4f85-8900-504250b4a821","4016509","","Updates","cd5ffd1e-e932-4e3a-bf74-18bf0b1bbd83","Windows","Software",""
"GDR-DU: LanguageFeatureOnDemand - Windows 10 Version 1703 for x64-based Systems - (KB4016509) [rw-RW]","Windows 10 and later GDR-DU","abc45868-0c9c-4bc0-a36d-03d54113baf4","2017/03/20 23:30:00","KB4016509-Win10-TH1-GDR-DU-RTM-LanguageFeatureOnDemand-X64-TSL-World-KIN","202","9599a6b0-3a90-4228-a832-d1bf66f7e9fe","4016509","","Updates","cd5ffd1e-e932-4e3a-bf74-18bf0b1bbd83","Windows","Software",""
"GDR-DU: LanguageFeatureOnDemand - Windows 10 Version 1703 for x64-based Systems - (KB4016509) [pl-PL]","Windows 10 and later GDR-DU","abc45868-0c9c-4bc0-a36d-03d54113baf4","2017/03/20 23:30:00","KB4016509-Win10-TH1-GDR-DU-RTM-LanguageFeatureOnDemand-X64-TSL-World-PLK","202","2e01fc1f-3ee6-48b1-8326-14ae0f9bfd68","4016509","","Updates","cd5ffd1e-e932-4e3a-bf74-18bf0b1bbd83","Windows","Software",""
"GDR-DU: LanguageFeatureOnDemand - Windows 10 Version 1703 for x64-based Systems - (KB4016509) [lb-LU]","Windows 10 and later GDR-DU","abc45868-0c9c-4bc0-a36d-03d54113baf4","2017/03/20 23:30:00","KB4016509-Win10-TH1-GDR-DU-RTM-LanguageFeatureOnDemand-X64-TSL-World-LBX","202","a12fa2c0-56c3-419d-9f3e-22fc5cf0945f","4016509","","Updates","cd5ffd1e-e932-4e3a-bf74-18bf0b1bbd83","Windows","Software",""
"GDR-DU: LanguageFeatureOnDemand - Windows 10 Version 1703 for x64-based Systems - (KB4016509) [lt-LT]","Windows 10 and later GDR-DU","abc45868-0c9c-4bc0-a36d-03d54113baf4","2017/03/20 23:30:00","KB4016509-Win10-TH1-GDR-DU-RTM-LanguageFeatureOnDemand-X64-TSL-World-LTH","202","6e70fd3d-d70b-4f33-bd7b-f3d37ea58304","4016509","","Updates","cd5ffd1e-e932-4e3a-bf74-18bf0b1bbd83","Windows","Software",""
"GDR-DU: LanguageFeatureOnDemand - Windows 10 Version 1703 for x64-based Systems - (KB4016509) [lv-LV]","Windows 10 and later GDR-DU","abc45868-0c9c-4bc0-a36d-03d54113baf4","2017/03/20 23:30:00","KB4016509-Win10-TH1-GDR-DU-RTM-LanguageFeatureOnDemand-X64-TSL-World-LVI","202","1a3708b1-64d7-4585-b8ee-a9a7c8052e70","4016509","","Updates","cd5ffd1e-e932-4e3a-bf74-18bf0b1bbd83","Windows","Software",""
"GDR-DU: LanguageFeatureOnDemand - Windows 10 Version 1703 for x64-based Systems - (KB4016509) [tn-ZA]","Windows 10 and later GDR-DU","abc45868-0c9c-4bc0-a36d-03d54113baf4","2017/03/20 23:30:00","KB4016509-Win10-TH1-GDR-DU-RTM-LanguageFeatureOnDemand-X64-TSL-World-TSN","202","2b3d02f8-2f06-4e46-a850-fd87cc1c4ee5","4016509","","Updates","cd5ffd1e-e932-4e3a-bf74-18bf0b1bbd83","Windows","Software",""
"GDR-DU: LanguageFeatureOnDemand - Windows 10 Version 1703 for x64-based Systems - (KB4016509) [ur-PK]","Windows 10 and later GDR-DU","abc45868-0c9c-4bc0-a36d-03d54113baf4","2017/03/20 23:30:00","KB4016509-Win10-TH1-GDR-DU-RTM-LanguageFeatureOnDemand-X64-TSL-World-URD","202","171f5be6-cd6c-4f99-9fe1-3777fba5cbb9","4016509","","Updates","cd5ffd1e-e932-4e3a-bf74-18bf0b1bbd83","Windows","Software",""
"GDR-DU: LanguageFeatureOnDemand - Windows 10 Version 1703 for x64-based Systems - (KB4016509) [ms-MY]","Windows 10 and later GDR-DU","abc45868-0c9c-4bc0-a36d-03d54113baf4","2017/03/20 23:30:00","KB4016509-Win10-TH1-GDR-DU-RTM-LanguageFeatureOnDemand-X64-TSL-World-MSL","202","56089ee9-c7f9-4c24-be29-a491d4559e58","4016509","","Updates","cd5ffd1e-e932-4e3a-bf74-18bf0b1bbd83","Windows","Software",""
"GDR-DU: LanguageFeatureOnDemand - Windows 10 Version 1703 for x64-based Systems - (KB4016509) [ru-RU]","Windows 10 and later GDR-DU","abc45868-0c9c-4bc0-a36d-03d54113baf4","2017/03/20 23:30:00","KB4016509-Win10-TH1-GDR-DU-RTM-LanguageFeatureOnDemand-X64-TSL-World-RUS","202","c3c09fec-d39a-490d-86ad-46cd29bed49a","4016509","","Updates","cd5ffd1e-e932-4e3a-bf74-18bf0b1bbd83","Windows","Software",""
"GDR-DU: LanguageFeatureOnDemand - Windows 10 Version 1703 for x64-based Systems - (KB4016509) [mt-MT]","Windows 10 and later GDR-DU","abc45868-0c9c-4bc0-a36d-03d54113baf4","2017/03/20 23:30:00","KB4016509-Win10-TH1-GDR-DU-RTM-LanguageFeatureOnDemand-X64-TSL-World-MLT","202","d4e98d7d-0ce2-4964-a980-a55f50e10196","4016509","","Updates","cd5ffd1e-e932-4e3a-bf74-18bf0b1bbd83","Windows","Software",""
"GDR-DU: LanguageFeatureOnDemand - Windows 10 Version 1703 for x64-based Systems - (KB4016509) [uz-Latn-UZ]","Windows 10 and later GDR-DU","abc45868-0c9c-4bc0-a36d-03d54113baf4","2017/03/20 23:30:00","KB4016509-Win10-TH1-GDR-DU-RTM-LanguageFeatureOnDemand-X64-TSL-World-UZB","202","d95e4a59-0ced-49c2-8942-96e5c9c0246f","4016509","","Updates","cd5ffd1e-e932-4e3a-bf74-18bf0b1bbd83","Windows","Software",""
"GDR-DU: LanguageFeatureOnDemand - Windows 10 Version 1703 for x64-based Systems - (KB4016509) [sl-SI]","Windows 10 and later GDR-DU","abc45868-0c9c-4bc0-a36d-03d54113baf4","2017/03/20 23:30:00","KB4016509-Win10-TH1-GDR-DU-RTM-LanguageFeatureOnDemand-X64-TSL-World-SLV","202","4042e1fe-6c92-44c5-9794-53e0d7f15f85","4016509","","Updates","cd5ffd1e-e932-4e3a-bf74-18bf0b1bbd83","Windows","Software",""
"GDR-DU: LanguageFeatureOnDemand - Windows 10 Version 1703 for x64-based Systems - (KB4016509) [uk-UA]","Windows 10 and later GDR-DU","abc45868-0c9c-4bc0-a36d-03d54113baf4","2017/03/20 23:30:00","KB4016509-Win10-TH1-GDR-DU-RTM-LanguageFeatureOnDemand-X64-TSL-World-UKR","202","13af6877-c2af-4fa9-a7d8-5d74651f15fd","4016509","","Updates","cd5ffd1e-e932-4e3a-bf74-18bf0b1bbd83","Windows","Software",""
"GDR-DU: LanguageFeatureOnDemand - Windows 10 Version 1703 for x64-based Systems - (KB4016509) [nb-NO]","Windows 10 and later GDR-DU","abc45868-0c9c-4bc0-a36d-03d54113baf4","2017/03/20 23:30:00","KB4016509-Win10-TH1-GDR-DU-RTM-LanguageFeatureOnDemand-X64-TSL-World-NOR","202","79e8361b-c1d3-49fa-be74-561806a21453","4016509","","Updates","cd5ffd1e-e932-4e3a-bf74-18bf0b1bbd83","Windows","Software",""
"GDR-DU: LanguageFeatureOnDemand - Windows 10 Version 1703 for x64-based Systems - (KB4016509) [sv-SE]","Windows 10 and later GDR-DU","abc45868-0c9c-4bc0-a36d-03d54113baf4","2017/03/20 23:30:00","KB4016509-Win10-TH1-GDR-DU-RTM-LanguageFeatureOnDemand-X64-TSL-World-SVE","202","2454a8a6-7439-49b5-9625-2fd3603d15c1","4016509","","Updates","cd5ffd1e-e932-4e3a-bf74-18bf0b1bbd83","Windows","Software",""
"GDR-DU: LanguageFeatureOnDemand - Windows 10 Version 1703 for x64-based Systems - (KB4016509) [nn-NO]","Windows 10 and later GDR-DU","abc45868-0c9c-4bc0-a36d-03d54113baf4","2017/03/20 23:30:00","KB4016509-Win10-TH1-GDR-DU-RTM-LanguageFeatureOnDemand-X64-TSL-World-NON","202","ac509738-bde7-4ee3-958c-836a06ce39f9","4016509","","Updates","cd5ffd1e-e932-4e3a-bf74-18bf0b1bbd83","Windows","Software",""
"GDR-DU: LanguageFeatureOnDemand - Windows 10 Version 1703 for x64-based Systems - (KB4016509) [sq-AL]","Windows 10 and later GDR-DU","abc45868-0c9c-4bc0-a36d-03d54113baf4","2017/03/20 23:30:00","KB4016509-Win10-TH1-GDR-DU-RTM-LanguageFeatureOnDemand-X64-TSL-World-SQI","203","77bf8921-80f3-4ef6-af38-445c2fa7be61","4016509","","Updates","cd5ffd1e-e932-4e3a-bf74-18bf0b1bbd83","Windows","Software",""
"GDR-DU: LanguageFeatureOnDemand - Windows 10 Version 1703 for x64-based Systems - (KB4016509) [sw-KE]","Windows 10 and later GDR-DU","abc45868-0c9c-4bc0-a36d-03d54113baf4","2017/03/20 23:30:00","KB4016509-Win10-TH1-GDR-DU-RTM-LanguageFeatureOnDemand-X64-TSL-World-SWK","202","c734d903-e187-418a-b8b0-5355fc2e720c","4016509","","Updates","cd5ffd1e-e932-4e3a-bf74-18bf0b1bbd83","Windows","Software",""
"GDR-DU: LanguageFeatureOnDemand - Windows 10 Version 1703 for x64-based Systems - (KB4016509) [nso-ZA]","Windows 10 and later GDR-DU","abc45868-0c9c-4bc0-a36d-03d54113baf4","2017/03/20 23:30:00","KB4016509-Win10-TH1-GDR-DU-RTM-LanguageFeatureOnDemand-X64-TSL-World-NSO","202","41d35730-ba66-4561-96fc-c42c591af3f1","4016509","","Updates","cd5ffd1e-e932-4e3a-bf74-18bf0b1bbd83","Windows","Software",""
"GDR-DU: LanguageFeatureOnDemand - Windows 10 Version 1703 for x64-based Systems - (KB4016509) [sk-SK]","Windows 10 and later GDR-DU","abc45868-0c9c-4bc0-a36d-03d54113baf4","2017/03/20 23:30:00","KB4016509-Win10-TH1-GDR-DU-RTM-LanguageFeatureOnDemand-X64-TSL-World-SKY","202","9ae864aa-caf7-44a1-8e7f-4a7d3a3bbacd","4016509","","Updates","cd5ffd1e-e932-4e3a-bf74-18bf0b1bbd83","Windows","Software",""
"GDR-DU: LanguageFeatureOnDemand - Windows 10 Version 1703 for x64-based Systems - (KB4016509) [pt-PT]","Windows 10 and later GDR-DU","abc45868-0c9c-4bc0-a36d-03d54113baf4","2017/03/20 23:30:00","KB4016509-Win10-TH1-GDR-DU-RTM-LanguageFeatureOnDemand-X64-TSL-World-PTG","202","9408ef74-3561-4931-b429-5ae817ea8bdb","4016509","","Updates","cd5ffd1e-e932-4e3a-bf74-18bf0b1bbd83","Windows","Software",""
"GDR-DU: LanguageFeatureOnDemand - Windows 10 Version 1703 for x64-based Systems - (KB4016509) [kk-KZ]","Windows 10 and later GDR-DU","abc45868-0c9c-4bc0-a36d-03d54113baf4","2017/03/20 23:30:00","KB4016509-Win10-TH1-GDR-DU-RTM-LanguageFeatureOnDemand-X64-TSL-World-KKZ","202","fc8c88d8-a846-4edf-9fe5-a46a03d100ae","4016509","","Updates","cd5ffd1e-e932-4e3a-bf74-18bf0b1bbd83","Windows","Software",""
"GDR-DU: LanguageFeatureOnDemand - Windows 10 Version 1703 for x64-based Systems - (KB4016509) [nl-NL]","Windows 10 and later GDR-DU","abc45868-0c9c-4bc0-a36d-03d54113baf4","2017/03/20 23:30:00","KB4016509-Win10-TH1-GDR-DU-RTM-LanguageFeatureOnDemand-X64-TSL-World-NLD","202","ffbfff14-46d6-4084-a7f3-ceeea08b0b9f","4016509","","Updates","cd5ffd1e-e932-4e3a-bf74-18bf0b1bbd83","Windows","Software",""
"GDR-DU: LanguageFeatureOnDemand - Windows 10 Version 1703 for x64-based Systems - (KB4016509) [sr-Latn-RS]","Windows 10 and later GDR-DU","abc45868-0c9c-4bc0-a36d-03d54113baf4","2017/03/20 23:30:00","KB4016509-Win10-TH1-GDR-DU-RTM-LanguageFeatureOnDemand-X64-TSL-World-SRL","202","209cdb4c-1778-4791-9157-319d9e60ca9d","4016509","","Updates","cd5ffd1e-e932-4e3a-bf74-18bf0b1bbd83","Windows","Software",""
"GDR-DU: LanguageFeatureOnDemand - Windows 10 Version 1703 for x64-based Systems - (KB4016509) [kok-IN]","Windows 10 and later GDR-DU","abc45868-0c9c-4bc0-a36d-03d54113baf4","2017/03/20 23:30:00","KB4016509-Win10-TH1-GDR-DU-RTM-LanguageFeatureOnDemand-X64-TSL-World-KNK","202","58b137c4-805a-4462-8a22-34da2c3a20ec","4016509","","Updates","cd5ffd1e-e932-4e3a-bf74-18bf0b1bbd83","Windows","Software",""
"GDR-DU: LanguageFeatureOnDemand - Windows 10 Version 1703 for x64-based Systems - (KB4016509) [en-ie]","Windows 10 and later GDR-DU","abc45868-0c9c-4bc0-a36d-03d54113baf4","2017/03/20 23:30:00","KB4016509-Win10-TH1-GDR-DU-RTM-LanguageFeatureOnDemand-X64-TSL-World-ENI","202","4bb8cf7f-9636-4ec3-982a-b33381873772","4016509","","Updates","cd5ffd1e-e932-4e3a-bf74-18bf0b1bbd83","Windows","Software",""
"GDR-DU: LanguageFeatureOnDemand - Windows 10 Version 1703 for x64-based Systems - (KB4016509) [fr-CH]","Windows 10 and later GDR-DU","abc45868-0c9c-4bc0-a36d-03d54113baf4","2017/03/20 23:30:00","KB4016509-Win10-TH1-GDR-DU-RTM-LanguageFeatureOnDemand-X64-TSL-World-fr-CH","202","7481fdb6-b262-4879-9897-f32e18508e7a","4016509","","Updates","cd5ffd1e-e932-4e3a-bf74-18bf0b1bbd83","Windows","Software",""
"GDR-DU: LanguageFeatureOnDemand - Windows 10 Version 1703 for x64-based Systems - (KB4016509) [ps-AF]","Windows 10 and later GDR-DU","abc45868-0c9c-4bc0-a36d-03d54113baf4","2017/03/20 23:30:00","KB4016509-Win10-TH1-GDR-DU-RTM-LanguageFeatureOnDemand-X64-TSL-World-PAS","202","778fd2c2-8b7a-4aff-a521-14ee4b44045d","4016509","","Updates","cd5ffd1e-e932-4e3a-bf74-18bf0b1bbd83","Windows","Software",""
"GDR-DU: FeatureOnDemandPanEuropeanSupplementaryFonts - Windows 10 Version 1703 for x64-based Systems - (KB4016509)","Windows 10 and later GDR-DU","abc45868-0c9c-4bc0-a36d-03d54113baf4","2017/03/20 23:30:00","KB4016509-Win10-TH1-GDR-DU-RTM-FeatureOnDemandPanEuropeanSupplementaryFonts-X64-TSL-World","202","9b1e5f95-b359-4a5d-b01e-a9f2b3f56989","4016509","","Updates","cd5ffd1e-e932-4e3a-bf74-18bf0b1bbd83","Windows","Software",""
"GDR-DU: LanguageFeatureOnDemand - Windows 10 Version 1703 for x64-based Systems - (KB4016509) [xh-ZA]","Windows 10 and later GDR-DU","abc45868-0c9c-4bc0-a36d-03d54113baf4","2017/03/20 23:30:00","KB4016509-Win10-TH1-GDR-DU-RTM-LanguageFeatureOnDemand-X64-TSL-World-XHO","202","8e5b3d58-86fd-408b-8f72-4a426381610a","4016509","","Updates","cd5ffd1e-e932-4e3a-bf74-18bf0b1bbd83","Windows","Software",""
"GDR-DU: LanguageFeatureOnDemand - Windows 10 Version 1703 for x64-based Systems - (KB4016509) [yo-NG]","Windows 10 and later GDR-DU","abc45868-0c9c-4bc0-a36d-03d54113baf4","2017/03/20 23:30:00","KB4016509-Win10-TH1-GDR-DU-RTM-LanguageFeatureOnDemand-X64-TSL-World-YOR","202","2117d587-eb48-426c-80b0-3f24b3c76389","4016509","","Updates","cd5ffd1e-e932-4e3a-bf74-18bf0b1bbd83","Windows","Software",""
"GDR-DU: LanguageFeatureOnDemand - Windows 10 Version 1703 for x64-based Systems - (KB4016509) [de-AT]","Windows 10 and later GDR-DU","abc45868-0c9c-4bc0-a36d-03d54113baf4","2017/03/20 23:30:00","KB4016509-Win10-TH1-GDR-DU-RTM-LanguageFeatureOnDemand-X64-TSL-World-de-AT","202","b10f6eba-ca0b-4b27-b6f7-bbe24479f017","4016509","","Updates","cd5ffd1e-e932-4e3a-bf74-18bf0b1bbd83","Windows","Software",""
"GDR-DU: LanguageFeatureOnDemand - Windows 10 Version 1703 for x64-based Systems - (KB4016509) [ar-EG]","Windows 10 and later GDR-DU","abc45868-0c9c-4bc0-a36d-03d54113baf4","2017/03/20 23:30:00","KB4016509-Win10-TH1-GDR-DU-RTM-LanguageFeatureOnDemand-X64-TSL-World-ar-EG","202","6d4991cd-18f2-401c-a9b4-0e3319ad7ba0","4016509","","Updates","cd5ffd1e-e932-4e3a-bf74-18bf0b1bbd83","Windows","Software",""
"GDR-DU: FeatureOnDemandWindowsMediaPlayer - Windows 10 Version 1703 for x64-based Systems - (KB4016509)","Windows 10 and later GDR-DU","abc45868-0c9c-4bc0-a36d-03d54113baf4","2017/03/20 23:30:00","KB4016509-Win10-TH1-GDR-DU-RTM-FeatureOnDemandWindowsMediaPlayer-X64-TSL-World","202","71ef5bad-0244-452a-bd62-1aa98231e0da","4016509","","Updates","cd5ffd1e-e932-4e3a-bf74-18bf0b1bbd83","Windows","Software",""
"GDR-DU: LanguageFeatureOnDemand - Windows 10 Version 1703 for x64-based Systems - (KB4016509) [wo-SN]","Windows 10 and later GDR-DU","abc45868-0c9c-4bc0-a36d-03d54113baf4","2017/03/20 23:30:00","KB4016509-Win10-TH1-GDR-DU-RTM-LanguageFeatureOnDemand-X64-TSL-World-WOL","202","fc8691f6-10b2-482f-a9a8-67832bf1de66","4016509","","Updates","cd5ffd1e-e932-4e3a-bf74-18bf0b1bbd83","Windows","Software",""
"GDR-DU: LanguageFeatureOnDemand - Windows 10 Version 1703 for x64-based Systems - (KB4016509) [nl-be]","Windows 10 and later GDR-DU","abc45868-0c9c-4bc0-a36d-03d54113baf4","2017/03/20 23:30:00","KB4016509-Win10-TH1-GDR-DU-RTM-LanguageFeatureOnDemand-X64-TSL-World-nl-be","202","b3f8967d-e806-44bc-aba2-e2f5f0658ee7","4016509","","Updates","cd5ffd1e-e932-4e3a-bf74-18bf0b1bbd83","Windows","Software",""
"GDR-DU: FeatureOnDemandDirectX - Windows 10 Version 1703 for x64-based Systems - (KB4016509)","Windows 10 and later GDR-DU","abc45868-0c9c-4bc0-a36d-03d54113baf4","2017/03/20 23:30:00","KB4016509-Win10-TH1-GDR-DU-RTM-FeatureOnDemandDirectX-X64-TSL-World","202","458dc4c8-6ac2-418f-81f3-4d727b7c2dc6","4016509","","Updates","cd5ffd1e-e932-4e3a-bf74-18bf0b1bbd83","Windows","Software",""
"GDR-DU: LanguageFeatureOnDemand - Windows 10 Version 1703 for x64-based Systems - (KB4016509) [zu-ZA]","Windows 10 and later GDR-DU","abc45868-0c9c-4bc0-a36d-03d54113baf4","2017/03/20 23:30:00","KB4016509-Win10-TH1-GDR-DU-RTM-LanguageFeatureOnDemand-X64-TSL-World-ZUL","202","3891aa54-50e9-4329-8629-b0b26ed35371","4016509","","Updates","cd5ffd1e-e932-4e3a-bf74-18bf0b1bbd83","Windows","Software",""
"GDR-DU: LanguageFeatureOnDemand - Windows 10 Version 1703 for x64-based Systems - (KB4016509) [ms-BN]","Windows 10 and later GDR-DU","abc45868-0c9c-4bc0-a36d-03d54113baf4","2017/03/20 23:30:00","KB4016509-Win10-TH1-GDR-DU-RTM-LanguageFeatureOnDemand-X64-TSL-World-MSB","202","5044f863-0c93-43fb-a2e8-50ff8cd94b3e","4016509","","Updates","cd5ffd1e-e932-4e3a-bf74-18bf0b1bbd83","Windows","Software",""
"GDR-DU: LanguageFeatureOnDemand - Windows 10 Version 1703 for x64-based Systems - (KB4016509) [rm-CH]","Windows 10 and later GDR-DU","abc45868-0c9c-4bc0-a36d-03d54113baf4","2017/03/20 23:30:00","KB4016509-Win10-TH1-GDR-DU-RTM-LanguageFeatureOnDemand-X64-TSL-World-RMC","202","5fe674fd-f087-43df-b033-329ce8e3f447","4016509","","Updates","cd5ffd1e-e932-4e3a-bf74-18bf0b1bbd83","Windows","Software",""
"GDR-DU: LanguageFeatureOnDemand - Windows 10 Version 1703 for x64-based Systems - (KB4016509) [de-CH]","Windows 10 and later GDR-DU","abc45868-0c9c-4bc0-a36d-03d54113baf4","2017/03/20 23:30:00","KB4016509-Win10-TH1-GDR-DU-RTM-LanguageFeatureOnDemand-X64-TSL-World-de-CH","202","1b2cee89-79b0-4e31-af95-0b955fdaa313","4016509","","Updates","cd5ffd1e-e932-4e3a-bf74-18bf0b1bbd83","Windows","Software",""
"GDR-DU: LanguageFeatureOnDemand - Windows 10 Version 1703 for x64-based Systems - (KB4016509) [ro-RO]","Windows 10 and later GDR-DU","abc45868-0c9c-4bc0-a36d-03d54113baf4","2017/03/20 23:30:00","KB4016509-Win10-TH1-GDR-DU-RTM-LanguageFeatureOnDemand-X64-TSL-World-ROM","202","3b6a9a45-8510-438f-b003-415f489a05ab","4016509","","Updates","cd5ffd1e-e932-4e3a-bf74-18bf0b1bbd83","Windows","Software",""
"GDR-DU: LanguageFeatureOnDemand - Windows 10 Version 1703 for x64-based Systems - (KB4016509) [bg-BG]","Windows 10 and later GDR-DU","abc45868-0c9c-4bc0-a36d-03d54113baf4","2017/03/20 23:30:00","KB4016509-Win10-TH1-GDR-DU-RTM-LanguageFeatureOnDemand-X64-TSL-World-BGR","202","c9987448-0e83-4f07-bf78-3cff8b49a1a8","4016509","","Updates","cd5ffd1e-e932-4e3a-bf74-18bf0b1bbd83","Windows","Software",""
"GDR-DU: LanguageFeatureOnDemand - Windows 10 Version 1703 for x64-based Systems - (KB4016509) [af-ZA]","Windows 10 and later GDR-DU","abc45868-0c9c-4bc0-a36d-03d54113baf4","2017/03/20 23:30:00","KB4016509-Win10-TH1-GDR-DU-RTM-LanguageFeatureOnDemand-X64-TSL-World-AFK","202","ba94835b-722a-49ce-8829-e40fc6a899d9","4016509","","Updates","cd5ffd1e-e932-4e3a-bf74-18bf0b1bbd83","Windows","Software",""
"GDR-DU: LanguageFeatureOnDemand - Windows 10 Version 1703 for x64-based Systems - (KB4016509) [cs-CZ]","Windows 10 and later GDR-DU","abc45868-0c9c-4bc0-a36d-03d54113baf4","2017/03/20 23:30:00","KB4016509-Win10-TH1-GDR-DU-RTM-LanguageFeatureOnDemand-X64-TSL-World-CSY","202","7712a778-0dcf-43fc-8248-0c1c491c10ee","4016509","","Updates","cd5ffd1e-e932-4e3a-bf74-18bf0b1bbd83","Windows","Software",""
"GDR-DU: LanguageFeatureOnDemand - Windows 10 Version 1703 for x64-based Systems - (KB4016509) [hu-HU]","Windows 10 and later GDR-DU","abc45868-0c9c-4bc0-a36d-03d54113baf4","2017/03/20 23:30:00","KB4016509-Win10-TH1-GDR-DU-RTM-LanguageFeatureOnDemand-X64-TSL-World-HUN","202","81f2a61c-8bbf-4cd7-a25d-8f6d264bf708","4016509","","Updates","cd5ffd1e-e932-4e3a-bf74-18bf0b1bbd83","Windows","Software",""
"2018-01 Dynamic Update for Windows 10 Version 1703 for x64-based Systems (KB4056868)","Windows 10 and later Dynamic Update","e4b04398-adbd-4b69-93b9-477322331cd3","2018/01/09 18:00:05","KB4056868-Windows10Rs2Client-RTM-SetupDU-X64-TSL-World","201","60b9ddeb-4055-43e7-8e9d-6e04b4ade14c","4056868","","Critical Updates","e6cf1350-c01b-414d-a61f-263d14d133b4","Windows","Software",""
"2017-08 Dynamic Update for Windows 10 Version 1703 for x64-based Systems (KB4037589)","Windows 10 and later Dynamic Update","e4b04398-adbd-4b69-93b9-477322331cd3","2017/08/14 17:00:03","KB4037589-Windows10Rs2Client-RTM-SetupDU-X64-TSL-World","202","a7b038b3-72c6-4bee-97ef-af0f627cd328","4037589","","Critical Updates","e6cf1350-c01b-414d-a61f-263d14d133b4","Windows","Software",""
"2018-01 Dynamic Update for Windows 10 Version 1703 for x64-based Systems (KB4074889)","Windows 10 and later Dynamic Update","e4b04398-adbd-4b69-93b9-477322331cd3","2018/01/18 22:00:05","KB4074889-Windows10Rs2Client-RTM-SetupDU-X64-TSL-World","201","fb63c4db-96c1-44a5-b2a8-3cb8e6af82ad","4074889","","Critical Updates","e6cf1350-c01b-414d-a61f-263d14d133b4","Windows","Software",""
"2018-02 Dynamic Update for Windows 10 Version 1703 for x64-based Systems (KB4077962)","Windows 10 and later Dynamic Update","e4b04398-adbd-4b69-93b9-477322331cd3","2018/02/13 18:00:05","KB4077962-Windows10Rs2Client-RTM-SetupDU-X64-TSL-World","202","0023af03-da03-4c42-8d05-421232850ab4","4077962","","Critical Updates","e6cf1350-c01b-414d-a61f-263d14d133b4","Windows","Software",""
"2018-10 Dynamic Cumulative Update for Windows 10 Version 1703 for x64-based Systems (KB4462939)","Windows 10 and later GDR-DU","abc45868-0c9c-4bc0-a36d-03d54113baf4","2018/10/18 17:00:05","KB4462939-Windows10Rs2Client-GDR-DU-RTM-X64-TSL-World","202","7f5f7838-4414-424e-aae5-dc5a13af6c23","4462939","","Updates","cd5ffd1e-e932-4e3a-bf74-18bf0b1bbd83","Windows","Software",""
"2019-04 Dynamic Update for Windows 10 Version 1703 for x64-based Systems (KB4492242)","Windows 10 and later Dynamic Update","e4b04398-adbd-4b69-93b9-477322331cd3","2019/04/25 21:00:06","KB4492242-Windows10Rs2Client-RTM-SetupDU-X64-TSL-World","202","d806cc11-2835-4723-97b1-269f8777b64c","4492242","","Critical Updates","e6cf1350-c01b-414d-a61f-263d14d133b4","Windows","Software",""
"2019-02 Dynamic Update for Windows 10 Version 1703 for x64-based Systems (KB4486559)","Windows 10 and later Dynamic Update","e4b04398-adbd-4b69-93b9-477322331cd3","2019/02/19 22:00:05","KB4486559-Windows10Rs2Client-RTM-SetupDU-X64-TSL-World","202","d0cf89fb-9396-4e6f-8c5a-72ebb4716f2d","4486559","","Critical Updates","e6cf1350-c01b-414d-a61f-263d14d133b4","Windows","Software",""
"2019-10 Dynamic Update for Windows 10 Version 1703 for x64-based Systems (KB4519336)","Windows 10 and later Dynamic Update","e4b04398-adbd-4b69-93b9-477322331cd3","2019/10/08 17:00:06","KB4519336-Windows10Rs2Client-RTM-SetupDU-X64-TSL-World","200","7c122a5f-5422-4f6c-bb52-ff662eadfd5e","4519336","","Critical Updates","e6cf1350-c01b-414d-a61f-263d14d133b4","Windows","Software",""
