﻿"Title","ProductTitles","ProductIds","CreationDate","LegacyName","Id.RevisionNumber","Id.UpdateId","KnowledgebaseArticles","SecurityBulletins","UpdateClassificationTitle","UpdateClassificationId","ProductFamilyTitles","UpdateType","Action"
"GDR-DU: FeatureOnDemandDirectX - Windows 10 Version 1607 for AMD64-based Systems - (KB3180030)","Windows 10 and later GDR-DU","abc45868-0c9c-4bc0-a36d-03d54113baf4","2016/07/16 23:11:17","KB3180030-Win10-TH1-GDR-DU-RTM-FeatureOnDemandDirectX-X64-TSL-rs1_release","202","87531ce2-3e1d-422a-a8cb-c101d8ad58f1","3180030","","Updates","cd5ffd1e-e932-4e3a-bf74-18bf0b1bbd83","Windows","Software",""
"GDR-DU: LanguageFeatureOnDemand - Windows 10 Version 1607 for AMD64-based Systems - (KB3180030) [as-IN]","Windows 10 and later GDR-DU","abc45868-0c9c-4bc0-a36d-03d54113baf4","2016/07/16 23:11:17","KB3180030-Win10-TH1-GDR-DU-RTM-LanguageFeatureOnDemand-X64-TSL-rs1_release-ASM","202","bc239540-8b8b-4252-8bd2-429c67fe3ed1","3180030","","Updates","cd5ffd1e-e932-4e3a-bf74-18bf0b1bbd83","Windows","Software",""
"GDR-DU: LanguageFeatureOnDemand - Windows 10 Version 1607 for AMD64-based Systems - (KB3180030) [bn-IN]","Windows 10 and later GDR-DU","abc45868-0c9c-4bc0-a36d-03d54113baf4","2016/07/16 23:11:17","KB3180030-Win10-TH1-GDR-DU-RTM-LanguageFeatureOnDemand-X64-TSL-rs1_release-BNG","202","d158ef4b-4802-40b2-b1e5-83d965a5d0be","3180030","","Updates","cd5ffd1e-e932-4e3a-bf74-18bf0b1bbd83","Windows","Software",""
"GDR-DU: LanguageFeatureOnDemand - Windows 10 Version 1607 for AMD64-based Systems - (KB3180030) [az-Latn-AZ]","Windows 10 and later GDR-DU","abc45868-0c9c-4bc0-a36d-03d54113baf4","2016/07/16 23:11:17","KB3180030-Win10-TH1-GDR-DU-RTM-LanguageFeatureOnDemand-X64-TSL-rs1_release-AZE","202","b1ab2063-a014-46f4-af88-f96f828dd1b4","3180030","","Updates","cd5ffd1e-e932-4e3a-bf74-18bf0b1bbd83","Windows","Software",""
"GDR-DU: LanguageFeatureOnDemand - Windows 10 Version 1607 for AMD64-based Systems - (KB3180030) [ar-SA]","Windows 10 and later GDR-DU","abc45868-0c9c-4bc0-a36d-03d54113baf4","2016/07/16 23:11:17","KB3180030-Win10-TH1-GDR-DU-RTM-LanguageFeatureOnDemand-X64-TSL-rs1_release-ARA","202","c4605e9e-a698-426d-abe3-0914b53112fe","3180030","","Updates","cd5ffd1e-e932-4e3a-bf74-18bf0b1bbd83","Windows","Software",""
"GDR-DU: LanguageFeatureOnDemand - Windows 10 Version 1607 for AMD64-based Systems - (KB3180030) [bg-BG]","Windows 10 and later GDR-DU","abc45868-0c9c-4bc0-a36d-03d54113baf4","2016/07/16 23:11:17","KB3180030-Win10-TH1-GDR-DU-RTM-LanguageFeatureOnDemand-X64-TSL-rs1_release-BGR","202","3f25ecc0-352f-46b6-ab0b-234c1e5223f3","3180030","","Updates","cd5ffd1e-e932-4e3a-bf74-18bf0b1bbd83","Windows","Software",""
"GDR-DU: LanguageFeatureOnDemand - Windows 10 Version 1607 for AMD64-based Systems - (KB3180030) [ca-ES]","Windows 10 and later GDR-DU","abc45868-0c9c-4bc0-a36d-03d54113baf4","2016/07/16 23:11:17","KB3180030-Win10-TH1-GDR-DU-RTM-LanguageFeatureOnDemand-X64-TSL-rs1_release-CAT","202","3fb9dd01-1630-46aa-a37a-40ec8ff096fc","3180030","","Updates","cd5ffd1e-e932-4e3a-bf74-18bf0b1bbd83","Windows","Software",""
"GDR-DU: LanguageFeatureOnDemand - Windows 10 Version 1607 for AMD64-based Systems - (KB3180030) [cs-CZ]","Windows 10 and later GDR-DU","abc45868-0c9c-4bc0-a36d-03d54113baf4","2016/07/16 23:11:17","KB3180030-Win10-TH1-GDR-DU-RTM-LanguageFeatureOnDemand-X64-TSL-rs1_release-CSY","202","e69c2c42-d140-4edd-a708-f0400d39cc08","3180030","","Updates","cd5ffd1e-e932-4e3a-bf74-18bf0b1bbd83","Windows","Software",""
"GDR-DU: LanguageFeatureOnDemand - Windows 10 Version 1607 for AMD64-based Systems - (KB3180030) [gd-GB]","Windows 10 and later GDR-DU","abc45868-0c9c-4bc0-a36d-03d54113baf4","2016/07/16 23:11:17","KB3180030-Win10-TH1-GDR-DU-RTM-LanguageFeatureOnDemand-X64-TSL-rs1_release-GLA","202","f1a2f565-8a3a-49dc-a9e1-7dcc5d70655f","3180030","","Updates","cd5ffd1e-e932-4e3a-bf74-18bf0b1bbd83","Windows","Software",""
"GDR-DU: LanguageFeatureOnDemand - Windows 10 Version 1607 for AMD64-based Systems - (KB3180030) [en-US]","Windows 10 and later GDR-DU","abc45868-0c9c-4bc0-a36d-03d54113baf4","2016/07/16 23:11:17","KB3180030-Win10-TH1-GDR-DU-RTM-LanguageFeatureOnDemand-X64-TSL-rs1_release-ENU","202","723ec101-fa77-43ea-bb2a-a3130239e669","3180030","","Updates","cd5ffd1e-e932-4e3a-bf74-18bf0b1bbd83","Windows","Software",""
"GDR-DU: LanguageFeatureOnDemand - Windows 10 Version 1607 for AMD64-based Systems - (KB3180030) [fr-FR]","Windows 10 and later GDR-DU","abc45868-0c9c-4bc0-a36d-03d54113baf4","2016/07/16 23:11:17","KB3180030-Win10-TH1-GDR-DU-RTM-LanguageFeatureOnDemand-X64-TSL-rs1_release-FRA","202","42366589-afb1-4c78-bfce-51a1e8b07d16","3180030","","Updates","cd5ffd1e-e932-4e3a-bf74-18bf0b1bbd83","Windows","Software",""
"GDR-DU: LanguageFeatureOnDemand - Windows 10 Version 1607 for AMD64-based Systems - (KB3180030) [bn-BD]","Windows 10 and later GDR-DU","abc45868-0c9c-4bc0-a36d-03d54113baf4","2016/07/16 23:11:17","KB3180030-Win10-TH1-GDR-DU-RTM-LanguageFeatureOnDemand-X64-TSL-rs1_release-BNG","202","a8b34065-82b6-4e6c-8a88-ed31367bfe2d","3180030","","Updates","cd5ffd1e-e932-4e3a-bf74-18bf0b1bbd83","Windows","Software",""
"GDR-DU: LanguageFeatureOnDemand - Windows 10 Version 1607 for AMD64-based Systems - (KB3180030) [el-GR]","Windows 10 and later GDR-DU","abc45868-0c9c-4bc0-a36d-03d54113baf4","2016/07/16 23:11:17","KB3180030-Win10-TH1-GDR-DU-RTM-LanguageFeatureOnDemand-X64-TSL-rs1_release-ELL","202","5a752dc0-9484-4973-9930-abc0e7e85fa1","3180030","","Updates","cd5ffd1e-e932-4e3a-bf74-18bf0b1bbd83","Windows","Software",""
"GDR-DU: LanguageFeatureOnDemand - Windows 10 Version 1607 for AMD64-based Systems - (KB3180030) [et-EE]","Windows 10 and later GDR-DU","abc45868-0c9c-4bc0-a36d-03d54113baf4","2016/07/16 23:11:17","KB3180030-Win10-TH1-GDR-DU-RTM-LanguageFeatureOnDemand-X64-TSL-rs1_release-ETI","202","1d8a8cd2-bb43-4610-b0bf-204313d34bdb","3180030","","Updates","cd5ffd1e-e932-4e3a-bf74-18bf0b1bbd83","Windows","Software",""
"GDR-DU: LanguageFeatureOnDemand - Windows 10 Version 1607 for AMD64-based Systems - (KB3180030) [en-GB]","Windows 10 and later GDR-DU","abc45868-0c9c-4bc0-a36d-03d54113baf4","2016/07/16 23:11:17","KB3180030-Win10-TH1-GDR-DU-RTM-LanguageFeatureOnDemand-X64-TSL-rs1_release-ENG","202","cfc102fe-32cb-40d2-a096-0da597b8aa3c","3180030","","Updates","cd5ffd1e-e932-4e3a-bf74-18bf0b1bbd83","Windows","Software",""
"GDR-DU: LanguageFeatureOnDemand - Windows 10 Version 1607 for AMD64-based Systems - (KB3180030) [es-MX]","Windows 10 and later GDR-DU","abc45868-0c9c-4bc0-a36d-03d54113baf4","2016/07/16 23:11:17","KB3180030-Win10-TH1-GDR-DU-RTM-LanguageFeatureOnDemand-X64-TSL-rs1_release-ESM","202","14869d5c-9cd0-49ef-8698-f7193351fcdc","3180030","","Updates","cd5ffd1e-e932-4e3a-bf74-18bf0b1bbd83","Windows","Software",""
"GDR-DU: LanguageFeatureOnDemand - Windows 10 Version 1607 for AMD64-based Systems - (KB3180030) [da-DK]","Windows 10 and later GDR-DU","abc45868-0c9c-4bc0-a36d-03d54113baf4","2016/07/16 23:11:17","KB3180030-Win10-TH1-GDR-DU-RTM-LanguageFeatureOnDemand-X64-TSL-rs1_release-DAN","202","7fec6908-2081-4301-b02c-820860c5b73e","3180030","","Updates","cd5ffd1e-e932-4e3a-bf74-18bf0b1bbd83","Windows","Software",""
"GDR-DU: LanguageFeatureOnDemand - Windows 10 Version 1607 for AMD64-based Systems - (KB3180030) [de-DE]","Windows 10 and later GDR-DU","abc45868-0c9c-4bc0-a36d-03d54113baf4","2016/07/16 23:11:17","KB3180030-Win10-TH1-GDR-DU-RTM-LanguageFeatureOnDemand-X64-TSL-rs1_release-DEU","202","75e9ba7a-c346-42fc-8cee-132ec6f3ec5b","3180030","","Updates","cd5ffd1e-e932-4e3a-bf74-18bf0b1bbd83","Windows","Software",""
"GDR-DU: LanguageFeatureOnDemand - Windows 10 Version 1607 for AMD64-based Systems - (KB3180030) [fa-IR]","Windows 10 and later GDR-DU","abc45868-0c9c-4bc0-a36d-03d54113baf4","2016/07/16 23:11:17","KB3180030-Win10-TH1-GDR-DU-RTM-LanguageFeatureOnDemand-X64-TSL-rs1_release-FAR","202","f35c0437-532b-4805-97b6-a794ce9f0d4a","3180030","","Updates","cd5ffd1e-e932-4e3a-bf74-18bf0b1bbd83","Windows","Software",""
"GDR-DU: LanguageFeatureOnDemand - Windows 10 Version 1607 for AMD64-based Systems - (KB3180030) [ga-IE]","Windows 10 and later GDR-DU","abc45868-0c9c-4bc0-a36d-03d54113baf4","2016/07/16 23:11:17","KB3180030-Win10-TH1-GDR-DU-RTM-LanguageFeatureOnDemand-X64-TSL-rs1_release-IRE","202","75fafb44-dd6b-4fb0-822a-a486dad797a3","3180030","","Updates","cd5ffd1e-e932-4e3a-bf74-18bf0b1bbd83","Windows","Software",""
"GDR-DU: LanguageFeatureOnDemand - Windows 10 Version 1607 for AMD64-based Systems - (KB3180030) [eu-ES]","Windows 10 and later GDR-DU","abc45868-0c9c-4bc0-a36d-03d54113baf4","2016/07/16 23:11:17","KB3180030-Win10-TH1-GDR-DU-RTM-LanguageFeatureOnDemand-X64-TSL-rs1_release-EUQ","202","a19c497d-8163-45da-be8d-c39810866fcb","3180030","","Updates","cd5ffd1e-e932-4e3a-bf74-18bf0b1bbd83","Windows","Software",""
"GDR-DU: LanguageFeatureOnDemand - Windows 10 Version 1607 for AMD64-based Systems - (KB3180030) [es-ES]","Windows 10 and later GDR-DU","abc45868-0c9c-4bc0-a36d-03d54113baf4","2016/07/16 23:11:17","KB3180030-Win10-TH1-GDR-DU-RTM-LanguageFeatureOnDemand-X64-TSL-rs1_release-ESN","202","1b3782b4-58cc-4d39-ae4c-48fda504a3aa","3180030","","Updates","cd5ffd1e-e932-4e3a-bf74-18bf0b1bbd83","Windows","Software",""
"GDR-DU: LanguageFeatureOnDemand - Windows 10 Version 1607 for AMD64-based Systems - (KB3180030) [cy-GB]","Windows 10 and later GDR-DU","abc45868-0c9c-4bc0-a36d-03d54113baf4","2016/07/16 23:11:17","KB3180030-Win10-TH1-GDR-DU-RTM-LanguageFeatureOnDemand-X64-TSL-rs1_release-CYM","202","ebed386e-6e8d-4dad-89f3-586a5308d937","3180030","","Updates","cd5ffd1e-e932-4e3a-bf74-18bf0b1bbd83","Windows","Software",""
"GDR-DU: LanguageFeatureOnDemand - Windows 10 Version 1607 for AMD64-based Systems - (KB3180030) [fr-CA]","Windows 10 and later GDR-DU","abc45868-0c9c-4bc0-a36d-03d54113baf4","2016/07/16 23:11:17","KB3180030-Win10-TH1-GDR-DU-RTM-LanguageFeatureOnDemand-X64-TSL-rs1_release-FRC","202","14020dec-9305-49da-a653-a01bd66245b7","3180030","","Updates","cd5ffd1e-e932-4e3a-bf74-18bf0b1bbd83","Windows","Software",""
"GDR-DU: LanguageFeatureOnDemand - Windows 10 Version 1607 for AMD64-based Systems - (KB3180030) [bs-Latn-BA]","Windows 10 and later GDR-DU","abc45868-0c9c-4bc0-a36d-03d54113baf4","2016/07/16 23:11:17","KB3180030-Win10-TH1-GDR-DU-RTM-LanguageFeatureOnDemand-X64-TSL-rs1_release-BSB","202","4fd56a38-7939-456b-ad81-8ef685efbca9","3180030","","Updates","cd5ffd1e-e932-4e3a-bf74-18bf0b1bbd83","Windows","Software",""
"GDR-DU: LanguageFeatureOnDemand - Windows 10 Version 1607 for AMD64-based Systems - (KB3180030) [gl-ES]","Windows 10 and later GDR-DU","abc45868-0c9c-4bc0-a36d-03d54113baf4","2016/07/16 23:11:17","KB3180030-Win10-TH1-GDR-DU-RTM-LanguageFeatureOnDemand-X64-TSL-rs1_release-GLC","202","88c73347-2dd6-4f02-8915-c1b65c1180af","3180030","","Updates","cd5ffd1e-e932-4e3a-bf74-18bf0b1bbd83","Windows","Software",""
"GDR-DU: LanguageFeatureOnDemand - Windows 10 Version 1607 for AMD64-based Systems - (KB3180030) [fi-FI]","Windows 10 and later GDR-DU","abc45868-0c9c-4bc0-a36d-03d54113baf4","2016/07/16 23:11:17","KB3180030-Win10-TH1-GDR-DU-RTM-LanguageFeatureOnDemand-X64-TSL-rs1_release-FIN","202","b1b562f7-6f41-4d79-ba17-eb1682e78b08","3180030","","Updates","cd5ffd1e-e932-4e3a-bf74-18bf0b1bbd83","Windows","Software",""
"GDR-DU: LanguageFeatureOnDemand - Windows 10 Version 1607 for AMD64-based Systems - (KB3180030) [gu-IN]","Windows 10 and later GDR-DU","abc45868-0c9c-4bc0-a36d-03d54113baf4","2016/07/16 23:11:17","KB3180030-Win10-TH1-GDR-DU-RTM-LanguageFeatureOnDemand-X64-TSL-rs1_release-GUJ","202","fbec290f-cc6e-43b4-ac8c-a07d38093fc7","3180030","","Updates","cd5ffd1e-e932-4e3a-bf74-18bf0b1bbd83","Windows","Software",""
"GDR-DU: LanguageFeatureOnDemand - Windows 10 Version 1607 for AMD64-based Systems - (KB3180030) [mk-MK]","Windows 10 and later GDR-DU","abc45868-0c9c-4bc0-a36d-03d54113baf4","2016/07/16 23:11:17","KB3180030-Win10-TH1-GDR-DU-RTM-LanguageFeatureOnDemand-X64-TSL-rs1_release-MKI","202","031a2871-1e61-4477-b69a-070476ec926b","3180030","","Updates","cd5ffd1e-e932-4e3a-bf74-18bf0b1bbd83","Windows","Software",""
"GDR-DU: LanguageFeatureOnDemand - Windows 10 Version 1607 for AMD64-based Systems - (KB3180030) [nso-ZA]","Windows 10 and later GDR-DU","abc45868-0c9c-4bc0-a36d-03d54113baf4","2016/07/16 23:11:17","KB3180030-Win10-TH1-GDR-DU-RTM-LanguageFeatureOnDemand-X64-TSL-rs1_release-NSO","202","9b103b1d-1d0c-45db-a62b-3cc5d0db3bc1","3180030","","Updates","cd5ffd1e-e932-4e3a-bf74-18bf0b1bbd83","Windows","Software",""
"GDR-DU: LanguageFeatureOnDemand - Windows 10 Version 1607 for AMD64-based Systems - (KB3180030) [kk-KZ]","Windows 10 and later GDR-DU","abc45868-0c9c-4bc0-a36d-03d54113baf4","2016/07/16 23:11:17","KB3180030-Win10-TH1-GDR-DU-RTM-LanguageFeatureOnDemand-X64-TSL-rs1_release-KKZ","202","a77f51b5-b704-4d5e-8f70-5f20b014950b","3180030","","Updates","cd5ffd1e-e932-4e3a-bf74-18bf0b1bbd83","Windows","Software",""
"GDR-DU: LanguageFeatureOnDemand - Windows 10 Version 1607 for AMD64-based Systems - (KB3180030) [mr-IN]","Windows 10 and later GDR-DU","abc45868-0c9c-4bc0-a36d-03d54113baf4","2016/07/16 23:11:17","KB3180030-Win10-TH1-GDR-DU-RTM-LanguageFeatureOnDemand-X64-TSL-rs1_release-MAR","202","586b2ccc-a26d-4030-94f0-2f9780883cf0","3180030","","Updates","cd5ffd1e-e932-4e3a-bf74-18bf0b1bbd83","Windows","Software",""
"GDR-DU: LanguageFeatureOnDemand - Windows 10 Version 1607 for AMD64-based Systems - (KB3180030) [ml-IN]","Windows 10 and later GDR-DU","abc45868-0c9c-4bc0-a36d-03d54113baf4","2016/07/16 23:11:17","KB3180030-Win10-TH1-GDR-DU-RTM-LanguageFeatureOnDemand-X64-TSL-rs1_release-MYM","202","470ac75f-6ef4-47ea-8a0f-81acfb7997fe","3180030","","Updates","cd5ffd1e-e932-4e3a-bf74-18bf0b1bbd83","Windows","Software",""
"GDR-DU: LanguageFeatureOnDemand - Windows 10 Version 1607 for AMD64-based Systems - (KB3180030) [lb-LU]","Windows 10 and later GDR-DU","abc45868-0c9c-4bc0-a36d-03d54113baf4","2016/07/16 23:11:17","KB3180030-Win10-TH1-GDR-DU-RTM-LanguageFeatureOnDemand-X64-TSL-rs1_release-LBX","202","7abe02fb-782f-44d0-a255-aea1b5831052","3180030","","Updates","cd5ffd1e-e932-4e3a-bf74-18bf0b1bbd83","Windows","Software",""
"GDR-DU: LanguageFeatureOnDemand - Windows 10 Version 1607 for AMD64-based Systems - (KB3180030) [lt-LT]","Windows 10 and later GDR-DU","abc45868-0c9c-4bc0-a36d-03d54113baf4","2016/07/16 23:11:17","KB3180030-Win10-TH1-GDR-DU-RTM-LanguageFeatureOnDemand-X64-TSL-rs1_release-LTH","202","a1285436-992d-4362-9075-598686081e27","3180030","","Updates","cd5ffd1e-e932-4e3a-bf74-18bf0b1bbd83","Windows","Software",""
"GDR-DU: LanguageFeatureOnDemand - Windows 10 Version 1607 for AMD64-based Systems - (KB3180030) [ky-KG]","Windows 10 and later GDR-DU","abc45868-0c9c-4bc0-a36d-03d54113baf4","2016/07/16 23:11:17","KB3180030-Win10-TH1-GDR-DU-RTM-LanguageFeatureOnDemand-X64-TSL-rs1_release-KYR","202","eba8b498-feb8-4d2d-b4d9-898c2c76c968","3180030","","Updates","cd5ffd1e-e932-4e3a-bf74-18bf0b1bbd83","Windows","Software",""
"GDR-DU: LanguageFeatureOnDemand - Windows 10 Version 1607 for AMD64-based Systems - (KB3180030) [ha-Latn-NG]","Windows 10 and later GDR-DU","abc45868-0c9c-4bc0-a36d-03d54113baf4","2016/07/16 23:11:17","KB3180030-Win10-TH1-GDR-DU-RTM-LanguageFeatureOnDemand-X64-TSL-rs1_release-HAU","202","44dd37d5-3f40-4f1b-b7e2-f4eacd6fdfc8","3180030","","Updates","cd5ffd1e-e932-4e3a-bf74-18bf0b1bbd83","Windows","Software",""
"GDR-DU: LanguageFeatureOnDemand - Windows 10 Version 1607 for AMD64-based Systems - (KB3180030) [hi-IN]","Windows 10 and later GDR-DU","abc45868-0c9c-4bc0-a36d-03d54113baf4","2016/07/16 23:11:17","KB3180030-Win10-TH1-GDR-DU-RTM-LanguageFeatureOnDemand-X64-TSL-rs1_release-HIN","202","538ef05a-0732-4354-92a1-23fb787fc408","3180030","","Updates","cd5ffd1e-e932-4e3a-bf74-18bf0b1bbd83","Windows","Software",""
"GDR-DU: LanguageFeatureOnDemand - Windows 10 Version 1607 for AMD64-based Systems - (KB3180030) [ja-JP]","Windows 10 and later GDR-DU","abc45868-0c9c-4bc0-a36d-03d54113baf4","2016/07/16 23:11:17","KB3180030-Win10-TH1-GDR-DU-RTM-LanguageFeatureOnDemand-X64-TSL-rs1_release-JPN","202","c3ac75a8-1724-4061-a978-e6dcf2eb7b39","3180030","","Updates","cd5ffd1e-e932-4e3a-bf74-18bf0b1bbd83","Windows","Software",""
"GDR-DU: LanguageFeatureOnDemand - Windows 10 Version 1607 for AMD64-based Systems - (KB3180030) [hy-AM]","Windows 10 and later GDR-DU","abc45868-0c9c-4bc0-a36d-03d54113baf4","2016/07/16 23:11:17","KB3180030-Win10-TH1-GDR-DU-RTM-LanguageFeatureOnDemand-X64-TSL-rs1_release-HYE","202","1b71f7bd-708d-4a69-8e08-48821914b413","3180030","","Updates","cd5ffd1e-e932-4e3a-bf74-18bf0b1bbd83","Windows","Software",""
"GDR-DU: LanguageFeatureOnDemand - Windows 10 Version 1607 for AMD64-based Systems - (KB3180030) [nl-NL]","Windows 10 and later GDR-DU","abc45868-0c9c-4bc0-a36d-03d54113baf4","2016/07/16 23:11:17","KB3180030-Win10-TH1-GDR-DU-RTM-LanguageFeatureOnDemand-X64-TSL-rs1_release-NLD","202","72ad585a-ef33-452a-aef1-50a76af81eba","3180030","","Updates","cd5ffd1e-e932-4e3a-bf74-18bf0b1bbd83","Windows","Software",""
"GDR-DU: LanguageFeatureOnDemand - Windows 10 Version 1607 for AMD64-based Systems - (KB3180030) [hr-HR]","Windows 10 and later GDR-DU","abc45868-0c9c-4bc0-a36d-03d54113baf4","2016/07/16 23:11:17","KB3180030-Win10-TH1-GDR-DU-RTM-LanguageFeatureOnDemand-X64-TSL-rs1_release-HRV","202","63baf12b-93c9-4fba-b85a-e1911ca388a6","3180030","","Updates","cd5ffd1e-e932-4e3a-bf74-18bf0b1bbd83","Windows","Software",""
"GDR-DU: LanguageFeatureOnDemand - Windows 10 Version 1607 for AMD64-based Systems - (KB3180030) [kn-IN]","Windows 10 and later GDR-DU","abc45868-0c9c-4bc0-a36d-03d54113baf4","2016/07/16 23:11:17","KB3180030-Win10-TH1-GDR-DU-RTM-LanguageFeatureOnDemand-X64-TSL-rs1_release-KDI","202","c1f142dc-92a6-4638-bb20-b7590bb42505","3180030","","Updates","cd5ffd1e-e932-4e3a-bf74-18bf0b1bbd83","Windows","Software",""
"GDR-DU: LanguageFeatureOnDemand - Windows 10 Version 1607 for AMD64-based Systems - (KB3180030) [pa-IN]","Windows 10 and later GDR-DU","abc45868-0c9c-4bc0-a36d-03d54113baf4","2016/07/16 23:11:17","KB3180030-Win10-TH1-GDR-DU-RTM-LanguageFeatureOnDemand-X64-TSL-rs1_release-PAN","202","f6eec168-7522-477b-bc7a-56686aaca2a2","3180030","","Updates","cd5ffd1e-e932-4e3a-bf74-18bf0b1bbd83","Windows","Software",""
"GDR-DU: LanguageFeatureOnDemand - Windows 10 Version 1607 for AMD64-based Systems - (KB3180030) [ig-NG]","Windows 10 and later GDR-DU","abc45868-0c9c-4bc0-a36d-03d54113baf4","2016/07/16 23:11:17","KB3180030-Win10-TH1-GDR-DU-RTM-LanguageFeatureOnDemand-X64-TSL-rs1_release-IBO","202","c4bd8ad7-92f8-437f-bc64-3de7433ddefc","3180030","","Updates","cd5ffd1e-e932-4e3a-bf74-18bf0b1bbd83","Windows","Software",""
"GDR-DU: LanguageFeatureOnDemand - Windows 10 Version 1607 for AMD64-based Systems - (KB3180030) [mi-NZ]","Windows 10 and later GDR-DU","abc45868-0c9c-4bc0-a36d-03d54113baf4","2016/07/16 23:11:17","KB3180030-Win10-TH1-GDR-DU-RTM-LanguageFeatureOnDemand-X64-TSL-rs1_release-MRI","202","e1efe69d-825f-4aad-9d30-2093dd88c10f","3180030","","Updates","cd5ffd1e-e932-4e3a-bf74-18bf0b1bbd83","Windows","Software",""
"GDR-DU: LanguageFeatureOnDemand - Windows 10 Version 1607 for AMD64-based Systems - (KB3180030) [or-IN]","Windows 10 and later GDR-DU","abc45868-0c9c-4bc0-a36d-03d54113baf4","2016/07/16 23:11:17","KB3180030-Win10-TH1-GDR-DU-RTM-LanguageFeatureOnDemand-X64-TSL-rs1_release-ORI","202","037eb9a6-323a-414e-b0e0-3ade99d94868","3180030","","Updates","cd5ffd1e-e932-4e3a-bf74-18bf0b1bbd83","Windows","Software",""
"GDR-DU: LanguageFeatureOnDemand - Windows 10 Version 1607 for AMD64-based Systems - (KB3180030) [pl-PL]","Windows 10 and later GDR-DU","abc45868-0c9c-4bc0-a36d-03d54113baf4","2016/07/16 23:11:17","KB3180030-Win10-TH1-GDR-DU-RTM-LanguageFeatureOnDemand-X64-TSL-rs1_release-PLK","202","19d5c88c-f2d7-4795-a5f8-ec6069cb11ea","3180030","","Updates","cd5ffd1e-e932-4e3a-bf74-18bf0b1bbd83","Windows","Software",""
"GDR-DU: LanguageFeatureOnDemand - Windows 10 Version 1607 for AMD64-based Systems - (KB3180030) [is-IS]","Windows 10 and later GDR-DU","abc45868-0c9c-4bc0-a36d-03d54113baf4","2016/07/16 23:11:17","KB3180030-Win10-TH1-GDR-DU-RTM-LanguageFeatureOnDemand-X64-TSL-rs1_release-ISL","202","8c8c5a86-3b9c-4185-b702-71f8017c975b","3180030","","Updates","cd5ffd1e-e932-4e3a-bf74-18bf0b1bbd83","Windows","Software",""
"GDR-DU: LanguageFeatureOnDemand - Windows 10 Version 1607 for AMD64-based Systems - (KB3180030) [mt-MT]","Windows 10 and later GDR-DU","abc45868-0c9c-4bc0-a36d-03d54113baf4","2016/07/16 23:11:17","KB3180030-Win10-TH1-GDR-DU-RTM-LanguageFeatureOnDemand-X64-TSL-rs1_release-MLT","202","d8dc92ee-7d6f-4872-a062-ade5364bccae","3180030","","Updates","cd5ffd1e-e932-4e3a-bf74-18bf0b1bbd83","Windows","Software",""
"GDR-DU: LanguageFeatureOnDemand - Windows 10 Version 1607 for AMD64-based Systems - (KB3180030) [hu-HU]","Windows 10 and later GDR-DU","abc45868-0c9c-4bc0-a36d-03d54113baf4","2016/07/16 23:11:17","KB3180030-Win10-TH1-GDR-DU-RTM-LanguageFeatureOnDemand-X64-TSL-rs1_release-HUN","202","a214c938-f1c4-4bf0-9e6d-2a3bad4f3555","3180030","","Updates","cd5ffd1e-e932-4e3a-bf74-18bf0b1bbd83","Windows","Software",""
"GDR-DU: LanguageFeatureOnDemand - Windows 10 Version 1607 for AMD64-based Systems - (KB3180030) [ka-GE]","Windows 10 and later GDR-DU","abc45868-0c9c-4bc0-a36d-03d54113baf4","2016/07/16 23:11:17","KB3180030-Win10-TH1-GDR-DU-RTM-LanguageFeatureOnDemand-X64-TSL-rs1_release-KAT","202","ebb5be12-1b7e-4396-a984-6943f07cb14a","3180030","","Updates","cd5ffd1e-e932-4e3a-bf74-18bf0b1bbd83","Windows","Software",""
"GDR-DU: LanguageFeatureOnDemand - Windows 10 Version 1607 for AMD64-based Systems - (KB3180030) [nb-NO]","Windows 10 and later GDR-DU","abc45868-0c9c-4bc0-a36d-03d54113baf4","2016/07/16 23:11:17","KB3180030-Win10-TH1-GDR-DU-RTM-LanguageFeatureOnDemand-X64-TSL-rs1_release-NOR","202","d48beba4-feee-45d6-a428-eb1ff4c919c3","3180030","","Updates","cd5ffd1e-e932-4e3a-bf74-18bf0b1bbd83","Windows","Software",""
"GDR-DU: LanguageFeatureOnDemand - Windows 10 Version 1607 for AMD64-based Systems - (KB3180030) [kok-IN]","Windows 10 and later GDR-DU","abc45868-0c9c-4bc0-a36d-03d54113baf4","2016/07/16 23:11:17","KB3180030-Win10-TH1-GDR-DU-RTM-LanguageFeatureOnDemand-X64-TSL-rs1_release-KNK","202","c8063976-8265-43bb-bd0e-d32dd7811ab6","3180030","","Updates","cd5ffd1e-e932-4e3a-bf74-18bf0b1bbd83","Windows","Software",""
"GDR-DU: LanguageFeatureOnDemand - Windows 10 Version 1607 for AMD64-based Systems - (KB3180030) [ms-MY]","Windows 10 and later GDR-DU","abc45868-0c9c-4bc0-a36d-03d54113baf4","2016/07/16 23:11:17","KB3180030-Win10-TH1-GDR-DU-RTM-LanguageFeatureOnDemand-X64-TSL-rs1_release-MSL","202","6bbcb16e-6ebd-4661-b99e-9c679a91e253","3180030","","Updates","cd5ffd1e-e932-4e3a-bf74-18bf0b1bbd83","Windows","Software",""
"GDR-DU: LanguageFeatureOnDemand - Windows 10 Version 1607 for AMD64-based Systems - (KB3180030) [it-IT]","Windows 10 and later GDR-DU","abc45868-0c9c-4bc0-a36d-03d54113baf4","2016/07/16 23:11:17","KB3180030-Win10-TH1-GDR-DU-RTM-LanguageFeatureOnDemand-X64-TSL-rs1_release-ITA","202","9f778ad4-06fb-443e-a6c1-11768f815d18","3180030","","Updates","cd5ffd1e-e932-4e3a-bf74-18bf0b1bbd83","Windows","Software",""
"GDR-DU: LanguageFeatureOnDemand - Windows 10 Version 1607 for AMD64-based Systems - (KB3180030) [ne-NP]","Windows 10 and later GDR-DU","abc45868-0c9c-4bc0-a36d-03d54113baf4","2016/07/16 23:11:17","KB3180030-Win10-TH1-GDR-DU-RTM-LanguageFeatureOnDemand-X64-TSL-rs1_release-NEP","202","6dc510c3-a7bf-4d05-8354-b0db4b02fc6c","3180030","","Updates","cd5ffd1e-e932-4e3a-bf74-18bf0b1bbd83","Windows","Software",""
"GDR-DU: LanguageFeatureOnDemand - Windows 10 Version 1607 for AMD64-based Systems - (KB3180030) [id-ID]","Windows 10 and later GDR-DU","abc45868-0c9c-4bc0-a36d-03d54113baf4","2016/07/16 23:11:17","KB3180030-Win10-TH1-GDR-DU-RTM-LanguageFeatureOnDemand-X64-TSL-rs1_release-IND","202","2d7c31d4-1728-4ecf-b2e7-0319a59c18d8","3180030","","Updates","cd5ffd1e-e932-4e3a-bf74-18bf0b1bbd83","Windows","Software",""
"GDR-DU: LanguageFeatureOnDemand - Windows 10 Version 1607 for AMD64-based Systems - (KB3180030) [lv-LV]","Windows 10 and later GDR-DU","abc45868-0c9c-4bc0-a36d-03d54113baf4","2016/07/16 23:11:17","KB3180030-Win10-TH1-GDR-DU-RTM-LanguageFeatureOnDemand-X64-TSL-rs1_release-LVI","202","dd7f07c2-ed69-404c-a3fd-e0c3ca9880dc","3180030","","Updates","cd5ffd1e-e932-4e3a-bf74-18bf0b1bbd83","Windows","Software",""
"GDR-DU: LanguageFeatureOnDemand - Windows 10 Version 1607 for AMD64-based Systems - (KB3180030) [he-IL]","Windows 10 and later GDR-DU","abc45868-0c9c-4bc0-a36d-03d54113baf4","2016/07/16 23:11:17","KB3180030-Win10-TH1-GDR-DU-RTM-LanguageFeatureOnDemand-X64-TSL-rs1_release-HEB","202","71f336e5-4aed-4e1d-a273-e4ce653411f5","3180030","","Updates","cd5ffd1e-e932-4e3a-bf74-18bf0b1bbd83","Windows","Software",""
"GDR-DU: LanguageFeatureOnDemand - Windows 10 Version 1607 for AMD64-based Systems - (KB3180030) [uz-Latn-UZ]","Windows 10 and later GDR-DU","abc45868-0c9c-4bc0-a36d-03d54113baf4","2016/07/16 23:11:17","KB3180030-Win10-TH1-GDR-DU-RTM-LanguageFeatureOnDemand-X64-TSL-rs1_release-UZB","202","5cc73782-e4a8-4fb4-b078-915628840be4","3180030","","Updates","cd5ffd1e-e932-4e3a-bf74-18bf0b1bbd83","Windows","Software",""
"GDR-DU: LanguageFeatureOnDemand - Windows 10 Version 1607 for AMD64-based Systems - (KB3180030) [chr-CHER-US]","Windows 10 and later GDR-DU","abc45868-0c9c-4bc0-a36d-03d54113baf4","2016/07/16 23:11:17","KB3180030-Win10-TH1-GDR-DU-RTM-LanguageFeatureOnDemand-X64-TSL-rs1_release-CRE","202","73a76aa9-e441-4136-bfc4-93eec0f592a1","3180030","","Updates","cd5ffd1e-e932-4e3a-bf74-18bf0b1bbd83","Windows","Software",""
"GDR-DU: LanguageFeatureOnDemand - Windows 10 Version 1607 for AMD64-based Systems - (KB3180030) [rm-CH]","Windows 10 and later GDR-DU","abc45868-0c9c-4bc0-a36d-03d54113baf4","2016/07/16 23:11:17","KB3180030-Win10-TH1-GDR-DU-RTM-LanguageFeatureOnDemand-X64-TSL-rs1_release-RMC","202","f6445b80-5599-4f20-ae23-f4c76944a1b4","3180030","","Updates","cd5ffd1e-e932-4e3a-bf74-18bf0b1bbd83","Windows","Software",""
"GDR-DU: LanguageFeatureOnDemand - Windows 10 Version 1607 for AMD64-based Systems - (KB3180030) [rw-RW]","Windows 10 and later GDR-DU","abc45868-0c9c-4bc0-a36d-03d54113baf4","2016/07/16 23:11:17","KB3180030-Win10-TH1-GDR-DU-RTM-LanguageFeatureOnDemand-X64-TSL-rs1_release-KIN","202","180e43fc-4fe1-457b-a68f-8094ccdae9ca","3180030","","Updates","cd5ffd1e-e932-4e3a-bf74-18bf0b1bbd83","Windows","Software",""
"GDR-DU: LanguageFeatureOnDemand - Windows 10 Version 1607 for AMD64-based Systems - (KB3180030) [ur-PK]","Windows 10 and later GDR-DU","abc45868-0c9c-4bc0-a36d-03d54113baf4","2016/07/16 23:11:17","KB3180030-Win10-TH1-GDR-DU-RTM-LanguageFeatureOnDemand-X64-TSL-rs1_release-URD","202","74333e76-784a-4e66-8597-d61f34720b44","3180030","","Updates","cd5ffd1e-e932-4e3a-bf74-18bf0b1bbd83","Windows","Software",""
"GDR-DU: LanguageFeatureOnDemand - Windows 10 Version 1607 for AMD64-based Systems - (KB3180030) [am-ET]","Windows 10 and later GDR-DU","abc45868-0c9c-4bc0-a36d-03d54113baf4","2016/07/16 23:11:17","KB3180030-Win10-TH1-GDR-DU-RTM-LanguageFeatureOnDemand-X64-TSL-rs1_release-AMH","202","c46153ab-c245-4204-8a9f-99a09f91715b","3180030","","Updates","cd5ffd1e-e932-4e3a-bf74-18bf0b1bbd83","Windows","Software",""
"GDR-DU: LanguageFeatureOnDemand - Windows 10 Version 1607 for AMD64-based Systems - (KB3180030) [te-IN]","Windows 10 and later GDR-DU","abc45868-0c9c-4bc0-a36d-03d54113baf4","2016/07/16 23:11:17","KB3180030-Win10-TH1-GDR-DU-RTM-LanguageFeatureOnDemand-X64-TSL-rs1_release-TEL","202","c845ac67-cab2-495d-be00-41425c30d798","3180030","","Updates","cd5ffd1e-e932-4e3a-bf74-18bf0b1bbd83","Windows","Software",""
"GDR-DU: LanguageFeatureOnDemand - Windows 10 Version 1607 for AMD64-based Systems - (KB3180030) [ps-AF]","Windows 10 and later GDR-DU","abc45868-0c9c-4bc0-a36d-03d54113baf4","2016/07/16 23:11:17","KB3180030-Win10-TH1-GDR-DU-RTM-LanguageFeatureOnDemand-X64-TSL-rs1_release-PAS","202","a7e531c7-0ba1-4948-a2a7-be4d2824ac90","3180030","","Updates","cd5ffd1e-e932-4e3a-bf74-18bf0b1bbd83","Windows","Software",""
"GDR-DU: LanguageFeatureOnDemand - Windows 10 Version 1607 for AMD64-based Systems - (KB3180030) [wo-SN]","Windows 10 and later GDR-DU","abc45868-0c9c-4bc0-a36d-03d54113baf4","2016/07/16 23:11:17","KB3180030-Win10-TH1-GDR-DU-RTM-LanguageFeatureOnDemand-X64-TSL-rs1_release-WOL","202","cb64c6a8-c0c3-4185-8fc6-d97b6f65c017","3180030","","Updates","cd5ffd1e-e932-4e3a-bf74-18bf0b1bbd83","Windows","Software",""
"GDR-DU: LanguageFeatureOnDemand - Windows 10 Version 1607 for AMD64-based Systems - (KB3180030) [yo-NG]","Windows 10 and later GDR-DU","abc45868-0c9c-4bc0-a36d-03d54113baf4","2016/07/16 23:11:17","KB3180030-Win10-TH1-GDR-DU-RTM-LanguageFeatureOnDemand-X64-TSL-rs1_release-YOR","202","6f94115a-f181-4035-adac-e167a8d2985b","3180030","","Updates","cd5ffd1e-e932-4e3a-bf74-18bf0b1bbd83","Windows","Software",""
"GDR-DU: LanguageFeatureOnDemand - Windows 10 Version 1607 for AMD64-based Systems - (KB3180030) [sr-Cyrl-RS]","Windows 10 and later GDR-DU","abc45868-0c9c-4bc0-a36d-03d54113baf4","2016/07/16 23:11:17","KB3180030-Win10-TH1-GDR-DU-RTM-LanguageFeatureOnDemand-X64-TSL-rs1_release-SRB","202","43b0e1fc-6bd9-477b-bee0-f1536633621f","3180030","","Updates","cd5ffd1e-e932-4e3a-bf74-18bf0b1bbd83","Windows","Software",""
"GDR-DU: LanguageFeatureOnDemand - Windows 10 Version 1607 for AMD64-based Systems - (KB3180030) [ru-RU]","Windows 10 and later GDR-DU","abc45868-0c9c-4bc0-a36d-03d54113baf4","2016/07/16 23:11:17","KB3180030-Win10-TH1-GDR-DU-RTM-LanguageFeatureOnDemand-X64-TSL-rs1_release-RUS","202","c4a65275-b3eb-4595-9601-d1bf8719e331","3180030","","Updates","cd5ffd1e-e932-4e3a-bf74-18bf0b1bbd83","Windows","Software",""
"GDR-DU: LanguageFeatureOnDemand - Windows 10 Version 1607 for AMD64-based Systems - (KB3180030) [tt-RU]","Windows 10 and later GDR-DU","abc45868-0c9c-4bc0-a36d-03d54113baf4","2016/07/16 23:11:17","KB3180030-Win10-TH1-GDR-DU-RTM-LanguageFeatureOnDemand-X64-TSL-rs1_release-TTT","202","dd383d78-bf9c-4d26-ba1a-b4ef3f23daa2","3180030","","Updates","cd5ffd1e-e932-4e3a-bf74-18bf0b1bbd83","Windows","Software",""
"GDR-DU: LanguageFeatureOnDemand - Windows 10 Version 1607 for AMD64-based Systems - (KB3180030) [pt-BR]","Windows 10 and later GDR-DU","abc45868-0c9c-4bc0-a36d-03d54113baf4","2016/07/16 23:11:17","KB3180030-Win10-TH1-GDR-DU-RTM-LanguageFeatureOnDemand-X64-TSL-rs1_release-PTB","202","8260fbc3-13da-4d73-a367-7c665f51ff33","3180030","","Updates","cd5ffd1e-e932-4e3a-bf74-18bf0b1bbd83","Windows","Software",""
"GDR-DU: LanguageFeatureOnDemand - Windows 10 Version 1607 for AMD64-based Systems - (KB3180030) [sk-SK]","Windows 10 and later GDR-DU","abc45868-0c9c-4bc0-a36d-03d54113baf4","2016/07/16 23:11:17","KB3180030-Win10-TH1-GDR-DU-RTM-LanguageFeatureOnDemand-X64-TSL-rs1_release-SKY","202","2a144dd8-ee05-426e-b102-9f4752bc68a2","3180030","","Updates","cd5ffd1e-e932-4e3a-bf74-18bf0b1bbd83","Windows","Software",""
"GDR-DU: LanguageFeatureOnDemand - Windows 10 Version 1607 for AMD64-based Systems - (KB3180030) [zh-CN]","Windows 10 and later GDR-DU","abc45868-0c9c-4bc0-a36d-03d54113baf4","2016/07/16 23:11:17","KB3180030-Win10-TH1-GDR-DU-RTM-LanguageFeatureOnDemand-X64-TSL-rs1_release-CHS","202","7c30f01d-f337-410b-9100-9a647141e7c6","3180030","","Updates","cd5ffd1e-e932-4e3a-bf74-18bf0b1bbd83","Windows","Software",""
"GDR-DU: LanguageFeatureOnDemand - Windows 10 Version 1607 for AMD64-based Systems - (KB3180030) [sr-Latn-RS]","Windows 10 and later GDR-DU","abc45868-0c9c-4bc0-a36d-03d54113baf4","2016/07/16 23:11:17","KB3180030-Win10-TH1-GDR-DU-RTM-LanguageFeatureOnDemand-X64-TSL-rs1_release-SRL","202","f56d5a6b-cd6c-42c6-a8db-3949a6c02f96","3180030","","Updates","cd5ffd1e-e932-4e3a-bf74-18bf0b1bbd83","Windows","Software",""
"GDR-DU: LanguageFeatureOnDemand - Windows 10 Version 1607 for AMD64-based Systems - (KB3180030) [th-TH]","Windows 10 and later GDR-DU","abc45868-0c9c-4bc0-a36d-03d54113baf4","2016/07/16 23:11:17","KB3180030-Win10-TH1-GDR-DU-RTM-LanguageFeatureOnDemand-X64-TSL-rs1_release-THA","202","8fc24391-7f82-4e91-819d-1f698dac9bb8","3180030","","Updates","cd5ffd1e-e932-4e3a-bf74-18bf0b1bbd83","Windows","Software",""
"GDR-DU: LanguageFeatureOnDemand - Windows 10 Version 1607 for AMD64-based Systems - (KB3180030) [xh-ZA]","Windows 10 and later GDR-DU","abc45868-0c9c-4bc0-a36d-03d54113baf4","2016/07/16 23:11:17","KB3180030-Win10-TH1-GDR-DU-RTM-LanguageFeatureOnDemand-X64-TSL-rs1_release-XHO","202","f45a5b22-c7b6-4f48-93bf-45b2b813182c","3180030","","Updates","cd5ffd1e-e932-4e3a-bf74-18bf0b1bbd83","Windows","Software",""
"GDR-DU: LanguageFeatureOnDemand - Windows 10 Version 1607 for AMD64-based Systems - (KB3180030) [uk-UA]","Windows 10 and later GDR-DU","abc45868-0c9c-4bc0-a36d-03d54113baf4","2016/07/16 23:11:17","KB3180030-Win10-TH1-GDR-DU-RTM-LanguageFeatureOnDemand-X64-TSL-rs1_release-UKR","202","f665ef34-bbfb-43ac-9ecc-45ff48eb2c79","3180030","","Updates","cd5ffd1e-e932-4e3a-bf74-18bf0b1bbd83","Windows","Software",""
"GDR-DU: LanguageFeatureOnDemand - Windows 10 Version 1607 for AMD64-based Systems - (KB3180030) [zu-ZA]","Windows 10 and later GDR-DU","abc45868-0c9c-4bc0-a36d-03d54113baf4","2016/07/16 23:11:17","KB3180030-Win10-TH1-GDR-DU-RTM-LanguageFeatureOnDemand-X64-TSL-rs1_release-ZUL","202","3bbb42ca-5483-48ef-8cc7-0656029bffd5","3180030","","Updates","cd5ffd1e-e932-4e3a-bf74-18bf0b1bbd83","Windows","Software",""
"GDR-DU: LanguageFeatureOnDemand - Windows 10 Version 1607 for AMD64-based Systems - (KB3180030) [tn-ZA]","Windows 10 and later GDR-DU","abc45868-0c9c-4bc0-a36d-03d54113baf4","2016/07/16 23:11:17","KB3180030-Win10-TH1-GDR-DU-RTM-LanguageFeatureOnDemand-X64-TSL-rs1_release-TSN","202","c76190ec-fd0a-48e3-983e-9675d2259f44","3180030","","Updates","cd5ffd1e-e932-4e3a-bf74-18bf0b1bbd83","Windows","Software",""
"GDR-DU: LanguageFeatureOnDemand - Windows 10 Version 1607 for AMD64-based Systems - (KB3180030) [tr-TR]","Windows 10 and later GDR-DU","abc45868-0c9c-4bc0-a36d-03d54113baf4","2016/07/16 23:11:17","KB3180030-Win10-TH1-GDR-DU-RTM-LanguageFeatureOnDemand-X64-TSL-rs1_release-TRK","202","ad5462cd-db66-4216-9e9b-8e0129dc3786","3180030","","Updates","cd5ffd1e-e932-4e3a-bf74-18bf0b1bbd83","Windows","Software",""
"GDR-DU: LanguageFeatureOnDemand - Windows 10 Version 1607 for AMD64-based Systems - (KB3180030) [ms-BN]","Windows 10 and later GDR-DU","abc45868-0c9c-4bc0-a36d-03d54113baf4","2016/07/16 23:11:17","KB3180030-Win10-TH1-GDR-DU-RTM-LanguageFeatureOnDemand-X64-TSL-rs1_release-MSB","202","e36cc7ab-8eb1-477e-a8d6-6992f127091a","3180030","","Updates","cd5ffd1e-e932-4e3a-bf74-18bf0b1bbd83","Windows","Software",""
"GDR-DU: LanguageFeatureOnDemand - Windows 10 Version 1607 for AMD64-based Systems - (KB3180030) [ta-IN]","Windows 10 and later GDR-DU","abc45868-0c9c-4bc0-a36d-03d54113baf4","2016/07/16 23:11:17","KB3180030-Win10-TH1-GDR-DU-RTM-LanguageFeatureOnDemand-X64-TSL-rs1_release-TAM","202","6a3acef8-dc55-4359-8c8e-49497842d194","3180030","","Updates","cd5ffd1e-e932-4e3a-bf74-18bf0b1bbd83","Windows","Software",""
"GDR-DU: LanguageFeatureOnDemand - Windows 10 Version 1607 for AMD64-based Systems - (KB3180030) [sq-AL]","Windows 10 and later GDR-DU","abc45868-0c9c-4bc0-a36d-03d54113baf4","2016/07/16 23:11:17","KB3180030-Win10-TH1-GDR-DU-RTM-LanguageFeatureOnDemand-X64-TSL-rs1_release-SQI","202","3f586d81-8b3e-4208-be1e-4371abb56de7","3180030","","Updates","cd5ffd1e-e932-4e3a-bf74-18bf0b1bbd83","Windows","Software",""
"GDR-DU: LanguageFeatureOnDemand - Windows 10 Version 1607 for AMD64-based Systems - (KB3180030) [sv-SE]","Windows 10 and later GDR-DU","abc45868-0c9c-4bc0-a36d-03d54113baf4","2016/07/16 23:11:17","KB3180030-Win10-TH1-GDR-DU-RTM-LanguageFeatureOnDemand-X64-TSL-rs1_release-SVE","202","ce60d9b3-e116-468c-b8f9-4329e61b45c3","3180030","","Updates","cd5ffd1e-e932-4e3a-bf74-18bf0b1bbd83","Windows","Software",""
"GDR-DU: LanguageFeatureOnDemand - Windows 10 Version 1607 for AMD64-based Systems - (KB3180030) [sw-KE]","Windows 10 and later GDR-DU","abc45868-0c9c-4bc0-a36d-03d54113baf4","2016/07/16 23:11:17","KB3180030-Win10-TH1-GDR-DU-RTM-LanguageFeatureOnDemand-X64-TSL-rs1_release-SWK","202","4361ae1b-7e12-433a-a453-c3e4af0e9a18","3180030","","Updates","cd5ffd1e-e932-4e3a-bf74-18bf0b1bbd83","Windows","Software",""
"GDR-DU: LanguageFeatureOnDemand - Windows 10 Version 1607 for AMD64-based Systems - (KB3180030) [vi-VN]","Windows 10 and later GDR-DU","abc45868-0c9c-4bc0-a36d-03d54113baf4","2016/07/16 23:11:17","KB3180030-Win10-TH1-GDR-DU-RTM-LanguageFeatureOnDemand-X64-TSL-rs1_release-VIT","202","fc59a608-6604-44bb-8755-26698ded5ffa","3180030","","Updates","cd5ffd1e-e932-4e3a-bf74-18bf0b1bbd83","Windows","Software",""
"GDR-DU: LanguageFeatureOnDemand - Windows 10 Version 1607 for AMD64-based Systems - (KB3180030) [ro-RO]","Windows 10 and later GDR-DU","abc45868-0c9c-4bc0-a36d-03d54113baf4","2016/07/16 23:11:17","KB3180030-Win10-TH1-GDR-DU-RTM-LanguageFeatureOnDemand-X64-TSL-rs1_release-ROM","202","992550e9-fd32-416e-9e33-9d7f60945dc9","3180030","","Updates","cd5ffd1e-e932-4e3a-bf74-18bf0b1bbd83","Windows","Software",""
"GDR-DU: LanguageFeatureOnDemand - Windows 10 Version 1607 for AMD64-based Systems - (KB3180030) [sl-SI]","Windows 10 and later GDR-DU","abc45868-0c9c-4bc0-a36d-03d54113baf4","2016/07/16 23:11:17","KB3180030-Win10-TH1-GDR-DU-RTM-LanguageFeatureOnDemand-X64-TSL-rs1_release-SLV","202","31e70e51-df70-4171-a5be-ee6bb8fcc55e","3180030","","Updates","cd5ffd1e-e932-4e3a-bf74-18bf0b1bbd83","Windows","Software",""
"GDR-DU: LanguageFeatureOnDemand - Windows 10 Version 1607 for AMD64-based Systems - (KB3180030) [pt-PT]","Windows 10 and later GDR-DU","abc45868-0c9c-4bc0-a36d-03d54113baf4","2016/07/16 23:11:17","KB3180030-Win10-TH1-GDR-DU-RTM-LanguageFeatureOnDemand-X64-TSL-rs1_release-PTG","202","841f39e2-a869-4eae-aa45-50c6165a59f9","3180030","","Updates","cd5ffd1e-e932-4e3a-bf74-18bf0b1bbd83","Windows","Software",""
"GDR-DU: LanguageFeatureOnDemand - Windows 10 Version 1607 for AMD64-based Systems - (KB3180030) [si-LK]","Windows 10 and later GDR-DU","abc45868-0c9c-4bc0-a36d-03d54113baf4","2016/07/16 23:11:17","KB3180030-Win10-TH1-GDR-DU-RTM-LanguageFeatureOnDemand-X64-TSL-rs1_release-SIN","202","7b2ccace-1835-4255-bfad-019020058c32","3180030","","Updates","cd5ffd1e-e932-4e3a-bf74-18bf0b1bbd83","Windows","Software",""
"GDR-DU: LanguageFeatureOnDemand - Windows 10 Version 1607 for AMD64-based Systems - (KB3180030) [en-in]","Windows 10 and later GDR-DU","abc45868-0c9c-4bc0-a36d-03d54113baf4","2016/07/16 23:11:17","KB3180030-Win10-TH1-GDR-DU-RTM-LanguageFeatureOnDemand-X64-TSL-rs1_release-ENN","202","262b82ae-1e0d-4f43-8a52-224bc557dac7","3180030","","Updates","cd5ffd1e-e932-4e3a-bf74-18bf0b1bbd83","Windows","Software",""
"GDR-DU: LanguageFeatureOnDemand - Windows 10 Version 1607 for AMD64-based Systems - (KB3180030) [km-KH]","Windows 10 and later GDR-DU","abc45868-0c9c-4bc0-a36d-03d54113baf4","2016/07/16 23:11:17","KB3180030-Win10-TH1-GDR-DU-RTM-LanguageFeatureOnDemand-X64-TSL-rs1_release-KHM","202","ad1ce568-4502-44a6-85ee-522e3a76455e","3180030","","Updates","cd5ffd1e-e932-4e3a-bf74-18bf0b1bbd83","Windows","Software",""
"GDR-DU: LanguageFeatureOnDemand - Windows 10 Version 1607 for AMD64-based Systems - (KB3180030) [ar-EG]","Windows 10 and later GDR-DU","abc45868-0c9c-4bc0-a36d-03d54113baf4","2016/07/16 23:11:17","KB3180030-Win10-TH1-GDR-DU-RTM-LanguageFeatureOnDemand-X64-TSL-rs1_release-ar-EG","202","a45c02d9-74a4-44d0-bb9f-4d4ecfe30cae","3180030","","Updates","cd5ffd1e-e932-4e3a-bf74-18bf0b1bbd83","Windows","Software",""
"GDR-DU: LanguageFeatureOnDemand - Windows 10 Version 1607 for AMD64-based Systems - (KB3180030) [nl-be]","Windows 10 and later GDR-DU","abc45868-0c9c-4bc0-a36d-03d54113baf4","2016/07/16 23:11:17","KB3180030-Win10-TH1-GDR-DU-RTM-LanguageFeatureOnDemand-X64-TSL-rs1_release-nl-be","202","e86cbc00-d389-41aa-9cfd-95823958d536","3180030","","Updates","cd5ffd1e-e932-4e3a-bf74-18bf0b1bbd83","Windows","Software",""
"GDR-DU: LanguageFeatureOnDemand - Windows 10 Version 1607 for AMD64-based Systems - (KB3180030) [ko-KR]","Windows 10 and later GDR-DU","abc45868-0c9c-4bc0-a36d-03d54113baf4","2016/07/16 23:11:17","KB3180030-Win10-TH1-GDR-DU-RTM-LanguageFeatureOnDemand-X64-TSL-rs1_release-KOR","202","6471d438-73df-4c52-9918-fc5622287909","3180030","","Updates","cd5ffd1e-e932-4e3a-bf74-18bf0b1bbd83","Windows","Software",""
"GDR-DU: LanguageFeatureOnDemand - Windows 10 Version 1607 for AMD64-based Systems - (KB3180030) [en-au]","Windows 10 and later GDR-DU","abc45868-0c9c-4bc0-a36d-03d54113baf4","2016/07/16 23:11:17","KB3180030-Win10-TH1-GDR-DU-RTM-LanguageFeatureOnDemand-X64-TSL-rs1_release-AUS","202","1f4bb97b-926f-4248-9f48-0ee6040e50e8","3180030","","Updates","cd5ffd1e-e932-4e3a-bf74-18bf0b1bbd83","Windows","Software",""
"GDR-DU: LanguageFeatureOnDemand - Windows 10 Version 1607 for AMD64-based Systems - (KB3180030) [en-ca]","Windows 10 and later GDR-DU","abc45868-0c9c-4bc0-a36d-03d54113baf4","2016/07/16 23:11:17","KB3180030-Win10-TH1-GDR-DU-RTM-LanguageFeatureOnDemand-X64-TSL-rs1_release-CAN","202","267c97da-cb13-4d07-81b2-dbde70872e43","3180030","","Updates","cd5ffd1e-e932-4e3a-bf74-18bf0b1bbd83","Windows","Software",""
"GDR-DU: LanguageFeatureOnDemand - Windows 10 Version 1607 for AMD64-based Systems - (KB3180030) [zh-TW]","Windows 10 and later GDR-DU","abc45868-0c9c-4bc0-a36d-03d54113baf4","2016/07/16 23:11:17","KB3180030-Win10-TH1-GDR-DU-RTM-LanguageFeatureOnDemand-X64-TSL-rs1_release-CHT","204","e67cbe87-14ca-4b92-95b2-e96b0085a8ba","3180030","","Updates","cd5ffd1e-e932-4e3a-bf74-18bf0b1bbd83","Windows","Software",""
"GDR-DU: FeatureOnDemandPanEuropeanSupplementaryFonts - Windows 10 Version 1607 for AMD64-based Systems - (KB3200427)","Windows 10 and later GDR-DU","abc45868-0c9c-4bc0-a36d-03d54113baf4","2016/10/17 21:54:34","KB3200427-Win10-TH1-GDR-DU-RTM-FeatureOnDemandPanEuropeanSupplementaryFonts-X64-TSL-World","202","1a915a5d-d185-48e3-af3f-38171d6be2cd","3200427","","Updates","cd5ffd1e-e932-4e3a-bf74-18bf0b1bbd83","Windows","Software",""
"Dynamic Update for Windows 10 Version 1607 for AMD64-based Systems (KB3176937)","Windows 10 and later Dynamic Update","e4b04398-adbd-4b69-93b9-477322331cd3","2016/08/23 17:00:00","KB3176937-Windows10Rs1Client-RTM-CriticalDU-X64-TSL","202","5699dfbe-ad9d-42fc-ae61-b54c8c78de8e","3176937","","Critical Updates","e6cf1350-c01b-414d-a61f-263d14d133b4","Windows","Software",""
"GDR-DU: LanguageFeatureOnDemand - Windows 10 Version 1607 for AMD64-based Systems - (KB3197985) [af-ZA]","Windows 10 and later GDR-DU","abc45868-0c9c-4bc0-a36d-03d54113baf4","2016/10/06 2:20:20","KB3197985-Win10-TH1-GDR-DU-RTM-LanguageFeatureOnDemand-X64-TSL-World-AFK","202","cfefda4e-5cc7-44c3-8d57-1053912f0cc6","3197985","","Updates","cd5ffd1e-e932-4e3a-bf74-18bf0b1bbd83","Windows","Software",""
"GDR-DU: LanguageFeatureOnDemand - Windows 10 Version 1607 for AMD64-based Systems - (KB3180030) [zh-HK]","Windows 10 and later GDR-DU","abc45868-0c9c-4bc0-a36d-03d54113baf4","2016/07/16 23:11:17","KB3180030-Win10-TH1-GDR-DU-RTM-LanguageFeatureOnDemand-X64-TSL-rs1_release-ZHH","202","9ebbdfc8-f470-4388-93af-861bec7b1a62","3180030","","Updates","cd5ffd1e-e932-4e3a-bf74-18bf0b1bbd83","Windows","Software",""
"GDR-DU: LanguageFeatureOnDemand - Windows 10 Version 1607 for AMD64-based Systems - (KB3197985) [nn-NO]","Windows 10 and later GDR-DU","abc45868-0c9c-4bc0-a36d-03d54113baf4","2016/10/06 2:20:20","KB3197985-Win10-TH1-GDR-DU-RTM-LanguageFeatureOnDemand-X64-TSL-World-NON","202","ea735e41-918f-4fa2-9e60-58b299b78c55","3197985","","Updates","cd5ffd1e-e932-4e3a-bf74-18bf0b1bbd83","Windows","Software",""
