﻿"Title","ProductTitles","ProductIds","CreationDate","LegacyName","Id.RevisionNumber","Id.UpdateId","KnowledgebaseArticles","SecurityBulletins","UpdateClassificationTitle","UpdateClassificationId","ProductFamilyTitles","UpdateType","Action"
"2019-05 Cumulative Update for .NET Framework 3.5, 4.7.2 and 4.8 for Windows 10 Version 1809 for x64 (KB4499405)","Windows 10 LTSB
Windows 10","d2085b71-5f1f-43a9-880d-ed159016d5c6
a3c2375d-0c8a-42f9-bce0-28333e198407","2019/05/14 17:00:00","KB4499405-DOTNET-X64-TSL","200","2bef2493-d3af-412d-aed8-ebcb0544f429","4499405","","Security Updates","0fa1201d-4330-4fa8-8ae9-b877473b6441","Windows","Software",""
"2018-11 Preview of Cumulative Update for .NET Framework 3.5 and 4.7.2 for Windows 10 Version 1809 for x64 (KB4469041)","Windows 10 LTSB
Windows 10","d2085b71-5f1f-43a9-880d-ed159016d5c6
a3c2375d-0c8a-42f9-bce0-28333e198407","2019/02/15 20:00:00","KB4469041-DOTNET-X64-TSL","206","8caab6d0-0a17-4592-b1c7-b0d3a0e92fa9","4469041","","Updates","cd5ffd1e-e932-4e3a-bf74-18bf0b1bbd83","Windows","Software",""
"2019-01 Cumulative Update for .NET Framework 3.5 and 4.7.2 for Windows 10 Version 1809 for x64 (KB4481031)","Windows 10 LTSB
Windows 10","d2085b71-5f1f-43a9-880d-ed159016d5c6
a3c2375d-0c8a-42f9-bce0-28333e198407","2019/02/15 20:00:00","KB4481031-DOTNET-X64-TSL","202","ace2e6e3-2898-4cf0-8316-0f614dcf0102","4481031","","Updates","cd5ffd1e-e932-4e3a-bf74-18bf0b1bbd83","Windows","Software",""
"2019-03 Cumulative Update for .NET Framework 3.5 and 4.7.2 for Windows 10 Version 1809 for x64 (KB4489192)","Windows 10 LTSB
Windows 10","d2085b71-5f1f-43a9-880d-ed159016d5c6
a3c2375d-0c8a-42f9-bce0-28333e198407","2019/04/02 17:00:00","KB4489192-DOTNET-X64-TSL","203","26f4a80c-751e-465b-b9da-0006f701f89f","4489192","","Updates","cd5ffd1e-e932-4e3a-bf74-18bf0b1bbd83","Windows","Software",""
"2019-02 Cumulative Update for .NET Framework 3.5 and 4.7.2 for Windows 10 Version 1809 for x64 (KB4483452)","Windows 10 LTSB
Windows 10","d2085b71-5f1f-43a9-880d-ed159016d5c6
a3c2375d-0c8a-42f9-bce0-28333e198407","2019/02/15 20:00:00","KB4483452-DOTNET-X64-TSL","201","e47de1ba-26bc-40a4-88d7-849d03ed0be2","4483452","","Security Updates","0fa1201d-4330-4fa8-8ae9-b877473b6441","Windows","Software",""
"2019-02 Cumulative Update for .NET Framework 3.5 and 4.7.2 for Windows 10 Version 1809 for x64 (KB4486553)","Windows 10 LTSB
Windows 10","d2085b71-5f1f-43a9-880d-ed159016d5c6
a3c2375d-0c8a-42f9-bce0-28333e198407","2019/03/01 18:00:00","KB4486553-DOTNET-X64-TSL","202","cd50fb41-6418-490b-a685-869004e02656","4486553","","Updates","cd5ffd1e-e932-4e3a-bf74-18bf0b1bbd83","Windows","Software",""
"2019-01 Cumulative Update for .NET Framework 3.5 and 4.7.2 for Windows 10 Version 1809 for x64 (KB4480056)","Windows 10 LTSB
Windows 10","d2085b71-5f1f-43a9-880d-ed159016d5c6
a3c2375d-0c8a-42f9-bce0-28333e198407","2019/05/14 17:00:00","KB4480056-DOTNET-X64-TSL","202","0961f314-5521-4c7b-86b4-b2af12a0df17","4480056","","Security Updates","0fa1201d-4330-4fa8-8ae9-b877473b6441","Windows","Software",""
"2018-12 Cumulative Update for .NET Framework 3.5 and 4.7.2 for Windows 10 Version 1809 for x64 (KB4470502)","Windows 10 LTSB
Windows 10","d2085b71-5f1f-43a9-880d-ed159016d5c6
a3c2375d-0c8a-42f9-bce0-28333e198407","2019/05/14 17:00:00","KB4470502-DOTNET-X64-TSL","202","bbe7ea93-6fda-48af-9541-5b64c4d87d2b","4470502","","Security Updates","0fa1201d-4330-4fa8-8ae9-b877473b6441","Windows","Software",""
"2019-06 Cumulative Update for .NET Framework 3.5, 4.7.2 and 4.8 for Windows 10 Version 1809 for x64 (KB4503864)","Windows 10 LTSB
Windows 10","d2085b71-5f1f-43a9-880d-ed159016d5c6
a3c2375d-0c8a-42f9-bce0-28333e198407","2019/06/18 17:00:00","KB4503864-DOTNET-X64-TSL","200","70656447-d47a-42cf-8368-0f7a34dcfabc","4503864","","Updates","cd5ffd1e-e932-4e3a-bf74-18bf0b1bbd83","Windows","Software",""
"2019-07 Cumulative Update for .NET Framework 3.5, 4.7.2, 4.8 for Windows 10 Version 1809 for x64 (KB4507419)","Windows 10 LTSB
Windows 10","d2085b71-5f1f-43a9-880d-ed159016d5c6
a3c2375d-0c8a-42f9-bce0-28333e198407","2019/07/09 17:00:00","KB4507419-DOTNET-X64-TSL","200","b11287dc-683f-494b-af2f-047f1b83ca99","4507419","","Security Updates","0fa1201d-4330-4fa8-8ae9-b877473b6441","Windows","Software",""
"2019-09 Cumulative Update for .NET Framework 3.5, 4.7.2 and 4.8 for Windows 10 Version 1809 for x64 (KB4516550)","Windows 10 LTSB
Windows 10","d2085b71-5f1f-43a9-880d-ed159016d5c6
a3c2375d-0c8a-42f9-bce0-28333e198407","2019/09/24 17:00:00","KB4516550-DOTNET-X64-TSL","201","7ba11dfe-95c4-47e4-bae8-3758326b8c8f","4516550","","Updates","cd5ffd1e-e932-4e3a-bf74-18bf0b1bbd83","Windows","Software",""
"2019-09 Cumulative Update for .NET Framework 3.5, 4.7.2 and 4.8 for Windows 10 Version 1809 for x64 (KB4514601)","Windows 10 LTSB
Windows 10","d2085b71-5f1f-43a9-880d-ed159016d5c6
a3c2375d-0c8a-42f9-bce0-28333e198407","2019/09/10 17:00:00","KB4514601-DOTNET-X64-TSL","200","9d1a5383-caff-4625-9f55-e86370706ab9","4514601","","Security Updates","0fa1201d-4330-4fa8-8ae9-b877473b6441","Windows","Software",""
"2019-08 Dynamic Update for Windows 10 Version 1809 for x64-based Systems (KB4506578)","Windows 10 and later Dynamic Update
Windows Safe OS Dynamic Update","e4b04398-adbd-4b69-93b9-477322331cd3
dd1aa213-54e7-4173-8456-b278964a26b6","2019/08/22 17:00:06","KB4506578-Windows10Rs5Client-RTM-SafeOSDU-X64-TSL-World","201","e735d936-6f11-4d49-87cc-cec2165210b6","4506578","","Critical Updates","e6cf1350-c01b-414d-a61f-263d14d133b4","Windows","Software",""
"2019-08 Cumulative Update for .NET Framework 3.5, 4.7.2 and 4.8 for Windows 10 Version 1809 for x64 (KB4512192)","Windows 10 LTSB
Windows 10","d2085b71-5f1f-43a9-880d-ed159016d5c6
a3c2375d-0c8a-42f9-bce0-28333e198407","2019/08/20 17:00:00","KB4512192-DOTNET-X64-TSL","200","b97b73ee-f5d0-49e3-8b68-aecf40cbdbd9","4512192","","Updates","cd5ffd1e-e932-4e3a-bf74-18bf0b1bbd83","Windows","Software",""
"2019-10 Cumulative Update for .NET Framework 3.5, 4.7.2 and 4.8 for Windows 10 Version 1809 for x64 (KB4520405)","Windows 10 LTSB
Windows 10","d2085b71-5f1f-43a9-880d-ed159016d5c6
a3c2375d-0c8a-42f9-bce0-28333e198407","2019/10/15 17:00:00","KB4520405-DOTNET-X64-TSL","200","ef675601-0e7e-492a-a3ea-b37d4b1adcbb","4520405","","Updates","cd5ffd1e-e932-4e3a-bf74-18bf0b1bbd83","Windows","Software",""
"2019-10 Cumulative Update for .NET Framework 3.5, 4.7.2 and 4.8 for Windows 10 Version 1809 for x64 (KB4524099)","Windows 10 LTSB
Windows 10","d2085b71-5f1f-43a9-880d-ed159016d5c6
a3c2375d-0c8a-42f9-bce0-28333e198407","2019/10/08 17:00:00","KB4524099-DOTNET-X64-TSL","201","153bd82c-2c33-4207-adcd-3a5d29287d02","4524099","","Updates","cd5ffd1e-e932-4e3a-bf74-18bf0b1bbd83","Windows","Software",""
"2019-12 Cumulative Update for .NET Framework 3.5, 4.7.2 and 4.8 for Windows 10 Version 1809 for x64 (KB4533094)","Windows 10 LTSB
Windows 10","d2085b71-5f1f-43a9-880d-ed159016d5c6
a3c2375d-0c8a-42f9-bce0-28333e198407","2019/12/10 18:00:00","KB4533094-DOTNET-X64-TSL","200","ed28d6b4-3bf5-4f19-9625-378dbbcff4d9","4533094","","Updates","cd5ffd1e-e932-4e3a-bf74-18bf0b1bbd83","Windows","Software",""
"2020-01 Cumulative Update for .NET Framework 3.5, 4.7.2 and 4.8 for Windows 10 Version 1809 for x64 (KB4535101)","Windows 10 LTSB
Windows 10","d2085b71-5f1f-43a9-880d-ed159016d5c6
a3c2375d-0c8a-42f9-bce0-28333e198407","2020/01/14 18:00:00","KB4535101-DOTNET-X64-TSL","200","d8359fcd-a205-4627-b423-815d2d87ff1a","4535101","","Security Updates","0fa1201d-4330-4fa8-8ae9-b877473b6441","Windows","Software",""
"2020-01 Cumulative Update for .NET Framework 3.5, 4.7.2 and 4.8 for Windows 10 Version 1809 for x64 (KB4535669)","Windows 10 LTSB
Windows 10","d2085b71-5f1f-43a9-880d-ed159016d5c6
a3c2375d-0c8a-42f9-bce0-28333e198407","2020/01/23 22:00:00","KB4535669-DOTNET-X64-TSL","201","bed06cb2-7c54-416d-90dc-446cfcaa918f","4535669","","Updates","cd5ffd1e-e932-4e3a-bf74-18bf0b1bbd83","Windows","Software",""
"2020-02 Cumulative Update for .NET Framework 3.5, 4.7.2 and 4.8 for Windows 10 Version 1809 for x64 (KB4538122)","Windows 10 LTSB
Windows 10","d2085b71-5f1f-43a9-880d-ed159016d5c6
a3c2375d-0c8a-42f9-bce0-28333e198407","2020/02/11 18:00:00","KB4538122-DOTNET-X64-TSL","200","3eec8b3d-c549-4a50-9a84-7f11c7ec2989","4538122","","Updates","cd5ffd1e-e932-4e3a-bf74-18bf0b1bbd83","Windows","Software",""
"2020-02 Cumulative Update for .NET Framework 3.5, 4.7.2 and 4.8 for Windows 10 Version 1809 for x64 (KB4538156)","Windows 10 LTSB
Windows 10","d2085b71-5f1f-43a9-880d-ed159016d5c6
a3c2375d-0c8a-42f9-bce0-28333e198407","2020/02/25 18:00:00","KB4538156-DOTNET-X64-TSL","202","1f330596-0023-4706-873d-dce8a76a33d4","4538156","","Updates","cd5ffd1e-e932-4e3a-bf74-18bf0b1bbd83","Windows","Software",""
"2020-03 Servicing Stack Update for Windows 10 Version 1809 for x64-based Systems (KB4539571)","Windows 10 LTSB
Windows 10","d2085b71-5f1f-43a9-880d-ed159016d5c6
a3c2375d-0c8a-42f9-bce0-28333e198407","2020/03/10 17:00:06","KB4539571-Windows10Rs5Client-RTM-ServicingStackUpdate-X64-TSL-World","200","8d642417-1aa0-4b95-b294-fc9b7159e62d","4539571","","Security Updates","0fa1201d-4330-4fa8-8ae9-b877473b6441","Windows","Software",""
"2020-06 Servicing Stack Update for Windows 10 Version 1809 for x64-based Systems (KB4562562)","Windows 10 LTSB
Windows 10","d2085b71-5f1f-43a9-880d-ed159016d5c6
a3c2375d-0c8a-42f9-bce0-28333e198407","2020/06/09 17:00:06","KB4562562-Windows10Rs5Client-RTM-ServicingStackUpdate-X64-TSL-World","200","d3872dee-ee52-4943-9cde-422f960955e5","4562562","","Security Updates","0fa1201d-4330-4fa8-8ae9-b877473b6441","Windows","Software",""
"2020-04 Servicing Stack Update for Windows 10 Version 1809 for x64-based Systems (KB4549947)","Windows 10 LTSB
Windows 10","d2085b71-5f1f-43a9-880d-ed159016d5c6
a3c2375d-0c8a-42f9-bce0-28333e198407","2020/04/14 17:00:06","KB4549947-Windows10Rs5Client-RTM-ServicingStackUpdate-X64-TSL-World","200","146dd9b5-ab3f-4933-a810-4d5d458c2356","4549947","","Security Updates","0fa1201d-4330-4fa8-8ae9-b877473b6441","Windows","Software",""
"2020-05 Cumulative Update for .NET Framework 3.5, 4.7.2 and 4.8 for Windows 10 Version 1809 for x64 (KB4556441)","Windows 10 LTSB
Windows 10","d2085b71-5f1f-43a9-880d-ed159016d5c6
a3c2375d-0c8a-42f9-bce0-28333e198407","2020/05/12 17:00:00","KB4556441-DOTNET-X64-TSL","201","edfd6b1a-c563-4f47-9007-e446a339ec98","4556441","","Security Updates","0fa1201d-4330-4fa8-8ae9-b877473b6441","Windows","Software",""
"2020-07 Cumulative Update for .NET Framework 3.5, 4.7.2 and 4.8 for Windows 10 Version 1809 for x64 (KB4566516)","Windows 10 LTSB
Windows 10","d2085b71-5f1f-43a9-880d-ed159016d5c6
a3c2375d-0c8a-42f9-bce0-28333e198407","2020/07/14 17:00:00","KB4566516-DOTNET-X64-TSL","200","89dd22e5-32f1-485b-a5b3-4bfb5b1a8706","4566516","","Security Updates","0fa1201d-4330-4fa8-8ae9-b877473b6441","Windows","Software",""
"2020-07 Servicing Stack Update for Windows 10 Version 1809 for x64-based Systems (KB4558997)","Windows 10 LTSB
Windows 10","d2085b71-5f1f-43a9-880d-ed159016d5c6
a3c2375d-0c8a-42f9-bce0-28333e198407","2020/07/14 17:00:06","KB4558997-Windows10Rs5Client-RTM-ServicingStackUpdate-X64-TSL-World","200","10b0c0f5-36b6-49f0-b244-982f7c2f7613","4558997","","Security Updates","0fa1201d-4330-4fa8-8ae9-b877473b6441","Windows","Software",""
"2020-08 Cumulative Update for .NET Framework 3.5, 4.7.2 and 4.8 for Windows 10 Version 1809 for x64 (KB4570505)","Windows 10 LTSB
Windows 10","d2085b71-5f1f-43a9-880d-ed159016d5c6
a3c2375d-0c8a-42f9-bce0-28333e198407","2020/08/11 17:00:00","KB4570505-DOTNET-X64-TSL","200","e3b267da-2c82-45d1-a70a-32695a4a2c9d","4570505","","Security Updates","0fa1201d-4330-4fa8-8ae9-b877473b6441","Windows","Software",""
"2020-09 Servicing Stack Update for Windows 10 Version 1809 for x64-based Systems (KB4570332)","Windows 10 LTSB
Windows 10","d2085b71-5f1f-43a9-880d-ed159016d5c6
a3c2375d-0c8a-42f9-bce0-28333e198407","2020/09/08 17:00:06","KB4570332-Windows10Rs5Client-RTM-ServicingStackUpdate-X64-TSL-World","200","620fd80a-5cf5-4ec7-bc66-4b02d1251b6b","4570332","","Security Updates","0fa1201d-4330-4fa8-8ae9-b877473b6441","Windows","Software",""
"2020-08 Servicing Stack Update for Windows 10 Version 1809 for x64-based Systems (KB4566424)","Windows 10 LTSB
Windows 10","d2085b71-5f1f-43a9-880d-ed159016d5c6
a3c2375d-0c8a-42f9-bce0-28333e198407","2020/08/11 17:00:06","KB4566424-Windows10Rs5Client-RTM-ServicingStackUpdate-X64-TSL-World","200","3c91ba96-8afc-4eaf-a831-b05fa45c23ec","4566424","","Security Updates","0fa1201d-4330-4fa8-8ae9-b877473b6441","Windows","Software",""
"2020-09 Cumulative Update for .NET Framework 3.5, 4.7.2 and 4.8 for Windows 10 Version 1809 for x64 (KB4576627)","Windows 10 LTSB
Windows 10","d2085b71-5f1f-43a9-880d-ed159016d5c6
a3c2375d-0c8a-42f9-bce0-28333e198407","2020/09/08 17:00:00","KB4576627-DOTNET-X64-TSL","200","7dbf2886-d8dd-4b6a-a4b0-b8b1a177d5ef","4576627","","Security Updates","0fa1201d-4330-4fa8-8ae9-b877473b6441","Windows","Software",""
"2020-10 Servicing Stack Update for Windows 10 Version 1809 for x64-based Systems (KB4577667)","Windows 10 LTSB
Windows 10","d2085b71-5f1f-43a9-880d-ed159016d5c6
a3c2375d-0c8a-42f9-bce0-28333e198407","2020/10/13 17:00:06","KB4577667-Windows10Rs5Client-RTM-ServicingStackUpdate-X64-TSL-World","200","ac8faebc-f86a-48a3-9b95-ee35884382b5","4577667","","Security Updates","0fa1201d-4330-4fa8-8ae9-b877473b6441","Windows","Software",""
"2020-10 Cumulative Update for .NET Framework 3.5, 4.7.2 and 4.8 for Windows 10 Version 1809 for x64 (KB4579976)","Windows 10 LTSB
Windows 10","d2085b71-5f1f-43a9-880d-ed159016d5c6
a3c2375d-0c8a-42f9-bce0-28333e198407","2020/10/13 17:00:00","KB4579976-DOTNET-X64-TSL","200","c6a3fca7-5506-4b77-ad64-8d3e55079023","4579976","","Security Updates","0fa1201d-4330-4fa8-8ae9-b877473b6441","Windows","Software",""
"The new Microsoft Edge for Windows 10 Version 1809 for x64-based Systems (KB4584642)","Microsoft Edge
Windows 10 LTSB
Windows 10","69010383-ff55-4227-bd6c-d91c26f2643b
d2085b71-5f1f-43a9-880d-ed159016d5c6
a3c2375d-0c8a-42f9-bce0-28333e198407","2020/10/29 21:00:06","KB4584642-Windows10Rs5Client-RTM-EdgeStable-X64-TSL-World","204","11367b68-91e2-4efb-8e2e-abd9b063b689","4584642","","Updates","cd5ffd1e-e932-4e3a-bf74-18bf0b1bbd83","Windows","Software",""
"2020-11 Servicing Stack Update for Windows 10 Version 1809 for x64-based Systems (KB4587735)","Windows 10 LTSB
Windows 10","d2085b71-5f1f-43a9-880d-ed159016d5c6
a3c2375d-0c8a-42f9-bce0-28333e198407","2020/11/10 18:00:06","KB4587735-Windows10Rs5Client-RTM-ServicingStackUpdate-X64-TSL-World","200","d91f8d33-6278-441d-a8ad-a2297e10d8f7","4587735","","Security Updates","0fa1201d-4330-4fa8-8ae9-b877473b6441","Windows","Software",""
"2021-01 Cumulative Update for .NET Framework 3.5, 4.7.2 and 4.8 for Windows 10 Version 1809 for x64 (KB4598499)","Windows 10 LTSB
Windows 10","d2085b71-5f1f-43a9-880d-ed159016d5c6
a3c2375d-0c8a-42f9-bce0-28333e198407","2021/01/12 18:00:00","KB4598499-DotNetCumulative-Client-x64-Retail","201","235c6586-1c1b-455b-9249-44e49abc32f9","4598499","","Updates","cd5ffd1e-e932-4e3a-bf74-18bf0b1bbd83","Windows","Software",""
"2021-01 Servicing Stack Update for Windows 10 Version 1809 for x64-based Systems (KB4598480)","Windows 10 LTSB
Windows 10","d2085b71-5f1f-43a9-880d-ed159016d5c6
a3c2375d-0c8a-42f9-bce0-28333e198407","2021/01/12 18:00:06","KB4598480-Windows10Rs5Client-RTM-ServicingStackUpdate-X64-TSL-World","200","ada7d53c-f0f5-46bd-9de5-85932316873d","4598480","","Security Updates","0fa1201d-4330-4fa8-8ae9-b877473b6441","Windows","Software",""
"2021-02 Cumulative Update for .NET Framework 3.5, 4.7.2 and 4.8 for Windows 10 Version 1809 for x64 (KB4601887)","Windows 10 LTSB
Windows 10","d2085b71-5f1f-43a9-880d-ed159016d5c6
a3c2375d-0c8a-42f9-bce0-28333e198407","2021/02/09 18:00:00","KB4601887-DotNetCumulative-Client-x64-Retail","200","4b647633-7dac-443d-81b8-b590f2a6e7f6","4601887","","Security Updates","0fa1201d-4330-4fa8-8ae9-b877473b6441","Windows","Software",""
"2021-02 Servicing Stack Update for Windows 10 Version 1809 for x64-based Systems (KB4601393)","Windows 10 LTSB
Windows 10","d2085b71-5f1f-43a9-880d-ed159016d5c6
a3c2375d-0c8a-42f9-bce0-28333e198407","2021/02/09 18:00:06","KB4601393-Windows10Rs5Client-RTM-ServicingStackUpdate-X64-TSL-World","200","b775a4db-43a7-432b-be89-90e3d6dcb360","4601393","","Security Updates","0fa1201d-4330-4fa8-8ae9-b877473b6441","Windows","Software",""
"2020-11 Cumulative Update for .NET Framework 3.5, 4.7.2 and 4.8 for Windows 10 Version 1809 for x64 (KB4586082)","Windows 10 LTSB
Windows 10","d2085b71-5f1f-43a9-880d-ed159016d5c6
a3c2375d-0c8a-42f9-bce0-28333e198407","2021/01/12 18:00:00","KB4586082-DOTNET-X64-TSL","201","5fac1f68-2a13-40cf-937d-6e18be0cb1c3","4586082","","Updates","cd5ffd1e-e932-4e3a-bf74-18bf0b1bbd83","Windows","Software",""
"Update for Removal of Adobe Flash Player for Windows 10 Version 1809 for x64-based systems (KB4577586)","Windows 10 LTSB
Windows 10","d2085b71-5f1f-43a9-880d-ed159016d5c6
a3c2375d-0c8a-42f9-bce0-28333e198407","2021/02/16 22:00:09","KB4577586-Windows10Rs5Client-RTM-X64-TSL-World","203","04d7ef23-4f5f-48fb-bace-84b116741f7e","4577586","","Updates","cd5ffd1e-e932-4e3a-bf74-18bf0b1bbd83","Windows","Software",""
"2021-01 Update for Windows 10 Version 1809 for x64-based Systems (KB4589208)","Windows 10 LTSB
Windows 10","d2085b71-5f1f-43a9-880d-ed159016d5c6
a3c2375d-0c8a-42f9-bce0-28333e198407","2021/03/09 22:02:06","KB4589208-Windows10Rs5Client-RTM-X64-TSL-World","202","12dcb93c-7903-4b04-aa66-5ffc16156e15","4589208","","Updates","cd5ffd1e-e932-4e3a-bf74-18bf0b1bbd83","Windows","Software",""
"2021-04 Servicing Stack Update for Windows 10 Version 1809 for x64-based Systems (KB5001404)","Windows 10 LTSB
Windows 10","d2085b71-5f1f-43a9-880d-ed159016d5c6
a3c2375d-0c8a-42f9-bce0-28333e198407","2021/04/13 17:00:06","KB5001404-Windows10Rs5Client-RTM-ServicingStackUpdate-X64-TSL-World","200","b55027a4-c23a-4444-b49c-890887b8e781","5001404","","Security Updates","0fa1201d-4330-4fa8-8ae9-b877473b6441","Windows","Software",""
"2021-03 Servicing Stack Update for Windows 10 Version 1809 for x64-based Systems (KB5000859)","Windows 10 LTSB
Windows 10","d2085b71-5f1f-43a9-880d-ed159016d5c6
a3c2375d-0c8a-42f9-bce0-28333e198407","2021/03/09 18:00:06","KB5000859-Windows10Rs5Client-RTM-ServicingStackUpdate-X64-TSL-World","200","754da069-a438-4659-b16d-abd3d10d26e0","5000859","","Security Updates","0fa1201d-4330-4fa8-8ae9-b877473b6441","Windows","Software",""
"2021-05 Servicing Stack Update for Windows 10 Version 1809 for x64-based Systems (KB5003243)","Windows 10 LTSB
Windows 10","d2085b71-5f1f-43a9-880d-ed159016d5c6
a3c2375d-0c8a-42f9-bce0-28333e198407","2021/05/11 17:00:06","KB5003243-Windows10Rs5Client-RTM-ServicingStackUpdate-X64-TSL-World","200","f3ea3983-2d89-4c75-bc35-a60a0fe34465","5003243","","Security Updates","0fa1201d-4330-4fa8-8ae9-b877473b6441","Windows","Software",""
"2021-05 Cumulative Update for Windows 10 Version 1809 for x64-based Systems (KB5003171)","Windows 10 LTSB
Windows 10","d2085b71-5f1f-43a9-880d-ed159016d5c6
a3c2375d-0c8a-42f9-bce0-28333e198407","2021/05/11 17:00:06","KB5003171-Windows10Rs5Client-RTM-X64-TSL-World","202","f246360c-d1a2-4829-9698-f943d6d81c5d","5003171","","Security Updates","0fa1201d-4330-4fa8-8ae9-b877473b6441","Windows","Software",""
"2021-05 Cumulative Update for .NET Framework 3.5, 4.7.2 and 4.8 for Windows 10 Version 1809 for x64 (KB5001879)","Windows 10 LTSB
Windows 10","d2085b71-5f1f-43a9-880d-ed159016d5c6
a3c2375d-0c8a-42f9-bce0-28333e198407","2021/05/11 17:00:00","KB5001879-DotNetCumulative-Client-x64-Retail","200","e90a42d7-f612-4898-b2d1-f68f4ef05bba","5001879","","Updates","cd5ffd1e-e932-4e3a-bf74-18bf0b1bbd83","Windows","Software",""
"2021-06 Cumulative Update for .NET Framework 3.5, 4.7.2 and 4.8 for Windows 10 Version 1809 for x64 (KB5003778)","Windows 10 LTSB
Windows 10","d2085b71-5f1f-43a9-880d-ed159016d5c6
a3c2375d-0c8a-42f9-bce0-28333e198407","2021/06/08 17:00:00","KB5003778-DotNetCumulative-Client-x64-Retail","201","43a30273-2718-47d7-82d7-d3a0f8586d9c","5003778","","Updates","cd5ffd1e-e932-4e3a-bf74-18bf0b1bbd83","Windows","Software",""
"2021-06 Servicing Stack Update for Windows 10 Version 1809 for x64-based Systems (KB5003711)","Windows 10 LTSB
Windows 10","d2085b71-5f1f-43a9-880d-ed159016d5c6
a3c2375d-0c8a-42f9-bce0-28333e198407","2021/06/08 17:00:06","KB5003711-Windows10Rs5Client-RTM-ServicingStackUpdate-X64-TSL-World","200","d4662e29-3a78-46f0-8119-26810c71bcb4","5003711","","Security Updates","0fa1201d-4330-4fa8-8ae9-b877473b6441","Windows","Software",""
"2021-07 Cumulative Update for .NET Framework 3.5, 4.7.2 and 4.8 for Windows 10 Version 1809 for x64 (KB5004228)","Windows 10 LTSB
Windows 10","d2085b71-5f1f-43a9-880d-ed159016d5c6
a3c2375d-0c8a-42f9-bce0-28333e198407","2021/07/13 17:00:00","KB5004228-DotNetCumulative-Client-x64-Retail","200","e210a780-fadb-472d-9338-4d3723c0abc4","5004228","","Updates","cd5ffd1e-e932-4e3a-bf74-18bf0b1bbd83","Windows","Software",""
"2021-08 Servicing Stack Update for Windows 10 Version 1809 for x64-based Systems (KB5005112)","Windows 10 LTSB
Windows 10","d2085b71-5f1f-43a9-880d-ed159016d5c6
a3c2375d-0c8a-42f9-bce0-28333e198407","2021/08/10 17:00:06","KB5005112-Windows10Rs5Client-RTM-ServicingStackUpdate-X64-TSL-World","200","2aa60267-ea74-4beb-9da4-bcb3da165726","5005112","","Security Updates","0fa1201d-4330-4fa8-8ae9-b877473b6441","Windows","Software",""
"2021-08 Cumulative Update for .NET Framework 3.5, 4.7.2 and 4.8 for Windows 10 Version 1809 for x64 (KB5004870)","Windows 10 LTSB
Windows 10","d2085b71-5f1f-43a9-880d-ed159016d5c6
a3c2375d-0c8a-42f9-bce0-28333e198407","2021/08/10 17:00:00","KB5004870-DotNetCumulative-Client-x64-Retail","200","89288abf-3070-4c6c-b3cc-710cc7276f0f","5004870","","Updates","cd5ffd1e-e932-4e3a-bf74-18bf0b1bbd83","Windows","Software",""
"2021-10 Cumulative Update for .NET Framework 3.5, 4.7.2 and 4.8 for Windows 10 Version 1809 for x64 (KB5006765)","Windows 10 LTSB
Windows 10","d2085b71-5f1f-43a9-880d-ed159016d5c6
a3c2375d-0c8a-42f9-bce0-28333e198407","2021/10/12 17:00:00","KB5006765-DotNetCumulative-Client-x64-Retail","200","a6dd7d72-ca62-40a7-aee1-c3c77f96d3b3","5006765","","Updates","cd5ffd1e-e932-4e3a-bf74-18bf0b1bbd83","Windows","Software",""
"2021-11 Cumulative Update for .NET Framework 3.5, 4.7.2 and 4.8 for Windows 10 Version 1809 for x64 (KB5007298)","Windows 10 LTSB
Windows 10","d2085b71-5f1f-43a9-880d-ed159016d5c6
a3c2375d-0c8a-42f9-bce0-28333e198407","2021/11/09 18:00:00","KB5007298-DotNetCumulative-Client-x64-Retail","200","694ab398-4296-4083-80e1-b1f41cd0bf5f","5007298","","Updates","cd5ffd1e-e932-4e3a-bf74-18bf0b1bbd83","Windows","Software",""
"2022-01 Cumulative Update for .NET Framework 3.5, 4.7.2 and 4.8 for Windows 10 Version 1809 for x64 (KB5009718)","Windows 10 LTSB
Windows 10","d2085b71-5f1f-43a9-880d-ed159016d5c6
a3c2375d-0c8a-42f9-bce0-28333e198407","2022/01/11 18:00:00","KB5009718-RS5-Client-x64-Retail","200","89f0cd1c-e9a5-4b55-aa74-bda62b237343","5009718","","Security Updates","0fa1201d-4330-4fa8-8ae9-b877473b6441","Windows","Software",""
"2022-02 Cumulative Update for .NET Framework 3.5, 4.7.2 and 4.8 for Windows 10 Version 1809 for x64 (KB5010580)","Windows 10 LTSB
Windows 10","d2085b71-5f1f-43a9-880d-ed159016d5c6
a3c2375d-0c8a-42f9-bce0-28333e198407","2022/02/08 18:00:00","KB5010580-RS5-Client-x64-Retail","200","46cee992-f380-4fe0-88e6-8284eb2aac43","5010580","","Updates","cd5ffd1e-e932-4e3a-bf74-18bf0b1bbd83","Windows","Software",""
"2022-04 Cumulative Update for .NET Framework 3.5, 4.7.2 and 4.8 for Windows 10 Version 1809 for x64 (KB5012328)","Windows 10 LTSB
Windows 10","d2085b71-5f1f-43a9-880d-ed159016d5c6
a3c2375d-0c8a-42f9-bce0-28333e198407","2022/04/12 17:00:00","KB5012328-DotNetCumulative-RS5-Client-x64-Retail","200","c07aaf98-4a80-4096-b377-1efcbefb9d2f","5012328","","Security Updates","0fa1201d-4330-4fa8-8ae9-b877473b6441","Windows","Software",""
"2022-05 Cumulative Update for .NET Framework 3.5, 4.7.2 and 4.8 for Windows 10 Version 1809 for x64 (KB5013868)","Windows 10 LTSB
Windows 10","d2085b71-5f1f-43a9-880d-ed159016d5c6
a3c2375d-0c8a-42f9-bce0-28333e198407","2022/05/10 17:00:00","KB5013868-DotNetCumulative-RS5-Client-x64-Retail","200","970e188e-aca7-4190-a92f-e57c2ef33068","5013868","","Security Updates","0fa1201d-4330-4fa8-8ae9-b877473b6441","Windows","Software",""
"2022-06 Cumulative Update for .NET Framework 3.5, 4.7.2 and 4.8 for Windows 10 Version 1809 for x64 (KB5014805)","Windows 10 LTSB
Windows 10","d2085b71-5f1f-43a9-880d-ed159016d5c6
a3c2375d-0c8a-42f9-bce0-28333e198407","2022/06/14 17:00:00","KB5014805-DotNetCumulative-RS5-Client-x64-Retail","200","ac90b7c5-dd2d-46ef-baec-7f79749bf51d","5014805","","Updates","cd5ffd1e-e932-4e3a-bf74-18bf0b1bbd83","Windows","Software",""
"2022-08 Security Update for Windows 10 Version 1809 for x64-based Systems (KB5012170)","Windows 10 LTSB","d2085b71-5f1f-43a9-880d-ed159016d5c6","2022/08/09 17:00:08","KB5012170-Windows10Rs5Client-RTM-StandaloneSecurity-X64-TSL-World","200","222418e7-6264-4030-8e99-5a6822f2aa34","5012170","","Security Updates","0fa1201d-4330-4fa8-8ae9-b877473b6441","Windows","Software",""
"2022-08 Cumulative Update for .NET Framework 3.5, 4.7.2 and 4.8 for Windows 10 Version 1809 for x64 (KB5016737)","Windows 10 LTSB
Windows 10","d2085b71-5f1f-43a9-880d-ed159016d5c6
a3c2375d-0c8a-42f9-bce0-28333e198407","2022/08/09 17:00:00","KB5016737-DotNetCumulative-RS5-Client-x64-Retail","200","9a9afa36-d7ce-484b-b212-b02a940b5d02","5016737","","Updates","cd5ffd1e-e932-4e3a-bf74-18bf0b1bbd83","Windows","Software",""
"2022-09 Cumulative Update for .NET Framework 3.5, 4.7.2 and 4.8 for Windows 10 Version 1809 for x64 (KB5017528)","Windows 10 LTSB
Windows 10","d2085b71-5f1f-43a9-880d-ed159016d5c6
a3c2375d-0c8a-42f9-bce0-28333e198407","2022/09/13 17:00:00","KB5017528-DotNetCumulative-RS5-Client-x64-Retail","200","d556b1cd-0e3a-4f25-bc41-8cb63d95934a","5017528","","Updates","cd5ffd1e-e932-4e3a-bf74-18bf0b1bbd83","Windows","Software",""
"2022-09 Cumulative Update for Windows 10 Version 1809 for x64-based Systems (KB5017315)","Windows 10 LTSB","d2085b71-5f1f-43a9-880d-ed159016d5c6","2022/09/13 17:00:06","KB5017315-Windows10Rs5Client-RTM-UnifiedCumulativeSecurity-X64-TSL-World","200","01c4477d-7f68-4b45-844a-b4e1d855b2b1","5017315","","Security Updates","0fa1201d-4330-4fa8-8ae9-b877473b6441","Windows","Software",""
"2022-10 Cumulative Update for Windows 10 Version 1809 for x64-based Systems (KB5018419)","Windows 10 LTSB","d2085b71-5f1f-43a9-880d-ed159016d5c6","2022/10/11 17:00:06","KB5018419-Windows10Rs5Client-RTM-UnifiedCumulativeSecurity-X64-TSL-World","200","4b6cc779-fd2c-43f3-814a-7dd0dd78a857","5018419","","Security Updates","0fa1201d-4330-4fa8-8ae9-b877473b6441","Windows","Software",""
"2022-10 Cumulative Update for .NET Framework 3.5, 4.7.2 and 4.8 for Windows 10 Version 1809 for x64 (KB5018542)","Windows 10 LTSB
Windows 10","d2085b71-5f1f-43a9-880d-ed159016d5c6
a3c2375d-0c8a-42f9-bce0-28333e198407","2022/10/11 17:00:00","KB5018542-DotNetCumulative-RS5-Client-x64-Retail","200","70021525-c1a1-412a-9d5b-369051a50219","5018542","","Updates","cd5ffd1e-e932-4e3a-bf74-18bf0b1bbd83","Windows","Software",""
"2022-11 Cumulative Update for Windows 10 Version 1809 for x64-based Systems (KB5019966)","Windows 10 LTSB","d2085b71-5f1f-43a9-880d-ed159016d5c6","2022/11/08 18:00:06","KB5019966-Windows10Rs5Client-RTM-UnifiedCumulativeSecurity-X64-TSL-World","200","5b1fb11a-e502-4ef5-8899-f0cc5c2ccdad","5019966","","Security Updates","0fa1201d-4330-4fa8-8ae9-b877473b6441","Windows","Software",""
"2022-11 Dynamic Update for Windows 10 Version 1809 for x64-based Systems (KB5021042)","Windows 10 and later Dynamic Update
Windows Safe OS Dynamic Update","e4b04398-adbd-4b69-93b9-477322331cd3
dd1aa213-54e7-4173-8456-b278964a26b6","2022/11/08 18:00:06","KB5021042-Windows10Rs5Client-RTM-SafeOSDU-X64-TSL-World","200","7aabf0a6-6691-44b1-9b21-94db15776b28","5021042","","Critical Updates","e6cf1350-c01b-414d-a61f-263d14d133b4","Windows","Software",""
"2022-11 Cumulative Update for .NET Framework 3.5, 4.7.2 and 4.8 for Windows 10 Version 1809 for x64 (KB5020685)","Windows 10 LTSB
Windows 10","d2085b71-5f1f-43a9-880d-ed159016d5c6
a3c2375d-0c8a-42f9-bce0-28333e198407","2022/11/08 18:00:00","KB5020685-DotNetCumulative-RS5-Client-x64-Retail","200","912b2eec-36c8-4f03-b2bf-7b3121706b2f","5020685","","Security Updates","0fa1201d-4330-4fa8-8ae9-b877473b6441","Windows","Software",""
"2022-12 Cumulative Update for .NET Framework 3.5, 4.7.2 and 4.8 for Windows 10 Version 1809 for x64 (KB5021085)","Windows 10 LTSB
Windows 10","d2085b71-5f1f-43a9-880d-ed159016d5c6
a3c2375d-0c8a-42f9-bce0-28333e198407","2022/12/13 18:00:00","KB5021085-DotNetCumulative-RS5-Client-x64-Retail","200","cba65c6a-fa3e-41fc-b348-6d0c1a27129e","5021085","","Security Updates","0fa1201d-4330-4fa8-8ae9-b877473b6441","Windows","Software",""
"2023-01 Cumulative Update for Windows 10 Version 1809 for x64-based Systems (KB5022286)","Windows 10 LTSB","d2085b71-5f1f-43a9-880d-ed159016d5c6","2023/01/10 18:00:06","KB5022286-Windows10Rs5Client-RTM-UnifiedCumulativeSecurity-X64-TSL-World","200","c9fcbc7f-3466-4596-9e58-0280cecdb540","5022286","","Security Updates","0fa1201d-4330-4fa8-8ae9-b877473b6441","Windows","Software",""
"2022-12 Cumulative Update for Windows 10 Version 1809 for x64-based Systems (KB5021237)","Windows 10 LTSB","d2085b71-5f1f-43a9-880d-ed159016d5c6","2022/12/13 18:00:06","KB5021237-Windows10Rs5Client-RTM-UnifiedCumulativeSecurity-X64-TSL-World","200","995c48ba-bc77-45d8-b4b0-3745f8dec959","5021237","","Security Updates","0fa1201d-4330-4fa8-8ae9-b877473b6441","Windows","Software",""
"2023-02 Cumulative Update for Windows 10 Version 1809 for x64-based Systems (KB5022840)","Windows 10 LTSB","d2085b71-5f1f-43a9-880d-ed159016d5c6","2023/02/14 18:00:06","KB5022840-Windows10Rs5Client-RTM-UnifiedCumulativeSecurity-X64-TSL-World","200","32ffa78b-cf56-4a26-b905-e2c744cfa6a8","5022840","","Security Updates","0fa1201d-4330-4fa8-8ae9-b877473b6441","Windows","Software",""
"2023-02 Cumulative Update for .NET Framework 3.5, 4.7.2 and 4.8 for Windows 10 Version 1809 for x64 (KB5022782)","Windows 10 LTSB
Windows 10","d2085b71-5f1f-43a9-880d-ed159016d5c6
a3c2375d-0c8a-42f9-bce0-28333e198407","2023/02/14 18:00:00","KB5022782-DotNetCumulative-RS5-Client-x64-Retail","200","4d76f9aa-b3b5-4712-86f6-be8e9b6c8775","5022782","","Security Updates","0fa1201d-4330-4fa8-8ae9-b877473b6441","Windows","Software",""
"2023-03 Cumulative Update for Windows 10 Version 1809 for x64-based Systems (KB5023702)","Windows 10 LTSB","d2085b71-5f1f-43a9-880d-ed159016d5c6","2023/03/14 17:00:06","KB5023702-Windows10Rs5Client-RTM-UnifiedCumulativeSecurity-X64-TSL-World","200","a4140119-df12-4d27-a355-a1b3754fc1bf","5023702","","Security Updates","0fa1201d-4330-4fa8-8ae9-b877473b6441","Windows","Software",""
"2023-04 Cumulative Update for Windows 10 Version 1809 for x64-based Systems (KB5025229)","Windows 10 LTSB","d2085b71-5f1f-43a9-880d-ed159016d5c6","2023/04/11 17:00:06","KB5025229-Windows10Rs5Client-RTM-UnifiedCumulativeSecurity-X64-TSL-World","200","3449b6ac-5438-4cb3-8c42-ede570f760a5","5025229","","Security Updates","0fa1201d-4330-4fa8-8ae9-b877473b6441","Windows","Software",""
"2023-05 Cumulative Update for Windows 10 Version 1809 for x64-based Systems (KB5026362)","Windows 10 LTSB","d2085b71-5f1f-43a9-880d-ed159016d5c6","2023/05/09 17:00:06","KB5026362-Windows10Rs5Client-RTM-UnifiedCumulativeSecurity-X64-TSL-World","200","65524898-6480-4cda-ab42-fa3d770c6ff3","5026362","","Security Updates","0fa1201d-4330-4fa8-8ae9-b877473b6441","Windows","Software",""
"2023-06 Cumulative Update for .NET Framework 3.5, 4.7.2 and 4.8 for Windows 10 Version 1809 for x64 (KB5027536)","Windows 10 LTSB
Windows 10","d2085b71-5f1f-43a9-880d-ed159016d5c6
a3c2375d-0c8a-42f9-bce0-28333e198407","2023/06/13 17:00:00","KB5027536-DotNetCumulative-RS5-Client-x64-Retail","200","d6a0acb2-1944-4829-a208-77376f7871ac","5027536","","Security Updates","0fa1201d-4330-4fa8-8ae9-b877473b6441","Windows","Software",""
"2023-06 Cumulative Update for Windows 10 Version 1809 for x64-based Systems (KB5027222)","Windows 10 LTSB","d2085b71-5f1f-43a9-880d-ed159016d5c6","2023/06/13 17:00:06","KB5027222-Windows10Rs5Client-RTM-UnifiedCumulativeSecurity-X64-TSL-World","200","37d16121-4efc-4dd7-9d16-ec36d265e4a6","5027222","","Security Updates","0fa1201d-4330-4fa8-8ae9-b877473b6441","Windows","Software",""
"2023-07 Cumulative Update for .NET Framework 3.5, 4.7.2 and 4.8 for Windows 10 Version 1809 for x64 (KB5028936)","Windows 10 LTSB
Windows 10","d2085b71-5f1f-43a9-880d-ed159016d5c6
a3c2375d-0c8a-42f9-bce0-28333e198407","2023/07/11 17:00:00","KB5028936-DotNetCumulative-RS5-Client-x64-Retail","200","ca77ebd3-4406-4b77-a586-7ad01d49e31f","5028936","","Updates","cd5ffd1e-e932-4e3a-bf74-18bf0b1bbd83","Windows","Software",""
"2023-07 Dynamic Update for Windows 10 Version 1809 for x64-based Systems (KB5029029)","Windows 10 and later Dynamic Update
Windows Safe OS Dynamic Update","e4b04398-adbd-4b69-93b9-477322331cd3
dd1aa213-54e7-4173-8456-b278964a26b6","2023/07/11 17:00:06","KB5029029-Windows10Rs5Client-RTM-SafeOSDU-X64-TSL-World","200","5850e029-3a33-4639-8a03-1ad81dcb5b69","5029029","","Critical Updates","e6cf1350-c01b-414d-a61f-263d14d133b4","Windows","Software",""
"2023-07 Cumulative Update for Windows 10 Version 1809 for x64-based Systems (KB5028168)","Windows 10 LTSB","d2085b71-5f1f-43a9-880d-ed159016d5c6","2023/07/11 17:00:06","KB5028168-Windows10Rs5Client-RTM-UnifiedCumulativeSecurity-X64-TSL-World","200","52f969b6-8c74-4698-9f43-2f49dc38847a","5028168","","Security Updates","0fa1201d-4330-4fa8-8ae9-b877473b6441","Windows","Software",""
"2023-08 Cumulative Update for Windows 10 Version 1809 for x64-based Systems (KB5029247)","Windows 10 LTSB","d2085b71-5f1f-43a9-880d-ed159016d5c6","2023/08/08 17:00:06","KB5029247-Windows10Rs5Client-RTM-UnifiedCumulativeSecurity-X64-TSL-World","200","ef15354f-d57d-44b9-902a-15e444de97e4","5029247","","Security Updates","0fa1201d-4330-4fa8-8ae9-b877473b6441","Windows","Software",""
"2023-08 Cumulative Update for .NET Framework 3.5, 4.7.2 and 4.8 for Windows 10 Version 1809 for x64 (KB5029647)","Windows 10 LTSB
Windows 10","d2085b71-5f1f-43a9-880d-ed159016d5c6
a3c2375d-0c8a-42f9-bce0-28333e198407","2023/08/08 17:00:00","KB5029647-DotNetCumulative-RS5-Client-x64-Retail","200","c60bba66-aa01-49f8-ad25-cb3aecfa636d","5029647","","Security Updates","0fa1201d-4330-4fa8-8ae9-b877473b6441","Windows","Software",""
"2023-09 Cumulative Update for .NET Framework 3.5, 4.7.2 and 4.8 for Windows 10 Version 1809 for x64 (KB5030178)","Windows 10 LTSB
Windows 10","d2085b71-5f1f-43a9-880d-ed159016d5c6
a3c2375d-0c8a-42f9-bce0-28333e198407","2023/09/12 17:00:00","KB5030178-DotNetCumulative-RS5-Client-x64-Retail","200","8dae3bd6-b403-4ab3-8785-4cc308a40907","5030178","","Security Updates","0fa1201d-4330-4fa8-8ae9-b877473b6441","Windows","Software",""
"2023-09 Cumulative Update for Windows 10 Version 1809 for x64-based Systems (KB5030214)","Windows 10 LTSB","d2085b71-5f1f-43a9-880d-ed159016d5c6","2023/09/12 17:00:06","KB5030214-Windows10Rs5Client-RTM-UnifiedCumulativeSecurity-X64-TSL-World","200","aadcc955-8ec3-4405-a546-9e22423dc665","5030214","","Security Updates","0fa1201d-4330-4fa8-8ae9-b877473b6441","Windows","Software",""
"2023-10 Cumulative Update for Windows 10 Version 1809 for x64-based Systems (KB5031361)","Windows 10 LTSB","d2085b71-5f1f-43a9-880d-ed159016d5c6","2023/10/10 17:00:00","KB5031361-UnifiedCumulative-RS5-Client-x64-Retail","200","9c265a33-1b92-47b9-81f3-ea3d2d29d12c","5031361","","Security Updates","0fa1201d-4330-4fa8-8ae9-b877473b6441","Windows","Software",""
"2023-10 Dynamic Update for Windows 10 Version 1809 for x64-based Systems (KB5031472)","Windows 10 and later Dynamic Update
Windows Safe OS Dynamic Update","e4b04398-adbd-4b69-93b9-477322331cd3
dd1aa213-54e7-4173-8456-b278964a26b6","2023/10/10 17:00:00","KB5031472-SafeOSDU-RS5-Client-x64-Retail","200","a02b7a8c-32db-4868-b4b4-2a217456b490","5031472","","Critical Updates","e6cf1350-c01b-414d-a61f-263d14d133b4","Windows","Software",""
"2023-10 Cumulative Update for .NET Framework 3.5, 4.7.2 and 4.8 for Windows 10 Version 1809 for x64 (KB5031222)","Windows 10 LTSB
Windows 10","d2085b71-5f1f-43a9-880d-ed159016d5c6
a3c2375d-0c8a-42f9-bce0-28333e198407","2023/10/10 17:00:00","KB5031222-DotNetCumulative-RS5-Client-x64-Retail","200","d8ab8877-3aa4-44aa-ba95-73901218a8ca","5031222","","Updates","cd5ffd1e-e932-4e3a-bf74-18bf0b1bbd83","Windows","Software",""
"2023-11 Cumulative Update for Windows 10 Version 1809 for x64-based Systems (KB5032196)","Windows 10 LTSB","d2085b71-5f1f-43a9-880d-ed159016d5c6","2023/11/14 18:00:00","KB5032196-UnifiedCumulative-RS5-Client-x64-Retail","200","b64d7aba-30ad-456d-9fa7-940909554772","5032196","","Security Updates","0fa1201d-4330-4fa8-8ae9-b877473b6441","Windows","Software",""
"2023-11 Cumulative Update for .NET Framework 3.5, 4.7.2 and 4.8 for Windows 10 Version 1809 for x64 (KB5032337)","Windows 10 LTSB
Windows 10","d2085b71-5f1f-43a9-880d-ed159016d5c6
a3c2375d-0c8a-42f9-bce0-28333e198407","2023/11/14 18:00:00","KB5032337-DotNetCumulative-RS5-Client-x64-Retail","200","c834ec9c-eb06-4ba8-b05e-1f8c74b83bb3","5032337","","Security Updates","0fa1201d-4330-4fa8-8ae9-b877473b6441","Windows","Software",""
"2023-12 Cumulative Update for Windows 10 Version 1809 for x64-based Systems (KB5033371)","Windows 10 LTSB","d2085b71-5f1f-43a9-880d-ed159016d5c6","2023/12/12 18:00:00","KB5033371-UnifiedCumulative-RS5-Client-x64-Retail","200","781c4ffa-e189-4b69-bb3a-77ac63bdba8a","5033371","","Security Updates","0fa1201d-4330-4fa8-8ae9-b877473b6441","Windows","Software",""
"2024-01 Dynamic Update for Windows 10 Version 1809 for x64-based Systems (KB5034231)","Windows 10 and later Dynamic Update
Windows Safe OS Dynamic Update","e4b04398-adbd-4b69-93b9-477322331cd3
dd1aa213-54e7-4173-8456-b278964a26b6","2024/01/09 18:00:00","KB5034231-SafeOSDU-RS5-Client-x64-Retail","200","f856b553-3e62-42e1-a5c8-243110e701fc","5034231","","Critical Updates","e6cf1350-c01b-414d-a61f-263d14d133b4","Windows","Software",""
"2024-01 Cumulative Update for Windows 10 Version 1809 for x64-based Systems (KB5034127)","Windows 10 LTSB","d2085b71-5f1f-43a9-880d-ed159016d5c6","2024/01/09 18:00:00","KB5034127-UnifiedCumulative-RS5-Client-x64-Retail","200","56d2f45a-0e70-4c0f-b020-2dd6988913f2","5034127","","Security Updates","0fa1201d-4330-4fa8-8ae9-b877473b6441","Windows","Software",""
"2024-01 Cumulative Update for .NET Framework 3.5, 4.7.2 and 4.8 for Windows 10 Version 1809 for x64 (KB5034273)","Windows 10 LTSB
Windows 10","d2085b71-5f1f-43a9-880d-ed159016d5c6
a3c2375d-0c8a-42f9-bce0-28333e198407","2024/01/09 18:00:00","KB5034273-DotNetCumulative-RS5-Client-x64-Retail","200","d0aa2286-ef3f-4037-a45f-cf38ee1ef5f4","5034273","","Security Updates","0fa1201d-4330-4fa8-8ae9-b877473b6441","Windows","Software",""
"2024-02 Cumulative Update for Windows 10 Version 1809 for x64-based Systems (KB5034768)","Windows 10 LTSB","d2085b71-5f1f-43a9-880d-ed159016d5c6","2024/02/13 18:00:00","KB5034768-UnifiedCumulative-RS5-Client-x64-Retail","200","2f62dc04-ae40-46da-96c6-29dede3c3dfb","5034768","","Security Updates","0fa1201d-4330-4fa8-8ae9-b877473b6441","Windows","Software",""
"2024-02 Cumulative Update for .NET Framework 3.5, 4.7.2 and 4.8 for Windows 10 Version 1809 for x64 (KB5034683)","Windows 10 LTSB
Windows 10","d2085b71-5f1f-43a9-880d-ed159016d5c6
a3c2375d-0c8a-42f9-bce0-28333e198407","2024/02/13 18:00:00","KB5034683-DotNetCumulative-RS5-Client-x64-Retail","200","f400829d-6938-4593-8e81-ce2225a871d4","5034683","","Updates","cd5ffd1e-e932-4e3a-bf74-18bf0b1bbd83","Windows","Software",""
"2024-03 Cumulative Update for Windows 10 Version 1809 for x64-based Systems (KB5035849)","Windows 10 LTSB","d2085b71-5f1f-43a9-880d-ed159016d5c6","2024/03/12 17:00:00","KB5035849-UnifiedCumulative-RS5-Client-x64-Retail","200","68587b9c-90f0-4fd5-ab27-d159ed273beb","5035849","","Security Updates","0fa1201d-4330-4fa8-8ae9-b877473b6441","Windows","Software",""
"2024-04 Cumulative Update for Windows 10 Version 1809 for x64-based Systems (KB5036896)","Windows 10 LTSB","d2085b71-5f1f-43a9-880d-ed159016d5c6","2024/04/09 17:00:00","KB5036896-UnifiedCumulative-RS5-Client-x64-Retail","200","05cf9e78-c03e-43c6-b347-b4b7e744bea9","5036896","","Security Updates","0fa1201d-4330-4fa8-8ae9-b877473b6441","Windows","Software",""
"2024-04 Cumulative Update for .NET Framework 3.5, 4.7.2 and 4.8 for Windows 10 Version 1809 for x64 (KB5037034)","Windows 10 LTSB
Windows 10","d2085b71-5f1f-43a9-880d-ed159016d5c6
a3c2375d-0c8a-42f9-bce0-28333e198407","2024/04/09 17:00:00","KB5037034-DotNetCumulative-RS5-Client-x64-Retail","200","2e783c3b-09ea-4dda-8c7d-4e79dfc5f3d7","5037034","","Security Updates","0fa1201d-4330-4fa8-8ae9-b877473b6441","Windows","Software",""
"2018-11 Dynamic Cumulative Update for Windows 10 Version 1809 for x64-based Systems (KB4469342)","Windows 10 and later GDR-DU","abc45868-0c9c-4bc0-a36d-03d54113baf4","2018/12/05 22:00:05","KB4469342-Windows10Rs5Client-GDR-DU-RTM-X64-TSL-World","200","cd1bf845-e448-4a67-b92e-6c8b8f9b84ec","4469342","","Updates","cd5ffd1e-e932-4e3a-bf74-18bf0b1bbd83","Windows","Software",""
"2019-02 Dynamic Cumulative Update for Windows 10 Version 1809 for x64-based Systems (KB4482887)","Windows 10 and later GDR-DU","abc45868-0c9c-4bc0-a36d-03d54113baf4","2019/03/01 18:00:05","KB4482887-Windows10Rs5Client-GDR-DU-RTM-X64-TSL-World","200","2ac915d1-d232-4d52-ac2c-e6dad3302e58","4482887","","Updates","cd5ffd1e-e932-4e3a-bf74-18bf0b1bbd83","Windows","Software",""
"2019-01 Dynamic Cumulative Update for Windows 10 Version 1809 for x64-based Systems (KB4476976)","Windows 10 and later GDR-DU","abc45868-0c9c-4bc0-a36d-03d54113baf4","2019/01/22 22:00:05","KB4476976-Windows10Rs5Client-GDR-DU-RTM-X64-TSL-World","200","b43bb90b-7333-4396-a16a-f2705076942b","4476976","","Updates","cd5ffd1e-e932-4e3a-bf74-18bf0b1bbd83","Windows","Software",""
"2019-03 Dynamic Cumulative Update for Windows 10 Version 1809 for x64-based Systems (KB4490481)","Windows 10 and later GDR-DU","abc45868-0c9c-4bc0-a36d-03d54113baf4","2019/04/02 17:00:06","KB4490481-Windows10Rs5Client-GDR-DU-RTM-X64-TSL-World","200","2797dc41-8566-4969-a812-91e29d3e979b","4490481","","Updates","cd5ffd1e-e932-4e3a-bf74-18bf0b1bbd83","Windows","Software",""
"2019-04 Dynamic Cumulative Update for Windows 10 Version 1809 for x64-based Systems (KB4495667)","Windows 10 and later GDR-DU","abc45868-0c9c-4bc0-a36d-03d54113baf4","2019/05/03 17:00:06","KB4495667-Windows10Rs5Client-GDR-DU-RTM-X64-TSL-World","201","c2562b7c-e0c6-476d-9ec5-74ecd0eb9306","4495667","","Updates","cd5ffd1e-e932-4e3a-bf74-18bf0b1bbd83","Windows","Software",""
"2020-02 Dynamic Update for Windows 10 Version 1809 for x64-based Systems (KB4532690)","Windows 10 and later Dynamic Update","e4b04398-adbd-4b69-93b9-477322331cd3","2020/02/11 18:00:06","KB4532690-Windows10Rs5Client-RTM-SetupDU-X64-TSL-World","201","cac65cda-efd6-4f20-90d5-28b3f73a67ba","4532690","","Critical Updates","e6cf1350-c01b-414d-a61f-263d14d133b4","Windows","Software",""
"2019-10 Dynamic Update for Windows 10 Version 1809 for x64-based Systems (KB4519337)","Windows 10 and later Dynamic Update","e4b04398-adbd-4b69-93b9-477322331cd3","2019/10/08 17:00:06","KB4519337-Windows10Rs5Client-RTM-SetupDU-X64-TSL-World","200","65214c6b-f5bf-4bf7-b488-8f982bbf22d7","4519337","","Critical Updates","e6cf1350-c01b-414d-a61f-263d14d133b4","Windows","Software",""
"2019-11 Dynamic Update for Windows 10 Version 1809 for x64-based Systems (KB4524761)","Windows 10 and later Dynamic Update","e4b04398-adbd-4b69-93b9-477322331cd3","2019/11/12 18:00:06","KB4524761-Windows10Rs5Client-RTM-SetupDU-X64-TSL-World","200","49d1b4f0-31da-423b-b295-824baff8b8b8","4524761","","Critical Updates","e6cf1350-c01b-414d-a61f-263d14d133b4","Windows","Software",""
"2019-07 Dynamic Update for Windows 10 Version 1809 for x64-based Systems (KB4505657)","Windows 10 and later Dynamic Update","e4b04398-adbd-4b69-93b9-477322331cd3","2019/07/22 21:00:06","KB4505657-Windows10Rs5Client-RTM-SetupDU-X64-TSL-World","202","af763cdc-303a-4220-9cac-aa1d53fb292d","4505657","","Critical Updates","e6cf1350-c01b-414d-a61f-263d14d133b4","Windows","Software",""
"2019-08 Dynamic Update for Windows 10 Version 1809 for x64-based Systems (KB4511552)","Windows 10 and later Dynamic Update","e4b04398-adbd-4b69-93b9-477322331cd3","2019/08/13 17:00:06","KB4511552-Windows10Rs5Client-RTM-SetupDU-X64-TSL-World","200","55568944-cbd8-4734-9a6d-0595a13f3fa5","4511552","","Critical Updates","e6cf1350-c01b-414d-a61f-263d14d133b4","Windows","Software",""
"2020-03 Dynamic Update for Windows 10 Version 1809 for x64-based Systems (KB4538460)","Windows 10 and later Dynamic Update","e4b04398-adbd-4b69-93b9-477322331cd3","2020/03/10 17:00:06","KB4538460-Windows10Rs5Client-RTM-SetupDU-X64-TSL-World","200","afd8f533-e204-4462-98c9-3398edba22ba","4538460","","Critical Updates","e6cf1350-c01b-414d-a61f-263d14d133b4","Windows","Software",""
"2020-08 Dynamic Update for Windows 10 Version 1809 for x64-based Systems (KB4565348)","Windows 10 and later Dynamic Update","e4b04398-adbd-4b69-93b9-477322331cd3","2020/08/11 17:00:06","KB4565348-Windows10Rs5Client-RTM-SetupDU-X64-TSL-World","200","92d685e1-ce73-49ab-8ed9-83cce3879ec2","4565348","","Critical Updates","e6cf1350-c01b-414d-a61f-263d14d133b4","Windows","Software",""
"2020-11 Dynamic Update for Windows 10 Version 1809 for x64-based Systems (KB4586860)","Windows 10 and later Dynamic Update","e4b04398-adbd-4b69-93b9-477322331cd3","2020/11/10 18:00:06","KB4586860-Windows10Rs5Client-RTM-SetupDU-X64-TSL-World","200","23ac580a-e8e3-4b06-8c13-599506db339e","4586860","","Critical Updates","e6cf1350-c01b-414d-a61f-263d14d133b4","Windows","Software",""
"2020-10 Dynamic Update for Windows 10 Version 1809 for x64-based Systems (KB4582760)","Windows 10 and later Dynamic Update","e4b04398-adbd-4b69-93b9-477322331cd3","2020/10/13 17:00:06","KB4582760-Windows10Rs5Client-RTM-SetupDU-X64-TSL-World","200","1ca3af27-bb83-46b7-946f-4b8b29656f5a","4582760","","Critical Updates","e6cf1350-c01b-414d-a61f-263d14d133b4","Windows","Software",""
"2021-03 Dynamic Update for Windows 10 Version 1809 for x64-based Systems (KB5000864)","Windows 10 and later Dynamic Update","e4b04398-adbd-4b69-93b9-477322331cd3","2021/03/09 18:00:06","KB5000864-Windows10Rs5Client-RTM-SetupDU-X64-TSL-World","200","54c71a08-f927-40e1-8c37-8497347b6dbb","5000864","","Critical Updates","e6cf1350-c01b-414d-a61f-263d14d133b4","Windows","Software",""
"2021-02 Dynamic Update for Windows 10 Version 1809 for x64-based Systems (KB4601389)","Windows 10 and later Dynamic Update","e4b04398-adbd-4b69-93b9-477322331cd3","2021/02/09 18:00:06","KB4601389-Windows10Rs5Client-RTM-SetupDU-X64-TSL-World","200","a73cc632-0a99-4dab-b8b0-434d676b7c12","4601389","","Critical Updates","e6cf1350-c01b-414d-a61f-263d14d133b4","Windows","Software",""
"2021-05 Dynamic Update for Windows 10 Version 1809 for x64-based Systems (KB5003241)","Windows 10 and later Dynamic Update","e4b04398-adbd-4b69-93b9-477322331cd3","2021/05/11 17:00:06","KB5003241-Windows10Rs5Client-RTM-SetupDU-X64-TSL-World","200","567c33d1-34d1-4bc1-8767-c2deff06366a","5003241","","Critical Updates","e6cf1350-c01b-414d-a61f-263d14d133b4","Windows","Software",""
"2021-05 Dynamic Cumulative Update for Windows 10 Version 1809 for x64-based Systems (KB5003171)","Windows 10 and later GDR-DU","abc45868-0c9c-4bc0-a36d-03d54113baf4","2021/05/11 17:00:06","KB5003171-Windows10Rs5Client-GDR-DU-RTM-X64-TSL-World","202","0af6b9cc-c4b8-48d5-893e-e1d4f897d957","5003171","","Security Updates","0fa1201d-4330-4fa8-8ae9-b877473b6441","Windows","Software",""
"2021-06 Dynamic Update for Windows 10 Version 1809 for x64-based Systems (KB5003714)","Windows 10 and later Dynamic Update","e4b04398-adbd-4b69-93b9-477322331cd3","2021/06/08 17:00:06","KB5003714-Windows10Rs5Client-RTM-SetupDU-X64-TSL-World","200","b926db93-9ec7-4fff-b8cb-ac8e6e3b2fb7","5003714","","Critical Updates","e6cf1350-c01b-414d-a61f-263d14d133b4","Windows","Software",""
"2021-08 Dynamic Update for Windows 10 Version 1809 for x64-based Systems (KB5005545)","Windows 10 and later Dynamic Update","e4b04398-adbd-4b69-93b9-477322331cd3","2021/08/10 17:00:06","KB5005545-Windows10Rs5Client-RTM-SetupDU-X64-TSL-World","200","2329df9a-d7d8-496e-81ee-fc7a101d6844","5005545","","Critical Updates","e6cf1350-c01b-414d-a61f-263d14d133b4","Windows","Software",""
"2023-07 Dynamic Update for Windows 10 Version 1809 for x64-based Systems (KB5028310)","Windows 10 and later Dynamic Update","e4b04398-adbd-4b69-93b9-477322331cd3","2023/07/11 17:00:06","KB5028310-Windows10Rs5Client-RTM-SetupDU-X64-TSL-World","200","d4ddb451-4a76-4d0a-9a66-e719a6e0f646","5028310","","Critical Updates","e6cf1350-c01b-414d-a61f-263d14d133b4","Windows","Software",""
